[INFO] Scanning for projects...
[INFO] 
[INFO] ----------------------------< com.api:api >-----------------------------
[INFO] Building  0.0.1-SNAPSHOT
[INFO]   from pom.xml
[INFO] --------------------------------[ jar ]---------------------------------
[INFO] 
[INFO] >>> spring-boot:4.1.0:run (default-cli) > test-compile @ api >>>
[INFO] 
[INFO] --- resources:3.5.0:resources (default-resources) @ api ---
[INFO] Copying 1 resource from src\main\resources to target\classes
[INFO] Copying 0 resource from src\main\resources to target\classes
[INFO] 
[INFO] --- compiler:3.15.0:compile (default-compile) @ api ---
[INFO] Nothing to compile - all classes are up to date.
[INFO] 
[INFO] --- resources:3.5.0:testResources (default-testResources) @ api ---
[INFO] skip non existing resourceDirectory C:\Users\USer\team\CamFix\Backend\src\test\resources
[INFO] 
[INFO] --- compiler:3.15.0:testCompile (default-testCompile) @ api ---
[INFO] Nothing to compile - all classes are up to date.
[INFO] 
[INFO] <<< spring-boot:4.1.0:run (default-cli) < test-compile @ api <<<
[INFO] 
[INFO] 
[INFO] --- spring-boot:4.1.0:run (default-cli) @ api ---
[INFO] Attaching agents: []

  .   ____          _            __ _ _
 /\\ / ___'_ __ _ _(_)_ __  __ _ \ \ \ \
( ( )\___ | '_ | '_| | '_ \/ _` | \ \ \ \
 \\/  ___)| |_)| | | | | || (_| |  ) ) ) )
  '  |____| .__|_| |_|_| |_\__, | / / / /
 =========|_|==============|___/=/_/_/_/

 :: Spring Boot ::                (v4.1.0)

2026-09-12T10:11:01.927+07:00  INFO 24128 --- [api] [  restartedMain] com.api.ApiApplication                   : Starting ApiApplication using Java 24.0.1 with PID 24128 (C:\Users\USer\team\CamFix\Backend\target\classes started by USer in C:\Users\USer\team\CamFix\Backend)
2026-09-12T10:11:01.932+07:00  INFO 24128 --- [api] [  restartedMain] com.api.ApiApplication                   : No active profile set, falling back to 1 default profile: "default"
2026-09-12T10:11:02.033+07:00  INFO 24128 --- [api] [  restartedMain] .e.DevToolsPropertyDefaultsPostProcessor : Devtools property defaults active! Set 'spring.devtools.add-properties' to 'false' to disable
2026-09-12T10:11:02.033+07:00  INFO 24128 --- [api] [  restartedMain] .e.DevToolsPropertyDefaultsPostProcessor : For additional web related logging consider setting the 'logging.level.web' property to 'DEBUG'
2026-09-12T10:11:03.836+07:00  INFO 24128 --- [api] [  restartedMain] .s.d.r.c.RepositoryConfigurationDelegate : Bootstrapping Spring Data JPA repositories in DEFAULT mode.
2026-09-12T10:11:03.992+07:00  INFO 24128 --- [api] [  restartedMain] .s.d.r.c.RepositoryConfigurationDelegate : Finished Spring Data repository scanning in 140 ms. Found 14 JPA repository interfaces.
2026-09-12T10:11:05.002+07:00  INFO 24128 --- [api] [  restartedMain] o.s.boot.tomcat.TomcatWebServer          : Tomcat initialized with port 8081 (http)
2026-09-12T10:11:05.039+07:00  INFO 24128 --- [api] [  restartedMain] o.apache.catalina.core.StandardService   : Starting service [Tomcat]
2026-09-12T10:11:05.039+07:00  INFO 24128 --- [api] [  restartedMain] o.apache.catalina.core.StandardEngine    : Starting Servlet engine: [Apache Tomcat/11.0.22]
2026-09-12T10:11:05.140+07:00  INFO 24128 --- [api] [  restartedMain] b.w.c.s.WebApplicationContextInitializer : Root WebApplicationContext: initialization completed in 3105 ms
2026-09-12T10:11:05.440+07:00  INFO 24128 --- [api] [  restartedMain] org.hibernate.orm.jpa                    : HHH008540: Processing PersistenceUnitInfo [name: default]
2026-09-12T10:11:05.561+07:00  INFO 24128 --- [api] [  restartedMain] org.hibernate.orm.core                   : HHH000001: Hibernate ORM core version 7.4.1.Final
2026-09-12T10:11:06.322+07:00  INFO 24128 --- [api] [  restartedMain] o.s.o.j.p.SpringPersistenceUnitInfo      : No LoadTimeWeaver setup: ignoring JPA class transformer
2026-09-12T10:11:06.381+07:00  INFO 24128 --- [api] [  restartedMain] com.zaxxer.hikari.HikariDataSource       : HikariPool-1 - Starting...
2026-09-12T10:11:06.718+07:00  INFO 24128 --- [api] [  restartedMain] com.zaxxer.hikari.pool.HikariPool        : HikariPool-1 - Added connection com.mysql.cj.jdbc.ConnectionImpl@3ab62f8a
2026-09-12T10:11:06.721+07:00  INFO 24128 --- [api] [  restartedMain] com.zaxxer.hikari.HikariDataSource       : HikariPool-1 - Start completed.
2026-09-12T10:11:06.830+07:00  WARN 24128 --- [api] [  restartedMain] org.hibernate.orm.core                   : HHH000511: The 5.5.5 version for [org.hibernate.dialect.MySQLDialect] is no longer supported, hence certain features may not work properly.The minimum supported version is 8.0.0. Check the community dialects project for available legacy versions.
2026-09-12T10:11:06.867+07:00  INFO 24128 --- [api] [  restartedMain] org.hibernate.orm.connections.pooling    : HHH10001005: Database info:
	Database JDBC URL [jdbc:mysql://localhost:3306/CamFix?useSSL=false&allowPublicKeyRetrieval=true&serverTimezone=UTC]
	Database driver: MySQL Connector/J
	Database dialect: MySQLDialect
	Database version: 5.5.5
	Default catalog/schema: CamFix/undefined
	Autocommit mode: undefined/unknown
	Isolation level: REPEATABLE_READ [default REPEATABLE_READ]
	JDBC fetch size: none
	Pool: DataSourceConnectionProvider
	Minimum pool size: undefined/unknown
	Maximum pool size: undefined/unknown
2026-09-12T10:11:08.460+07:00  INFO 24128 --- [api] [  restartedMain] org.hibernate.orm.core                   : HHH000182: No default (no-argument) constructor for class [com.api.Entity.Reviews] (class must be instantiated by Interceptor)
2026-09-12T10:11:08.879+07:00  INFO 24128 --- [api] [  restartedMain] org.hibernate.orm.core                   : HHH000489: No JTA platform available (set 'hibernate.transaction.jta.platform' to enable JTA platform integration)
2026-09-12T10:11:09.654+07:00  INFO 24128 --- [api] [  restartedMain] j.LocalContainerEntityManagerFactoryBean : Initialized JPA EntityManagerFactory for persistence unit 'default'
2026-09-12T10:11:09.780+07:00  INFO 24128 --- [api] [  restartedMain] o.s.d.j.r.query.QueryEnhancerFactories   : Hibernate is in classpath; If applicable, HQL parser will be used.
2026-09-12T10:11:11.588+07:00  WARN 24128 --- [api] [  restartedMain] com.api.Config.SmsConfig                 : SMS: no provider configured - OTP messages will only be logged. Set app.sms.twilio.* (env TWILIO_*) or app.sms.textbelt.key (env TEXTBELT_KEY).
2026-09-12T10:11:11.622+07:00  WARN 24128 --- [api] [  restartedMain] com.api.Config.MailConfig                : Mail: no SMTP configured - OTP emails will only be logged. Set spring.mail.host / spring.mail.username / spring.mail.password (env MAIL_USERNAME / MAIL_PASSWORD for Gmail).
2026-09-12T10:11:12.274+07:00  WARN 24128 --- [api] [  restartedMain] .s.a.UserDetailsServiceAutoConfiguration : 

Using generated security password: a99e1cb2-ad07-415d-8e5f-02aca99e6289

This generated password is for development use only. Your security configuration must be updated before running your application in production.

2026-09-12T10:11:12.290+07:00  INFO 24128 --- [api] [  restartedMain] r$InitializeUserDetailsManagerConfigurer : Global AuthenticationManager configured with UserDetailsService bean with name inMemoryUserDetailsManager
2026-09-12T10:11:13.165+07:00  INFO 24128 --- [api] [  restartedMain] o.s.b.h.a.H2ConsoleAutoConfiguration     : H2 console available at '/h2-console'. Database available at 'jdbc:mysql://localhost:3306/CamFix?useSSL=false&allowPublicKeyRetrieval=true&serverTimezone=UTC'
2026-09-12T10:11:13.233+07:00  INFO 24128 --- [api] [  restartedMain] o.s.boot.tomcat.TomcatWebServer          : Tomcat started on port 8081 (http) with context path '/'
2026-09-12T10:11:13.242+07:00  INFO 24128 --- [api] [  restartedMain] com.api.ApiApplication                   : Started ApiApplication in 12.124 seconds (process running for 13.072)
2026-09-12T10:11:14.053+07:00  INFO 24128 --- [api] [nio-8081-exec-1] o.a.c.c.C.[Tomcat].[localhost].[/]       : Initializing Spring DispatcherServlet 'dispatcherServlet'
2026-09-12T10:11:14.053+07:00  INFO 24128 --- [api] [nio-8081-exec-1] o.s.web.servlet.DispatcherServlet        : Initializing Servlet 'dispatcherServlet'
2026-09-12T10:11:14.055+07:00  INFO 24128 --- [api] [nio-8081-exec-1] o.s.web.servlet.DispatcherServlet        : Completed initialization in 2 ms
Hibernate: 
    select
        c1_0.category_id,
        c1_0.categoryName,
        c1_0.description,
        c1_0.icon 
    from
        category c1_0
Hibernate: 
    select
        u1_0.Userid,
        u1_0.created_at,
        u1_0.DateofBirth,
        u1_0.Email,
        u1_0.Full_name,
        u1_0.Last_name,
        u1_0.Password_hash,
        u1_0.Phone_number,
        u1_0.Profile_image,
        u1_0.ROLE,
        u1_0.STATUS,
        u1_0.updated_at 
    from
        users u1_0 
    where
        u1_0.Email=?
Hibernate: 
    select
        j1_0.id,
        j1_0.address,
        j1_0.assigned_at,
        j1_0.booking_type,
        j1_0.category,
        j1_0.completed_at,
        j1_0.created_at,
        j1_0.customer_name,
        j1_0.customer_phone,
        j1_0.customer_user_id,
        j1_0.description,
        j1_0.lat,
        j1_0.lng,
        j1_0.notes,
        j1_0.scheduled_at,
        j1_0.starting_price,
        j1_0.status,
        j1_0.technician_id 
    from
        job j1_0
Hibernate: 
    select
        t1_0.technician_id,
        t1_0.approval_status,
        t1_0.approved_at,
        t1_0.availability_status,
        t1_0.average_rating,
        t1_0.business_name,
        t1_0.category_id,
        t1_0.created_at,
        t1_0.description,
        t1_0.experience_year,
        t1_0.opening_hours,
        t1_0.photo,
        t1_0.photo_content_type,
        t1_0.rating_count,
        t1_0.rejection_reason,
        t1_0.service_area,
        t1_0.updated_at,
        t1_0.user_id,
        t1_0.verified 
    from
        technician t1_0 
    where
        t1_0.technician_id=?
Hibernate: 
    select
        u1_0.Userid,
        u1_0.created_at,
        u1_0.DateofBirth,
        u1_0.Email,
        u1_0.Full_name,
        u1_0.Last_name,
        u1_0.Password_hash,
        u1_0.Phone_number,
        u1_0.Profile_image,
        u1_0.ROLE,
        u1_0.STATUS,
        u1_0.updated_at 
    from
        users u1_0 
    where
        u1_0.Userid=?
Hibernate: 
    select
        tll1_0.id,
        tll1_0.accuracy,
        tll1_0.created_at,
        tll1_0.last_update,
        tll1_0.latitude,
        tll1_0.longitude,
        tll1_0.technician_id 
    from
        technician_live_locations tll1_0 
    where
        tll1_0.technician_id=?
Hibernate: 
    select
        tll1_0.id,
        tll1_0.accuracy,
        tll1_0.created_at,
        tll1_0.last_update,
        tll1_0.latitude,
        tll1_0.longitude,
        tll1_0.technician_id 
    from
        technician_live_locations tll1_0 
    where
        tll1_0.technician_id=?
Hibernate: 
    select
        t1_0.technician_id,
        t1_0.approval_status,
        t1_0.approved_at,
        t1_0.availability_status,
        t1_0.average_rating,
        t1_0.business_name,
        t1_0.category_id,
        t1_0.created_at,
        t1_0.description,
        t1_0.experience_year,
        t1_0.opening_hours,
        t1_0.photo,
        t1_0.photo_content_type,
        t1_0.rating_count,
        t1_0.rejection_reason,
        t1_0.service_area,
        t1_0.updated_at,
        t1_0.user_id,
        t1_0.verified 
    from
        technician t1_0 
    where
        t1_0.technician_id=?
Hibernate: 
    select
        u1_0.Userid,
        u1_0.created_at,
        u1_0.DateofBirth,
        u1_0.Email,
        u1_0.Full_name,
        u1_0.Last_name,
        u1_0.Password_hash,
        u1_0.Phone_number,
        u1_0.Profile_image,
        u1_0.ROLE,
        u1_0.STATUS,
        u1_0.updated_at 
    from
        users u1_0 
    where
        u1_0.Userid=?
Hibernate: 
    select
        tll1_0.id,
        tll1_0.accuracy,
        tll1_0.created_at,
        tll1_0.last_update,
        tll1_0.latitude,
        tll1_0.longitude,
        tll1_0.technician_id 
    from
        technician_live_locations tll1_0 
    where
        tll1_0.technician_id=?
Hibernate: 
    select
        t1_0.technician_id,
        t1_0.approval_status,
        t1_0.approved_at,
        t1_0.availability_status,
        t1_0.average_rating,
        t1_0.business_name,
        t1_0.category_id,
        t1_0.created_at,
        t1_0.description,
        t1_0.experience_year,
        t1_0.opening_hours,
        t1_0.photo,
        t1_0.photo_content_type,
        t1_0.rating_count,
        t1_0.rejection_reason,
        t1_0.service_area,
        t1_0.updated_at,
        t1_0.user_id,
        t1_0.verified 
    from
        technician t1_0 
    where
        t1_0.technician_id=?
Hibernate: 
    select
        u1_0.Userid,
        u1_0.created_at,
        u1_0.DateofBirth,
        u1_0.Email,
        u1_0.Full_name,
        u1_0.Last_name,
        u1_0.Password_hash,
        u1_0.Phone_number,
        u1_0.Profile_image,
        u1_0.ROLE,
        u1_0.STATUS,
        u1_0.updated_at 
    from
        users u1_0 
    where
        u1_0.Userid=?
Hibernate: 
    select
        tll1_0.id,
        tll1_0.accuracy,
        tll1_0.created_at,
        tll1_0.last_update,
        tll1_0.latitude,
        tll1_0.longitude,
        tll1_0.technician_id 
    from
        technician_live_locations tll1_0 
    where
        tll1_0.technician_id=?
Hibernate: 
    select
        t1_0.technician_id,
        t1_0.approval_status,
        t1_0.approved_at,
        t1_0.availability_status,
        t1_0.average_rating,
        t1_0.business_name,
        t1_0.category_id,
        t1_0.created_at,
        t1_0.description,
        t1_0.experience_year,
        t1_0.opening_hours,
        t1_0.photo,
        t1_0.photo_content_type,
        t1_0.rating_count,
        t1_0.rejection_reason,
        t1_0.service_area,
        t1_0.updated_at,
        t1_0.user_id,
        t1_0.verified 
    from
        technician t1_0 
    where
        t1_0.technician_id=?
Hibernate: 
    select
        u1_0.Userid,
        u1_0.created_at,
        u1_0.DateofBirth,
        u1_0.Email,
        u1_0.Full_name,
        u1_0.Last_name,
        u1_0.Password_hash,
        u1_0.Phone_number,
        u1_0.Profile_image,
        u1_0.ROLE,
        u1_0.STATUS,
        u1_0.updated_at 
    from
        users u1_0 
    where
        u1_0.Userid=?
Hibernate: 
    select
        tll1_0.id,
        tll1_0.accuracy,
        tll1_0.created_at,
        tll1_0.last_update,
        tll1_0.latitude,
        tll1_0.longitude,
        tll1_0.technician_id 
    from
        technician_live_locations tll1_0 
    where
        tll1_0.technician_id=?
Hibernate: 
    select
        tll1_0.id,
        tll1_0.accuracy,
        tll1_0.created_at,
        tll1_0.last_update,
        tll1_0.latitude,
        tll1_0.longitude,
        tll1_0.technician_id 
    from
        technician_live_locations tll1_0 
    where
        tll1_0.technician_id=?
Hibernate: 
    select
        tll1_0.id,
        tll1_0.accuracy,
        tll1_0.created_at,
        tll1_0.last_update,
        tll1_0.latitude,
        tll1_0.longitude,
        tll1_0.technician_id 
    from
        technician_live_locations tll1_0 
    where
        tll1_0.technician_id=?
Hibernate: 
    select
        t1_0.technician_id,
        t1_0.approval_status,
        t1_0.approved_at,
        t1_0.availability_status,
        t1_0.average_rating,
        t1_0.business_name,
        t1_0.category_id,
        t1_0.created_at,
        t1_0.description,
        t1_0.experience_year,
        t1_0.opening_hours,
        t1_0.photo,
        t1_0.photo_content_type,
        t1_0.rating_count,
        t1_0.rejection_reason,
        t1_0.service_area,
        t1_0.updated_at,
        t1_0.user_id,
        t1_0.verified 
    from
        technician t1_0 
    where
        t1_0.technician_id=?
Hibernate: 
    select
        u1_0.Userid,
        u1_0.created_at,
        u1_0.DateofBirth,
        u1_0.Email,
        u1_0.Full_name,
        u1_0.Last_name,
        u1_0.Password_hash,
        u1_0.Phone_number,
        u1_0.Profile_image,
        u1_0.ROLE,
        u1_0.STATUS,
        u1_0.updated_at 
    from
        users u1_0 
    where
        u1_0.Userid=?
Hibernate: 
    select
        tll1_0.id,
        tll1_0.accuracy,
        tll1_0.created_at,
        tll1_0.last_update,
        tll1_0.latitude,
        tll1_0.longitude,
        tll1_0.technician_id 
    from
        technician_live_locations tll1_0 
    where
        tll1_0.technician_id=?
Hibernate: 
    select
        t1_0.technician_id,
        t1_0.approval_status,
        t1_0.approved_at,
        t1_0.availability_status,
        t1_0.average_rating,
        t1_0.business_name,
        t1_0.category_id,
        t1_0.created_at,
        t1_0.description,
        t1_0.experience_year,
        t1_0.opening_hours,
        t1_0.photo,
        t1_0.photo_content_type,
        t1_0.rating_count,
        t1_0.rejection_reason,
        t1_0.service_area,
        t1_0.updated_at,
        t1_0.user_id,
        t1_0.verified 
    from
        technician t1_0 
    where
        t1_0.technician_id=?
Hibernate: 
    select
        u1_0.Userid,
        u1_0.created_at,
        u1_0.DateofBirth,
        u1_0.Email,
        u1_0.Full_name,
        u1_0.Last_name,
        u1_0.Password_hash,
        u1_0.Phone_number,
        u1_0.Profile_image,
        u1_0.ROLE,
        u1_0.STATUS,
        u1_0.updated_at 
    from
        users u1_0 
    where
        u1_0.Userid=?
Hibernate: 
    select
        tll1_0.id,
        tll1_0.accuracy,
        tll1_0.created_at,
        tll1_0.last_update,
        tll1_0.latitude,
        tll1_0.longitude,
        tll1_0.technician_id 
    from
        technician_live_locations tll1_0 
    where
        tll1_0.technician_id=?
Hibernate: 
    select
        t1_0.technician_id,
        t1_0.approval_status,
        t1_0.approved_at,
        t1_0.availability_status,
        t1_0.average_rating,
        t1_0.business_name,
        t1_0.category_id,
        t1_0.created_at,
        t1_0.description,
        t1_0.experience_year,
        t1_0.opening_hours,
        t1_0.photo,
        t1_0.photo_content_type,
        t1_0.rating_count,
        t1_0.rejection_reason,
        t1_0.service_area,
        t1_0.updated_at,
        t1_0.user_id,
        t1_0.verified 
    from
        technician t1_0 
    where
        t1_0.technician_id=?
Hibernate: 
    select
        u1_0.Userid,
        u1_0.created_at,
        u1_0.DateofBirth,
        u1_0.Email,
        u1_0.Full_name,
        u1_0.Last_name,
        u1_0.Password_hash,
        u1_0.Phone_number,
        u1_0.Profile_image,
        u1_0.ROLE,
        u1_0.STATUS,
        u1_0.updated_at 
    from
        users u1_0 
    where
        u1_0.Userid=?
Hibernate: 
    select
        tll1_0.id,
        tll1_0.accuracy,
        tll1_0.created_at,
        tll1_0.last_update,
        tll1_0.latitude,
        tll1_0.longitude,
        tll1_0.technician_id 
    from
        technician_live_locations tll1_0 
    where
        tll1_0.technician_id=?
Hibernate: 
    select
        u1_0.Userid,
        u1_0.created_at,
        u1_0.DateofBirth,
        u1_0.Email,
        u1_0.Full_name,
        u1_0.Last_name,
        u1_0.Password_hash,
        u1_0.Phone_number,
        u1_0.Profile_image,
        u1_0.ROLE,
        u1_0.STATUS,
        u1_0.updated_at 
    from
        users u1_0 
    where
        u1_0.Email=?
Hibernate: 
    select
        n1_0.notification_id,
        n1_0.created_at,
        n1_0.is_read,
        n1_0.job_id,
        n1_0.message,
        n1_0.message_km,
        n1_0.title,
        n1_0.title_km,
        n1_0.type,
        n1_0.user_id 
    from
        notification n1_0 
    where
        n1_0.user_id=? 
    order by
        n1_0.created_at desc
Hibernate: 
    select
        u1_0.Userid,
        u1_0.created_at,
        u1_0.DateofBirth,
        u1_0.Email,
        u1_0.Full_name,
        u1_0.Last_name,
        u1_0.Password_hash,
        u1_0.Phone_number,
        u1_0.Profile_image,
        u1_0.ROLE,
        u1_0.STATUS,
        u1_0.updated_at 
    from
        users u1_0 
    where
        u1_0.Email=?
Hibernate: 
    select
        u1_0.Userid,
        u1_0.created_at,
        u1_0.DateofBirth,
        u1_0.Email,
        u1_0.Full_name,
        u1_0.Last_name,
        u1_0.Password_hash,
        u1_0.Phone_number,
        u1_0.Profile_image,
        u1_0.ROLE,
        u1_0.STATUS,
        u1_0.updated_at 
    from
        users u1_0 
    where
        u1_0.Email=?
Hibernate: 
    select
        u1_0.Userid,
        u1_0.created_at,
        u1_0.DateofBirth,
        u1_0.Email,
        u1_0.Full_name,
        u1_0.Last_name,
        u1_0.Password_hash,
        u1_0.Phone_number,
        u1_0.Profile_image,
        u1_0.ROLE,
        u1_0.STATUS,
        u1_0.updated_at 
    from
        users u1_0 
    where
        u1_0.Email=?
Hibernate: 
    select
        f1_0.FavoriteID,
        f1_0.Created_At,
        f1_0.TechnicianID,
        t1_0.technician_id,
        t1_0.approval_status,
        t1_0.approved_at,
        t1_0.availability_status,
        t1_0.average_rating,
        t1_0.business_name,
        t1_0.category_id,
        t1_0.created_at,
        t1_0.description,
        t1_0.experience_year,
        t1_0.opening_hours,
        t1_0.photo,
        t1_0.photo_content_type,
        t1_0.rating_count,
        t1_0.rejection_reason,
        t1_0.service_area,
        t1_0.updated_at,
        t1_0.user_id,
        t1_0.verified,
        f1_0.UserID 
    from
        favorites f1_0 
    join
        technician t1_0 
            on t1_0.technician_id=f1_0.TechnicianID 
    where
        f1_0.UserID=?
Hibernate: 
    select
        u1_0.Userid,
        u1_0.created_at,
        u1_0.DateofBirth,
        u1_0.Email,
        u1_0.Full_name,
        u1_0.Last_name,
        u1_0.Password_hash,
        u1_0.Phone_number,
        u1_0.Profile_image,
        u1_0.ROLE,
        u1_0.STATUS,
        u1_0.updated_at 
    from
        users u1_0 
    where
        u1_0.Email=?
Hibernate: 
    select
        t1_0.technician_id,
        t1_0.approval_status,
        t1_0.approved_at,
        t1_0.availability_status,
        t1_0.average_rating,
        t1_0.business_name,
        t1_0.category_id,
        t1_0.created_at,
        t1_0.description,
        t1_0.experience_year,
        t1_0.opening_hours,
        t1_0.photo,
        t1_0.photo_content_type,
        t1_0.rating_count,
        t1_0.rejection_reason,
        t1_0.service_area,
        t1_0.updated_at,
        t1_0.user_id,
        t1_0.verified 
    from
        technician t1_0 
    where
        t1_0.technician_id=?
Hibernate: 
    select
        f1_0.FavoriteID 
    from
        favorites f1_0 
    where
        f1_0.UserID=? 
        and f1_0.TechnicianID=? 
    limit
        ?
Hibernate: 
    insert 
    into
        favorites
        (Created_At, TechnicianID, UserID) 
    values
        (?, ?, ?)
Hibernate: 
    select
        u1_0.Userid,
        u1_0.created_at,
        u1_0.DateofBirth,
        u1_0.Email,
        u1_0.Full_name,
        u1_0.Last_name,
        u1_0.Password_hash,
        u1_0.Phone_number,
        u1_0.Profile_image,
        u1_0.ROLE,
        u1_0.STATUS,
        u1_0.updated_at 
    from
        users u1_0 
    where
        u1_0.Userid=?
Hibernate: 
    select
        c1_0.category_id,
        c1_0.categoryName,
        c1_0.description,
        c1_0.icon 
    from
        category c1_0 
    where
        c1_0.category_id=?
Hibernate: 
    select
        u1_0.Userid,
        u1_0.created_at,
        u1_0.DateofBirth,
        u1_0.Email,
        u1_0.Full_name,
        u1_0.Last_name,
        u1_0.Password_hash,
        u1_0.Phone_number,
        u1_0.Profile_image,
        u1_0.ROLE,
        u1_0.STATUS,
        u1_0.updated_at 
    from
        users u1_0 
    where
        u1_0.Email=?
Hibernate: 
    select
        f1_0.FavoriteID,
        f1_0.Created_At,
        f1_0.TechnicianID,
        t1_0.technician_id,
        t1_0.approval_status,
        t1_0.approved_at,
        t1_0.availability_status,
        t1_0.average_rating,
        t1_0.business_name,
        t1_0.category_id,
        t1_0.created_at,
        t1_0.description,
        t1_0.experience_year,
        t1_0.opening_hours,
        t1_0.photo,
        t1_0.photo_content_type,
        t1_0.rating_count,
        t1_0.rejection_reason,
        t1_0.service_area,
        t1_0.updated_at,
        t1_0.user_id,
        t1_0.verified,
        f1_0.UserID 
    from
        favorites f1_0 
    join
        technician t1_0 
            on t1_0.technician_id=f1_0.TechnicianID 
    where
        f1_0.UserID=?
Hibernate: 
    select
        u1_0.Userid,
        u1_0.created_at,
        u1_0.DateofBirth,
        u1_0.Email,
        u1_0.Full_name,
        u1_0.Last_name,
        u1_0.Password_hash,
        u1_0.Phone_number,
        u1_0.Profile_image,
        u1_0.ROLE,
        u1_0.STATUS,
        u1_0.updated_at 
    from
        users u1_0 
    where
        u1_0.Userid=?
Hibernate: 
    select
        c1_0.category_id,
        c1_0.categoryName,
        c1_0.description,
        c1_0.icon 
    from
        category c1_0 
    where
        c1_0.category_id=?
Hibernate: 
    select
        u1_0.Userid,
        u1_0.created_at,
        u1_0.DateofBirth,
        u1_0.Email,
        u1_0.Full_name,
        u1_0.Last_name,
        u1_0.Password_hash,
        u1_0.Phone_number,
        u1_0.Profile_image,
        u1_0.ROLE,
        u1_0.STATUS,
        u1_0.updated_at 
    from
        users u1_0 
    where
        u1_0.Email=?
Hibernate: 
    select
        f1_0.FavoriteID 
    from
        favorites f1_0 
    where
        f1_0.UserID=? 
        and f1_0.TechnicianID=? 
    limit
        ?
Hibernate: 
    select
        u1_0.Userid,
        u1_0.created_at,
        u1_0.DateofBirth,
        u1_0.Email,
        u1_0.Full_name,
        u1_0.Last_name,
        u1_0.Password_hash,
        u1_0.Phone_number,
        u1_0.Profile_image,
        u1_0.ROLE,
        u1_0.STATUS,
        u1_0.updated_at 
    from
        users u1_0 
    where
        u1_0.Email=?
Hibernate: 
    select
        t1_0.technician_id,
        t1_0.approval_status,
        t1_0.approved_at,
        t1_0.availability_status,
        t1_0.average_rating,
        t1_0.business_name,
        t1_0.category_id,
        t1_0.created_at,
        t1_0.description,
        t1_0.experience_year,
        t1_0.opening_hours,
        t1_0.photo,
        t1_0.photo_content_type,
        t1_0.rating_count,
        t1_0.rejection_reason,
        t1_0.service_area,
        t1_0.updated_at,
        t1_0.user_id,
        t1_0.verified 
    from
        technician t1_0 
    where
        t1_0.technician_id=?
Hibernate: 
    select
        f1_0.FavoriteID 
    from
        favorites f1_0 
    where
        f1_0.UserID=? 
        and f1_0.TechnicianID=? 
    limit
        ?
2026-09-12T10:11:32.912+07:00  WARN 24128 --- [api] [nio-8081-exec-9] .m.m.a.ExceptionHandlerExceptionResolver : Resolved [java.lang.IllegalArgumentException: Technician already in favorites]
Hibernate: 
    select
        u1_0.Userid,
        u1_0.created_at,
        u1_0.DateofBirth,
        u1_0.Email,
        u1_0.Full_name,
        u1_0.Last_name,
        u1_0.Password_hash,
        u1_0.Phone_number,
        u1_0.Profile_image,
        u1_0.ROLE,
        u1_0.STATUS,
        u1_0.updated_at 
    from
        users u1_0 
    where
        u1_0.Email=?
Hibernate: 
    select
        f1_0.FavoriteID,
        f1_0.Created_At,
        f1_0.TechnicianID,
        f1_0.UserID 
    from
        favorites f1_0 
    where
        f1_0.UserID=? 
        and f1_0.TechnicianID=?
Hibernate: 
    delete 
    from
        favorites 
    where
        FavoriteID=?
Hibernate: 
    select
        u1_0.Userid,
        u1_0.created_at,
        u1_0.DateofBirth,
        u1_0.Email,
        u1_0.Full_name,
        u1_0.Last_name,
        u1_0.Password_hash,
        u1_0.Phone_number,
        u1_0.Profile_image,
        u1_0.ROLE,
        u1_0.STATUS,
        u1_0.updated_at 
    from
        users u1_0 
    where
        u1_0.Email=?
Hibernate: 
    select
        f1_0.FavoriteID 
    from
        favorites f1_0 
    where
        f1_0.UserID=? 
        and f1_0.TechnicianID=? 
    limit
        ?
Hibernate: 
    select
        u1_0.Userid,
        u1_0.created_at,
        u1_0.DateofBirth,
        u1_0.Email,
        u1_0.Full_name,
        u1_0.Last_name,
        u1_0.Password_hash,
        u1_0.Phone_number,
        u1_0.Profile_image,
        u1_0.ROLE,
        u1_0.STATUS,
        u1_0.updated_at 
    from
        users u1_0 
    where
        u1_0.Email=?
Hibernate: 
    select
        t1_0.technician_id,
        t1_0.approval_status,
        t1_0.approved_at,
        t1_0.availability_status,
        t1_0.average_rating,
        t1_0.business_name,
        t1_0.category_id,
        t1_0.created_at,
        t1_0.description,
        t1_0.experience_year,
        t1_0.opening_hours,
        t1_0.photo,
        t1_0.photo_content_type,
        t1_0.rating_count,
        t1_0.rejection_reason,
        t1_0.service_area,
        t1_0.updated_at,
        t1_0.user_id,
        t1_0.verified 
    from
        technician t1_0 
    where
        t1_0.technician_id=?
Hibernate: 
    insert 
    into
        call_history
        (call_status, created_at, duration_seconds, ended_at, started_at, technician_id, user_id) 
    values
        (?, ?, ?, ?, ?, ?, ?)
Hibernate: 
    select
        u1_0.Userid,
        u1_0.created_at,
        u1_0.DateofBirth,
        u1_0.Email,
        u1_0.Full_name,
        u1_0.Last_name,
        u1_0.Password_hash,
        u1_0.Phone_number,
        u1_0.Profile_image,
        u1_0.ROLE,
        u1_0.STATUS,
        u1_0.updated_at 
    from
        users u1_0 
    where
        u1_0.Userid=?
Hibernate: 
    select
        u1_0.Userid,
        u1_0.created_at,
        u1_0.DateofBirth,
        u1_0.Email,
        u1_0.Full_name,
        u1_0.Last_name,
        u1_0.Password_hash,
        u1_0.Phone_number,
        u1_0.Profile_image,
        u1_0.ROLE,
        u1_0.STATUS,
        u1_0.updated_at 
    from
        users u1_0 
    where
        u1_0.Email=?
Hibernate: 
    select
        n1_0.notification_id,
        n1_0.created_at,
        n1_0.is_read,
        n1_0.job_id,
        n1_0.message,
        n1_0.message_km,
        n1_0.title,
        n1_0.title_km,
        n1_0.type,
        n1_0.user_id 
    from
        notification n1_0 
    where
        n1_0.user_id=? 
    order by
        n1_0.created_at desc
Hibernate: 
    select
        u1_0.Userid,
        u1_0.created_at,
        u1_0.DateofBirth,
        u1_0.Email,
        u1_0.Full_name,
        u1_0.Last_name,
        u1_0.Password_hash,
        u1_0.Phone_number,
        u1_0.Profile_image,
        u1_0.ROLE,
        u1_0.STATUS,
        u1_0.updated_at 
    from
        users u1_0 
    where
        u1_0.Email=?
Hibernate: 
    select
        j1_0.id,
        j1_0.address,
        j1_0.assigned_at,
        j1_0.booking_type,
        j1_0.category,
        j1_0.completed_at,
        j1_0.created_at,
        j1_0.customer_name,
        j1_0.customer_phone,
        j1_0.customer_user_id,
        j1_0.description,
        j1_0.lat,
        j1_0.lng,
        j1_0.notes,
        j1_0.scheduled_at,
        j1_0.starting_price,
        j1_0.status,
        j1_0.technician_id 
    from
        job j1_0
Hibernate: 
    select
        t1_0.technician_id,
        t1_0.approval_status,
        t1_0.approved_at,
        t1_0.availability_status,
        t1_0.average_rating,
        t1_0.business_name,
        t1_0.category_id,
        t1_0.created_at,
        t1_0.description,
        t1_0.experience_year,
        t1_0.opening_hours,
        t1_0.photo,
        t1_0.photo_content_type,
        t1_0.rating_count,
        t1_0.rejection_reason,
        t1_0.service_area,
        t1_0.updated_at,
        t1_0.user_id,
        t1_0.verified 
    from
        technician t1_0 
    where
        t1_0.technician_id=?
Hibernate: 
    select
        u1_0.Userid,
        u1_0.created_at,
        u1_0.DateofBirth,
        u1_0.Email,
        u1_0.Full_name,
        u1_0.Last_name,
        u1_0.Password_hash,
        u1_0.Phone_number,
        u1_0.Profile_image,
        u1_0.ROLE,
        u1_0.STATUS,
        u1_0.updated_at 
    from
        users u1_0 
    where
        u1_0.Userid=?
Hibernate: 
    select
        tll1_0.id,
        tll1_0.accuracy,
        tll1_0.created_at,
        tll1_0.last_update,
        tll1_0.latitude,
        tll1_0.longitude,
        tll1_0.technician_id 
    from
        technician_live_locations tll1_0 
    where
        tll1_0.technician_id=?
Hibernate: 
    select
        tll1_0.id,
        tll1_0.accuracy,
        tll1_0.created_at,
        tll1_0.last_update,
        tll1_0.latitude,
        tll1_0.longitude,
        tll1_0.technician_id 
    from
        technician_live_locations tll1_0 
    where
        tll1_0.technician_id=?
Hibernate: 
    select
        t1_0.technician_id,
        t1_0.approval_status,
        t1_0.approved_at,
        t1_0.availability_status,
        t1_0.average_rating,
        t1_0.business_name,
        t1_0.category_id,
        t1_0.created_at,
        t1_0.description,
        t1_0.experience_year,
        t1_0.opening_hours,
        t1_0.photo,
        t1_0.photo_content_type,
        t1_0.rating_count,
        t1_0.rejection_reason,
        t1_0.service_area,
        t1_0.updated_at,
        t1_0.user_id,
        t1_0.verified 
    from
        technician t1_0 
    where
        t1_0.technician_id=?
Hibernate: 
    select
        u1_0.Userid,
        u1_0.created_at,
        u1_0.DateofBirth,
        u1_0.Email,
        u1_0.Full_name,
        u1_0.Last_name,
        u1_0.Password_hash,
        u1_0.Phone_number,
        u1_0.Profile_image,
        u1_0.ROLE,
        u1_0.STATUS,
        u1_0.updated_at 
    from
        users u1_0 
    where
        u1_0.Userid=?
Hibernate: 
    select
        tll1_0.id,
        tll1_0.accuracy,
        tll1_0.created_at,
        tll1_0.last_update,
        tll1_0.latitude,
        tll1_0.longitude,
        tll1_0.technician_id 
    from
        technician_live_locations tll1_0 
    where
        tll1_0.technician_id=?
Hibernate: 
    select
        t1_0.technician_id,
        t1_0.approval_status,
        t1_0.approved_at,
        t1_0.availability_status,
        t1_0.average_rating,
        t1_0.business_name,
        t1_0.category_id,
        t1_0.created_at,
        t1_0.description,
        t1_0.experience_year,
        t1_0.opening_hours,
        t1_0.photo,
        t1_0.photo_content_type,
        t1_0.rating_count,
        t1_0.rejection_reason,
        t1_0.service_area,
        t1_0.updated_at,
        t1_0.user_id,
        t1_0.verified 
    from
        technician t1_0 
    where
        t1_0.technician_id=?
Hibernate: 
    select
        u1_0.Userid,
        u1_0.created_at,
        u1_0.DateofBirth,
        u1_0.Email,
        u1_0.Full_name,
        u1_0.Last_name,
        u1_0.Password_hash,
        u1_0.Phone_number,
        u1_0.Profile_image,
        u1_0.ROLE,
        u1_0.STATUS,
        u1_0.updated_at 
    from
        users u1_0 
    where
        u1_0.Userid=?
Hibernate: 
    select
        tll1_0.id,
        tll1_0.accuracy,
        tll1_0.created_at,
        tll1_0.last_update,
        tll1_0.latitude,
        tll1_0.longitude,
        tll1_0.technician_id 
    from
        technician_live_locations tll1_0 
    where
        tll1_0.technician_id=?
Hibernate: 
    select
        t1_0.technician_id,
        t1_0.approval_status,
        t1_0.approved_at,
        t1_0.availability_status,
        t1_0.average_rating,
        t1_0.business_name,
        t1_0.category_id,
        t1_0.created_at,
        t1_0.description,
        t1_0.experience_year,
        t1_0.opening_hours,
        t1_0.photo,
        t1_0.photo_content_type,
        t1_0.rating_count,
        t1_0.rejection_reason,
        t1_0.service_area,
        t1_0.updated_at,
        t1_0.user_id,
        t1_0.verified 
    from
        technician t1_0 
    where
        t1_0.technician_id=?
Hibernate: 
    select
        u1_0.Userid,
        u1_0.created_at,
        u1_0.DateofBirth,
        u1_0.Email,
        u1_0.Full_name,
        u1_0.Last_name,
        u1_0.Password_hash,
        u1_0.Phone_number,
        u1_0.Profile_image,
        u1_0.ROLE,
        u1_0.STATUS,
        u1_0.updated_at 
    from
        users u1_0 
    where
        u1_0.Userid=?
Hibernate: 
    select
        tll1_0.id,
        tll1_0.accuracy,
        tll1_0.created_at,
        tll1_0.last_update,
        tll1_0.latitude,
        tll1_0.longitude,
        tll1_0.technician_id 
    from
        technician_live_locations tll1_0 
    where
        tll1_0.technician_id=?
Hibernate: 
    select
        tll1_0.id,
        tll1_0.accuracy,
        tll1_0.created_at,
        tll1_0.last_update,
        tll1_0.latitude,
        tll1_0.longitude,
        tll1_0.technician_id 
    from
        technician_live_locations tll1_0 
    where
        tll1_0.technician_id=?
Hibernate: 
    select
        tll1_0.id,
        tll1_0.accuracy,
        tll1_0.created_at,
        tll1_0.last_update,
        tll1_0.latitude,
        tll1_0.longitude,
        tll1_0.technician_id 
    from
        technician_live_locations tll1_0 
    where
        tll1_0.technician_id=?
Hibernate: 
    select
        t1_0.technician_id,
        t1_0.approval_status,
        t1_0.approved_at,
        t1_0.availability_status,
        t1_0.average_rating,
        t1_0.business_name,
        t1_0.category_id,
        t1_0.created_at,
        t1_0.description,
        t1_0.experience_year,
        t1_0.opening_hours,
        t1_0.photo,
        t1_0.photo_content_type,
        t1_0.rating_count,
        t1_0.rejection_reason,
        t1_0.service_area,
        t1_0.updated_at,
        t1_0.user_id,
        t1_0.verified 
    from
        technician t1_0 
    where
        t1_0.technician_id=?
Hibernate: 
    select
        u1_0.Userid,
        u1_0.created_at,
        u1_0.DateofBirth,
        u1_0.Email,
        u1_0.Full_name,
        u1_0.Last_name,
        u1_0.Password_hash,
        u1_0.Phone_number,
        u1_0.Profile_image,
        u1_0.ROLE,
        u1_0.STATUS,
        u1_0.updated_at 
    from
        users u1_0 
    where
        u1_0.Userid=?
Hibernate: 
    select
        tll1_0.id,
        tll1_0.accuracy,
        tll1_0.created_at,
        tll1_0.last_update,
        tll1_0.latitude,
        tll1_0.longitude,
        tll1_0.technician_id 
    from
        technician_live_locations tll1_0 
    where
        tll1_0.technician_id=?
Hibernate: 
    select
        t1_0.technician_id,
        t1_0.approval_status,
        t1_0.approved_at,
        t1_0.availability_status,
        t1_0.average_rating,
        t1_0.business_name,
        t1_0.category_id,
        t1_0.created_at,
        t1_0.description,
        t1_0.experience_year,
        t1_0.opening_hours,
        t1_0.photo,
        t1_0.photo_content_type,
        t1_0.rating_count,
        t1_0.rejection_reason,
        t1_0.service_area,
        t1_0.updated_at,
        t1_0.user_id,
        t1_0.verified 
    from
        technician t1_0 
    where
        t1_0.technician_id=?
Hibernate: 
    select
        u1_0.Userid,
        u1_0.created_at,
        u1_0.DateofBirth,
        u1_0.Email,
        u1_0.Full_name,
        u1_0.Last_name,
        u1_0.Password_hash,
        u1_0.Phone_number,
        u1_0.Profile_image,
        u1_0.ROLE,
        u1_0.STATUS,
        u1_0.updated_at 
    from
        users u1_0 
    where
        u1_0.Userid=?
Hibernate: 
    select
        tll1_0.id,
        tll1_0.accuracy,
        tll1_0.created_at,
        tll1_0.last_update,
        tll1_0.latitude,
        tll1_0.longitude,
        tll1_0.technician_id 
    from
        technician_live_locations tll1_0 
    where
        tll1_0.technician_id=?
Hibernate: 
    select
        t1_0.technician_id,
        t1_0.approval_status,
        t1_0.approved_at,
        t1_0.availability_status,
        t1_0.average_rating,
        t1_0.business_name,
        t1_0.category_id,
        t1_0.created_at,
        t1_0.description,
        t1_0.experience_year,
        t1_0.opening_hours,
        t1_0.photo,
        t1_0.photo_content_type,
        t1_0.rating_count,
        t1_0.rejection_reason,
        t1_0.service_area,
        t1_0.updated_at,
        t1_0.user_id,
        t1_0.verified 
    from
        technician t1_0 
    where
        t1_0.technician_id=?
Hibernate: 
    select
        u1_0.Userid,
        u1_0.created_at,
        u1_0.DateofBirth,
        u1_0.Email,
        u1_0.Full_name,
        u1_0.Last_name,
        u1_0.Password_hash,
        u1_0.Phone_number,
        u1_0.Profile_image,
        u1_0.ROLE,
        u1_0.STATUS,
        u1_0.updated_at 
    from
        users u1_0 
    where
        u1_0.Userid=?
Hibernate: 
    select
        tll1_0.id,
        tll1_0.accuracy,
        tll1_0.created_at,
        tll1_0.last_update,
        tll1_0.latitude,
        tll1_0.longitude,
        tll1_0.technician_id 
    from
        technician_live_locations tll1_0 
    where
        tll1_0.technician_id=?
Hibernate: 
    select
        u1_0.Userid,
        u1_0.created_at,
        u1_0.DateofBirth,
        u1_0.Email,
        u1_0.Full_name,
        u1_0.Last_name,
        u1_0.Password_hash,
        u1_0.Phone_number,
        u1_0.Profile_image,
        u1_0.ROLE,
        u1_0.STATUS,
        u1_0.updated_at 
    from
        users u1_0 
    where
        u1_0.Email=?
Hibernate: 
    select
        ch1_0.call_id,
        ch1_0.call_status,
        ch1_0.created_at,
        ch1_0.duration_seconds,
        ch1_0.ended_at,
        ch1_0.started_at,
        ch1_0.technician_id,
        ch1_0.user_id 
    from
        call_history ch1_0 
    where
        ch1_0.call_id=? 
        and ch1_0.user_id=?
Hibernate: 
    select
        t1_0.technician_id,
        t1_0.approval_status,
        t1_0.approved_at,
        t1_0.availability_status,
        t1_0.average_rating,
        t1_0.business_name,
        t1_0.category_id,
        t1_0.created_at,
        t1_0.description,
        t1_0.experience_year,
        t1_0.opening_hours,
        t1_0.photo,
        t1_0.photo_content_type,
        t1_0.rating_count,
        t1_0.rejection_reason,
        t1_0.service_area,
        t1_0.updated_at,
        t1_0.user_id,
        t1_0.verified 
    from
        technician t1_0 
    where
        t1_0.technician_id=?
Hibernate: 
    select
        u1_0.Userid,
        u1_0.created_at,
        u1_0.DateofBirth,
        u1_0.Email,
        u1_0.Full_name,
        u1_0.Last_name,
        u1_0.Password_hash,
        u1_0.Phone_number,
        u1_0.Profile_image,
        u1_0.ROLE,
        u1_0.STATUS,
        u1_0.updated_at 
    from
        users u1_0 
    where
        u1_0.Userid=?
Hibernate: 
    update
        call_history 
    set
        call_status=?,
        duration_seconds=?,
        ended_at=?,
        started_at=?,
        technician_id=?,
        user_id=? 
    where
        call_id=?
Hibernate: 
    select
        u1_0.Userid,
        u1_0.created_at,
        u1_0.DateofBirth,
        u1_0.Email,
        u1_0.Full_name,
        u1_0.Last_name,
        u1_0.Password_hash,
        u1_0.Phone_number,
        u1_0.Profile_image,
        u1_0.ROLE,
        u1_0.STATUS,
        u1_0.updated_at 
    from
        users u1_0 
    where
        u1_0.Email=?
Hibernate: 
    select
        ch1_0.call_id,
        ch1_0.call_status,
        ch1_0.created_at,
        ch1_0.duration_seconds,
        ch1_0.ended_at,
        ch1_0.started_at,
        ch1_0.technician_id,
        ch1_0.user_id 
    from
        call_history ch1_0 
    where
        ch1_0.user_id=? 
    order by
        ch1_0.created_at desc
Hibernate: 
    select
        t1_0.technician_id,
        t1_0.approval_status,
        t1_0.approved_at,
        t1_0.availability_status,
        t1_0.average_rating,
        t1_0.business_name,
        t1_0.category_id,
        t1_0.created_at,
        t1_0.description,
        t1_0.experience_year,
        t1_0.opening_hours,
        t1_0.photo,
        t1_0.photo_content_type,
        t1_0.rating_count,
        t1_0.rejection_reason,
        t1_0.service_area,
        t1_0.updated_at,
        t1_0.user_id,
        t1_0.verified 
    from
        technician t1_0 
    where
        t1_0.technician_id=?
Hibernate: 
    select
        u1_0.Userid,
        u1_0.created_at,
        u1_0.DateofBirth,
        u1_0.Email,
        u1_0.Full_name,
        u1_0.Last_name,
        u1_0.Password_hash,
        u1_0.Phone_number,
        u1_0.Profile_image,
        u1_0.ROLE,
        u1_0.STATUS,
        u1_0.updated_at 
    from
        users u1_0 
    where
        u1_0.Userid=?
Hibernate: 
    select
        u1_0.Userid,
        u1_0.created_at,
        u1_0.DateofBirth,
        u1_0.Email,
        u1_0.Full_name,
        u1_0.Last_name,
        u1_0.Password_hash,
        u1_0.Phone_number,
        u1_0.Profile_image,
        u1_0.ROLE,
        u1_0.STATUS,
        u1_0.updated_at 
    from
        users u1_0 
    where
        u1_0.Email=?
Hibernate: 
    select
        t1_0.technician_id,
        t1_0.approval_status,
        t1_0.approved_at,
        t1_0.availability_status,
        t1_0.average_rating,
        t1_0.business_name,
        t1_0.category_id,
        t1_0.created_at,
        t1_0.description,
        t1_0.experience_year,
        t1_0.opening_hours,
        t1_0.photo,
        t1_0.photo_content_type,
        t1_0.rating_count,
        t1_0.rejection_reason,
        t1_0.service_area,
        t1_0.updated_at,
        t1_0.user_id,
        t1_0.verified 
    from
        technician t1_0 
    where
        t1_0.user_id=?
Hibernate: 
    select
        ch1_0.call_id,
        ch1_0.call_status,
        ch1_0.created_at,
        ch1_0.duration_seconds,
        ch1_0.ended_at,
        ch1_0.started_at,
        ch1_0.technician_id,
        ch1_0.user_id 
    from
        call_history ch1_0 
    where
        ch1_0.technician_id=? 
    order by
        ch1_0.created_at desc
Hibernate: 
    select
        u1_0.Userid,
        u1_0.created_at,
        u1_0.DateofBirth,
        u1_0.Email,
        u1_0.Full_name,
        u1_0.Last_name,
        u1_0.Password_hash,
        u1_0.Phone_number,
        u1_0.Profile_image,
        u1_0.ROLE,
        u1_0.STATUS,
        u1_0.updated_at 
    from
        users u1_0 
    where
        u1_0.Userid=?
Hibernate: 
    select
        u1_0.Userid,
        u1_0.created_at,
        u1_0.DateofBirth,
        u1_0.Email,
        u1_0.Full_name,
        u1_0.Last_name,
        u1_0.Password_hash,
        u1_0.Phone_number,
        u1_0.Profile_image,
        u1_0.ROLE,
        u1_0.STATUS,
        u1_0.updated_at 
    from
        users u1_0 
    where
        u1_0.Email=?
Hibernate: 
    select
        n1_0.notification_id,
        n1_0.created_at,
        n1_0.is_read,
        n1_0.job_id,
        n1_0.message,
        n1_0.message_km,
        n1_0.title,
        n1_0.title_km,
        n1_0.type,
        n1_0.user_id 
    from
        notification n1_0 
    where
        n1_0.user_id=? 
    order by
        n1_0.created_at desc
Hibernate: 
    select
        u1_0.Userid,
        u1_0.created_at,
        u1_0.DateofBirth,
        u1_0.Email,
        u1_0.Full_name,
        u1_0.Last_name,
        u1_0.Password_hash,
        u1_0.Phone_number,
        u1_0.Profile_image,
        u1_0.ROLE,
        u1_0.STATUS,
        u1_0.updated_at 
    from
        users u1_0 
    where
        u1_0.Email=?
Hibernate: 
    select
        j1_0.id,
        j1_0.address,
        j1_0.assigned_at,
        j1_0.booking_type,
        j1_0.category,
        j1_0.completed_at,
        j1_0.created_at,
        j1_0.customer_name,
        j1_0.customer_phone,
        j1_0.customer_user_id,
        j1_0.description,
        j1_0.lat,
        j1_0.lng,
        j1_0.notes,
        j1_0.scheduled_at,
        j1_0.starting_price,
        j1_0.status,
        j1_0.technician_id 
    from
        job j1_0
Hibernate: 
    select
        t1_0.technician_id,
        t1_0.approval_status,
        t1_0.approved_at,
        t1_0.availability_status,
        t1_0.average_rating,
        t1_0.business_name,
        t1_0.category_id,
        t1_0.created_at,
        t1_0.description,
        t1_0.experience_year,
        t1_0.opening_hours,
        t1_0.photo,
        t1_0.photo_content_type,
        t1_0.rating_count,
        t1_0.rejection_reason,
        t1_0.service_area,
        t1_0.updated_at,
        t1_0.user_id,
        t1_0.verified 
    from
        technician t1_0 
    where
        t1_0.technician_id=?
Hibernate: 
    select
        u1_0.Userid,
        u1_0.created_at,
        u1_0.DateofBirth,
        u1_0.Email,
        u1_0.Full_name,
        u1_0.Last_name,
        u1_0.Password_hash,
        u1_0.Phone_number,
        u1_0.Profile_image,
        u1_0.ROLE,
        u1_0.STATUS,
        u1_0.updated_at 
    from
        users u1_0 
    where
        u1_0.Userid=?
Hibernate: 
    select
        tll1_0.id,
        tll1_0.accuracy,
        tll1_0.created_at,
        tll1_0.last_update,
        tll1_0.latitude,
        tll1_0.longitude,
        tll1_0.technician_id 
    from
        technician_live_locations tll1_0 
    where
        tll1_0.technician_id=?
Hibernate: 
    select
        tll1_0.id,
        tll1_0.accuracy,
        tll1_0.created_at,
        tll1_0.last_update,
        tll1_0.latitude,
        tll1_0.longitude,
        tll1_0.technician_id 
    from
        technician_live_locations tll1_0 
    where
        tll1_0.technician_id=?
Hibernate: 
    select
        t1_0.technician_id,
        t1_0.approval_status,
        t1_0.approved_at,
        t1_0.availability_status,
        t1_0.average_rating,
        t1_0.business_name,
        t1_0.category_id,
        t1_0.created_at,
        t1_0.description,
        t1_0.experience_year,
        t1_0.opening_hours,
        t1_0.photo,
        t1_0.photo_content_type,
        t1_0.rating_count,
        t1_0.rejection_reason,
        t1_0.service_area,
        t1_0.updated_at,
        t1_0.user_id,
        t1_0.verified 
    from
        technician t1_0 
    where
        t1_0.technician_id=?
Hibernate: 
    select
        u1_0.Userid,
        u1_0.created_at,
        u1_0.DateofBirth,
        u1_0.Email,
        u1_0.Full_name,
        u1_0.Last_name,
        u1_0.Password_hash,
        u1_0.Phone_number,
        u1_0.Profile_image,
        u1_0.ROLE,
        u1_0.STATUS,
        u1_0.updated_at 
    from
        users u1_0 
    where
        u1_0.Userid=?
Hibernate: 
    select
        tll1_0.id,
        tll1_0.accuracy,
        tll1_0.created_at,
        tll1_0.last_update,
        tll1_0.latitude,
        tll1_0.longitude,
        tll1_0.technician_id 
    from
        technician_live_locations tll1_0 
    where
        tll1_0.technician_id=?
Hibernate: 
    select
        t1_0.technician_id,
        t1_0.approval_status,
        t1_0.approved_at,
        t1_0.availability_status,
        t1_0.average_rating,
        t1_0.business_name,
        t1_0.category_id,
        t1_0.created_at,
        t1_0.description,
        t1_0.experience_year,
        t1_0.opening_hours,
        t1_0.photo,
        t1_0.photo_content_type,
        t1_0.rating_count,
        t1_0.rejection_reason,
        t1_0.service_area,
        t1_0.updated_at,
        t1_0.user_id,
        t1_0.verified 
    from
        technician t1_0 
    where
        t1_0.technician_id=?
Hibernate: 
    select
        u1_0.Userid,
        u1_0.created_at,
        u1_0.DateofBirth,
        u1_0.Email,
        u1_0.Full_name,
        u1_0.Last_name,
        u1_0.Password_hash,
        u1_0.Phone_number,
        u1_0.Profile_image,
        u1_0.ROLE,
        u1_0.STATUS,
        u1_0.updated_at 
    from
        users u1_0 
    where
        u1_0.Userid=?
Hibernate: 
    select
        tll1_0.id,
        tll1_0.accuracy,
        tll1_0.created_at,
        tll1_0.last_update,
        tll1_0.latitude,
        tll1_0.longitude,
        tll1_0.technician_id 
    from
        technician_live_locations tll1_0 
    where
        tll1_0.technician_id=?
Hibernate: 
    select
        t1_0.technician_id,
        t1_0.approval_status,
        t1_0.approved_at,
        t1_0.availability_status,
        t1_0.average_rating,
        t1_0.business_name,
        t1_0.category_id,
        t1_0.created_at,
        t1_0.description,
        t1_0.experience_year,
        t1_0.opening_hours,
        t1_0.photo,
        t1_0.photo_content_type,
        t1_0.rating_count,
        t1_0.rejection_reason,
        t1_0.service_area,
        t1_0.updated_at,
        t1_0.user_id,
        t1_0.verified 
    from
        technician t1_0 
    where
        t1_0.technician_id=?
Hibernate: 
    select
        u1_0.Userid,
        u1_0.created_at,
        u1_0.DateofBirth,
        u1_0.Email,
        u1_0.Full_name,
        u1_0.Last_name,
        u1_0.Password_hash,
        u1_0.Phone_number,
        u1_0.Profile_image,
        u1_0.ROLE,
        u1_0.STATUS,
        u1_0.updated_at 
    from
        users u1_0 
    where
        u1_0.Userid=?
Hibernate: 
    select
        tll1_0.id,
        tll1_0.accuracy,
        tll1_0.created_at,
        tll1_0.last_update,
        tll1_0.latitude,
        tll1_0.longitude,
        tll1_0.technician_id 
    from
        technician_live_locations tll1_0 
    where
        tll1_0.technician_id=?
Hibernate: 
    select
        tll1_0.id,
        tll1_0.accuracy,
        tll1_0.created_at,
        tll1_0.last_update,
        tll1_0.latitude,
        tll1_0.longitude,
        tll1_0.technician_id 
    from
        technician_live_locations tll1_0 
    where
        tll1_0.technician_id=?
Hibernate: 
    select
        tll1_0.id,
        tll1_0.accuracy,
        tll1_0.created_at,
        tll1_0.last_update,
        tll1_0.latitude,
        tll1_0.longitude,
        tll1_0.technician_id 
    from
        technician_live_locations tll1_0 
    where
        tll1_0.technician_id=?
Hibernate: 
    select
        t1_0.technician_id,
        t1_0.approval_status,
        t1_0.approved_at,
        t1_0.availability_status,
        t1_0.average_rating,
        t1_0.business_name,
        t1_0.category_id,
        t1_0.created_at,
        t1_0.description,
        t1_0.experience_year,
        t1_0.opening_hours,
        t1_0.photo,
        t1_0.photo_content_type,
        t1_0.rating_count,
        t1_0.rejection_reason,
        t1_0.service_area,
        t1_0.updated_at,
        t1_0.user_id,
        t1_0.verified 
    from
        technician t1_0 
    where
        t1_0.technician_id=?
Hibernate: 
    select
        u1_0.Userid,
        u1_0.created_at,
        u1_0.DateofBirth,
        u1_0.Email,
        u1_0.Full_name,
        u1_0.Last_name,
        u1_0.Password_hash,
        u1_0.Phone_number,
        u1_0.Profile_image,
        u1_0.ROLE,
        u1_0.STATUS,
        u1_0.updated_at 
    from
        users u1_0 
    where
        u1_0.Userid=?
Hibernate: 
    select
        tll1_0.id,
        tll1_0.accuracy,
        tll1_0.created_at,
        tll1_0.last_update,
        tll1_0.latitude,
        tll1_0.longitude,
        tll1_0.technician_id 
    from
        technician_live_locations tll1_0 
    where
        tll1_0.technician_id=?
Hibernate: 
    select
        t1_0.technician_id,
        t1_0.approval_status,
        t1_0.approved_at,
        t1_0.availability_status,
        t1_0.average_rating,
        t1_0.business_name,
        t1_0.category_id,
        t1_0.created_at,
        t1_0.description,
        t1_0.experience_year,
        t1_0.opening_hours,
        t1_0.photo,
        t1_0.photo_content_type,
        t1_0.rating_count,
        t1_0.rejection_reason,
        t1_0.service_area,
        t1_0.updated_at,
        t1_0.user_id,
        t1_0.verified 
    from
        technician t1_0 
    where
        t1_0.technician_id=?
Hibernate: 
    select
        u1_0.Userid,
        u1_0.created_at,
        u1_0.DateofBirth,
        u1_0.Email,
        u1_0.Full_name,
        u1_0.Last_name,
        u1_0.Password_hash,
        u1_0.Phone_number,
        u1_0.Profile_image,
        u1_0.ROLE,
        u1_0.STATUS,
        u1_0.updated_at 
    from
        users u1_0 
    where
        u1_0.Userid=?
Hibernate: 
    select
        tll1_0.id,
        tll1_0.accuracy,
        tll1_0.created_at,
        tll1_0.last_update,
        tll1_0.latitude,
        tll1_0.longitude,
        tll1_0.technician_id 
    from
        technician_live_locations tll1_0 
    where
        tll1_0.technician_id=?
Hibernate: 
    select
        t1_0.technician_id,
        t1_0.approval_status,
        t1_0.approved_at,
        t1_0.availability_status,
        t1_0.average_rating,
        t1_0.business_name,
        t1_0.category_id,
        t1_0.created_at,
        t1_0.description,
        t1_0.experience_year,
        t1_0.opening_hours,
        t1_0.photo,
        t1_0.photo_content_type,
        t1_0.rating_count,
        t1_0.rejection_reason,
        t1_0.service_area,
        t1_0.updated_at,
        t1_0.user_id,
        t1_0.verified 
    from
        technician t1_0 
    where
        t1_0.technician_id=?
Hibernate: 
    select
        u1_0.Userid,
        u1_0.created_at,
        u1_0.DateofBirth,
        u1_0.Email,
        u1_0.Full_name,
        u1_0.Last_name,
        u1_0.Password_hash,
        u1_0.Phone_number,
        u1_0.Profile_image,
        u1_0.ROLE,
        u1_0.STATUS,
        u1_0.updated_at 
    from
        users u1_0 
    where
        u1_0.Userid=?
Hibernate: 
    select
        tll1_0.id,
        tll1_0.accuracy,
        tll1_0.created_at,
        tll1_0.last_update,
        tll1_0.latitude,
        tll1_0.longitude,
        tll1_0.technician_id 
    from
        technician_live_locations tll1_0 
    where
        tll1_0.technician_id=?
Hibernate: 
    select
        u1_0.Userid,
        u1_0.created_at,
        u1_0.DateofBirth,
        u1_0.Email,
        u1_0.Full_name,
        u1_0.Last_name,
        u1_0.Password_hash,
        u1_0.Phone_number,
        u1_0.Profile_image,
        u1_0.ROLE,
        u1_0.STATUS,
        u1_0.updated_at 
    from
        users u1_0 
    where
        u1_0.Email=?
Hibernate: 
    select
        n1_0.notification_id,
        n1_0.created_at,
        n1_0.is_read,
        n1_0.job_id,
        n1_0.message,
        n1_0.message_km,
        n1_0.title,
        n1_0.title_km,
        n1_0.type,
        n1_0.user_id 
    from
        notification n1_0 
    where
        n1_0.user_id=? 
    order by
        n1_0.created_at desc
Hibernate: 
    select
        u1_0.Userid,
        u1_0.created_at,
        u1_0.DateofBirth,
        u1_0.Email,
        u1_0.Full_name,
        u1_0.Last_name,
        u1_0.Password_hash,
        u1_0.Phone_number,
        u1_0.Profile_image,
        u1_0.ROLE,
        u1_0.STATUS,
        u1_0.updated_at 
    from
        users u1_0 
    where
        u1_0.Email=?
Hibernate: 
    select
        n1_0.notification_id,
        n1_0.created_at,
        n1_0.is_read,
        n1_0.job_id,
        n1_0.message,
        n1_0.message_km,
        n1_0.title,
        n1_0.title_km,
        n1_0.type,
        n1_0.user_id 
    from
        notification n1_0 
    where
        n1_0.user_id=? 
    order by
        n1_0.created_at desc
Hibernate: 
    select
        u1_0.Userid,
        u1_0.created_at,
        u1_0.DateofBirth,
        u1_0.Email,
        u1_0.Full_name,
        u1_0.Last_name,
        u1_0.Password_hash,
        u1_0.Phone_number,
        u1_0.Profile_image,
        u1_0.ROLE,
        u1_0.STATUS,
        u1_0.updated_at 
    from
        users u1_0 
    where
        u1_0.Email=?
Hibernate: 
    select
        j1_0.id,
        j1_0.address,
        j1_0.assigned_at,
        j1_0.booking_type,
        j1_0.category,
        j1_0.completed_at,
        j1_0.created_at,
        j1_0.customer_name,
        j1_0.customer_phone,
        j1_0.customer_user_id,
        j1_0.description,
        j1_0.lat,
        j1_0.lng,
        j1_0.notes,
        j1_0.scheduled_at,
        j1_0.starting_price,
        j1_0.status,
        j1_0.technician_id 
    from
        job j1_0
Hibernate: 
    select
        t1_0.technician_id,
        t1_0.approval_status,
        t1_0.approved_at,
        t1_0.availability_status,
        t1_0.average_rating,
        t1_0.business_name,
        t1_0.category_id,
        t1_0.created_at,
        t1_0.description,
        t1_0.experience_year,
        t1_0.opening_hours,
        t1_0.photo,
        t1_0.photo_content_type,
        t1_0.rating_count,
        t1_0.rejection_reason,
        t1_0.service_area,
        t1_0.updated_at,
        t1_0.user_id,
        t1_0.verified 
    from
        technician t1_0 
    where
        t1_0.technician_id=?
Hibernate: 
    select
        u1_0.Userid,
        u1_0.created_at,
        u1_0.DateofBirth,
        u1_0.Email,
        u1_0.Full_name,
        u1_0.Last_name,
        u1_0.Password_hash,
        u1_0.Phone_number,
        u1_0.Profile_image,
        u1_0.ROLE,
        u1_0.STATUS,
        u1_0.updated_at 
    from
        users u1_0 
    where
        u1_0.Userid=?
Hibernate: 
    select
        tll1_0.id,
        tll1_0.accuracy,
        tll1_0.created_at,
        tll1_0.last_update,
        tll1_0.latitude,
        tll1_0.longitude,
        tll1_0.technician_id 
    from
        technician_live_locations tll1_0 
    where
        tll1_0.technician_id=?
Hibernate: 
    select
        tll1_0.id,
        tll1_0.accuracy,
        tll1_0.created_at,
        tll1_0.last_update,
        tll1_0.latitude,
        tll1_0.longitude,
        tll1_0.technician_id 
    from
        technician_live_locations tll1_0 
    where
        tll1_0.technician_id=?
Hibernate: 
    select
        t1_0.technician_id,
        t1_0.approval_status,
        t1_0.approved_at,
        t1_0.availability_status,
        t1_0.average_rating,
        t1_0.business_name,
        t1_0.category_id,
        t1_0.created_at,
        t1_0.description,
        t1_0.experience_year,
        t1_0.opening_hours,
        t1_0.photo,
        t1_0.photo_content_type,
        t1_0.rating_count,
        t1_0.rejection_reason,
        t1_0.service_area,
        t1_0.updated_at,
        t1_0.user_id,
        t1_0.verified 
    from
        technician t1_0 
    where
        t1_0.technician_id=?
Hibernate: 
    select
        u1_0.Userid,
        u1_0.created_at,
        u1_0.DateofBirth,
        u1_0.Email,
        u1_0.Full_name,
        u1_0.Last_name,
        u1_0.Password_hash,
        u1_0.Phone_number,
        u1_0.Profile_image,
        u1_0.ROLE,
        u1_0.STATUS,
        u1_0.updated_at 
    from
        users u1_0 
    where
        u1_0.Userid=?
Hibernate: 
    select
        tll1_0.id,
        tll1_0.accuracy,
        tll1_0.created_at,
        tll1_0.last_update,
        tll1_0.latitude,
        tll1_0.longitude,
        tll1_0.technician_id 
    from
        technician_live_locations tll1_0 
    where
        tll1_0.technician_id=?
Hibernate: 
    select
        t1_0.technician_id,
        t1_0.approval_status,
        t1_0.approved_at,
        t1_0.availability_status,
        t1_0.average_rating,
        t1_0.business_name,
        t1_0.category_id,
        t1_0.created_at,
        t1_0.description,
        t1_0.experience_year,
        t1_0.opening_hours,
        t1_0.photo,
        t1_0.photo_content_type,
        t1_0.rating_count,
        t1_0.rejection_reason,
        t1_0.service_area,
        t1_0.updated_at,
        t1_0.user_id,
        t1_0.verified 
    from
        technician t1_0 
    where
        t1_0.technician_id=?
Hibernate: 
    select
        u1_0.Userid,
        u1_0.created_at,
        u1_0.DateofBirth,
        u1_0.Email,
        u1_0.Full_name,
        u1_0.Last_name,
        u1_0.Password_hash,
        u1_0.Phone_number,
        u1_0.Profile_image,
        u1_0.ROLE,
        u1_0.STATUS,
        u1_0.updated_at 
    from
        users u1_0 
    where
        u1_0.Userid=?
Hibernate: 
    select
        tll1_0.id,
        tll1_0.accuracy,
        tll1_0.created_at,
        tll1_0.last_update,
        tll1_0.latitude,
        tll1_0.longitude,
        tll1_0.technician_id 
    from
        technician_live_locations tll1_0 
    where
        tll1_0.technician_id=?
Hibernate: 
    select
        t1_0.technician_id,
        t1_0.approval_status,
        t1_0.approved_at,
        t1_0.availability_status,
        t1_0.average_rating,
        t1_0.business_name,
        t1_0.category_id,
        t1_0.created_at,
        t1_0.description,
        t1_0.experience_year,
        t1_0.opening_hours,
        t1_0.photo,
        t1_0.photo_content_type,
        t1_0.rating_count,
        t1_0.rejection_reason,
        t1_0.service_area,
        t1_0.updated_at,
        t1_0.user_id,
        t1_0.verified 
    from
        technician t1_0 
    where
        t1_0.technician_id=?
Hibernate: 
    select
        u1_0.Userid,
        u1_0.created_at,
        u1_0.DateofBirth,
        u1_0.Email,
        u1_0.Full_name,
        u1_0.Last_name,
        u1_0.Password_hash,
        u1_0.Phone_number,
        u1_0.Profile_image,
        u1_0.ROLE,
        u1_0.STATUS,
        u1_0.updated_at 
    from
        users u1_0 
    where
        u1_0.Userid=?
Hibernate: 
    select
        tll1_0.id,
        tll1_0.accuracy,
        tll1_0.created_at,
        tll1_0.last_update,
        tll1_0.latitude,
        tll1_0.longitude,
        tll1_0.technician_id 
    from
        technician_live_locations tll1_0 
    where
        tll1_0.technician_id=?
Hibernate: 
    select
        tll1_0.id,
        tll1_0.accuracy,
        tll1_0.created_at,
        tll1_0.last_update,
        tll1_0.latitude,
        tll1_0.longitude,
        tll1_0.technician_id 
    from
        technician_live_locations tll1_0 
    where
        tll1_0.technician_id=?
Hibernate: 
    select
        tll1_0.id,
        tll1_0.accuracy,
        tll1_0.created_at,
        tll1_0.last_update,
        tll1_0.latitude,
        tll1_0.longitude,
        tll1_0.technician_id 
    from
        technician_live_locations tll1_0 
    where
        tll1_0.technician_id=?
Hibernate: 
    select
        t1_0.technician_id,
        t1_0.approval_status,
        t1_0.approved_at,
        t1_0.availability_status,
        t1_0.average_rating,
        t1_0.business_name,
        t1_0.category_id,
        t1_0.created_at,
        t1_0.description,
        t1_0.experience_year,
        t1_0.opening_hours,
        t1_0.photo,
        t1_0.photo_content_type,
        t1_0.rating_count,
        t1_0.rejection_reason,
        t1_0.service_area,
        t1_0.updated_at,
        t1_0.user_id,
        t1_0.verified 
    from
        technician t1_0 
    where
        t1_0.technician_id=?
Hibernate: 
    select
        u1_0.Userid,
        u1_0.created_at,
        u1_0.DateofBirth,
        u1_0.Email,
        u1_0.Full_name,
        u1_0.Last_name,
        u1_0.Password_hash,
        u1_0.Phone_number,
        u1_0.Profile_image,
        u1_0.ROLE,
        u1_0.STATUS,
        u1_0.updated_at 
    from
        users u1_0 
    where
        u1_0.Userid=?
Hibernate: 
    select
        tll1_0.id,
        tll1_0.accuracy,
        tll1_0.created_at,
        tll1_0.last_update,
        tll1_0.latitude,
        tll1_0.longitude,
        tll1_0.technician_id 
    from
        technician_live_locations tll1_0 
    where
        tll1_0.technician_id=?
Hibernate: 
    select
        t1_0.technician_id,
        t1_0.approval_status,
        t1_0.approved_at,
        t1_0.availability_status,
        t1_0.average_rating,
        t1_0.business_name,
        t1_0.category_id,
        t1_0.created_at,
        t1_0.description,
        t1_0.experience_year,
        t1_0.opening_hours,
        t1_0.photo,
        t1_0.photo_content_type,
        t1_0.rating_count,
        t1_0.rejection_reason,
        t1_0.service_area,
        t1_0.updated_at,
        t1_0.user_id,
        t1_0.verified 
    from
        technician t1_0 
    where
        t1_0.technician_id=?
Hibernate: 
    select
        u1_0.Userid,
        u1_0.created_at,
        u1_0.DateofBirth,
        u1_0.Email,
        u1_0.Full_name,
        u1_0.Last_name,
        u1_0.Password_hash,
        u1_0.Phone_number,
        u1_0.Profile_image,
        u1_0.ROLE,
        u1_0.STATUS,
        u1_0.updated_at 
    from
        users u1_0 
    where
        u1_0.Userid=?
Hibernate: 
    select
        tll1_0.id,
        tll1_0.accuracy,
        tll1_0.created_at,
        tll1_0.last_update,
        tll1_0.latitude,
        tll1_0.longitude,
        tll1_0.technician_id 
    from
        technician_live_locations tll1_0 
    where
        tll1_0.technician_id=?
Hibernate: 
    select
        t1_0.technician_id,
        t1_0.approval_status,
        t1_0.approved_at,
        t1_0.availability_status,
        t1_0.average_rating,
        t1_0.business_name,
        t1_0.category_id,
        t1_0.created_at,
        t1_0.description,
        t1_0.experience_year,
        t1_0.opening_hours,
        t1_0.photo,
        t1_0.photo_content_type,
        t1_0.rating_count,
        t1_0.rejection_reason,
        t1_0.service_area,
        t1_0.updated_at,
        t1_0.user_id,
        t1_0.verified 
    from
        technician t1_0 
    where
        t1_0.technician_id=?
Hibernate: 
    select
        u1_0.Userid,
        u1_0.created_at,
        u1_0.DateofBirth,
        u1_0.Email,
        u1_0.Full_name,
        u1_0.Last_name,
        u1_0.Password_hash,
        u1_0.Phone_number,
        u1_0.Profile_image,
        u1_0.ROLE,
        u1_0.STATUS,
        u1_0.updated_at 
    from
        users u1_0 
    where
        u1_0.Userid=?
Hibernate: 
    select
        tll1_0.id,
        tll1_0.accuracy,
        tll1_0.created_at,
        tll1_0.last_update,
        tll1_0.latitude,
        tll1_0.longitude,
        tll1_0.technician_id 
    from
        technician_live_locations tll1_0 
    where
        tll1_0.technician_id=?
Hibernate: 
    select
        u1_0.Userid,
        u1_0.created_at,
        u1_0.DateofBirth,
        u1_0.Email,
        u1_0.Full_name,
        u1_0.Last_name,
        u1_0.Password_hash,
        u1_0.Phone_number,
        u1_0.Profile_image,
        u1_0.ROLE,
        u1_0.STATUS,
        u1_0.updated_at 
    from
        users u1_0 
    where
        u1_0.Email=?
Hibernate: 
    select
        n1_0.notification_id,
        n1_0.created_at,
        n1_0.is_read,
        n1_0.job_id,
        n1_0.message,
        n1_0.message_km,
        n1_0.title,
        n1_0.title_km,
        n1_0.type,
        n1_0.user_id 
    from
        notification n1_0 
    where
        n1_0.user_id=? 
    order by
        n1_0.created_at desc
Hibernate: 
    select
        u1_0.Userid,
        u1_0.created_at,
        u1_0.DateofBirth,
        u1_0.Email,
        u1_0.Full_name,
        u1_0.Last_name,
        u1_0.Password_hash,
        u1_0.Phone_number,
        u1_0.Profile_image,
        u1_0.ROLE,
        u1_0.STATUS,
        u1_0.updated_at 
    from
        users u1_0 
    where
        u1_0.Email=?
Hibernate: 
    select
        n1_0.notification_id,
        n1_0.created_at,
        n1_0.is_read,
        n1_0.job_id,
        n1_0.message,
        n1_0.message_km,
        n1_0.title,
        n1_0.title_km,
        n1_0.type,
        n1_0.user_id 
    from
        notification n1_0 
    where
        n1_0.user_id=? 
    order by
        n1_0.created_at desc
Hibernate: 
    select
        u1_0.Userid,
        u1_0.created_at,
        u1_0.DateofBirth,
        u1_0.Email,
        u1_0.Full_name,
        u1_0.Last_name,
        u1_0.Password_hash,
        u1_0.Phone_number,
        u1_0.Profile_image,
        u1_0.ROLE,
        u1_0.STATUS,
        u1_0.updated_at 
    from
        users u1_0 
    where
        u1_0.Email=?
Hibernate: 
    select
        j1_0.id,
        j1_0.address,
        j1_0.assigned_at,
        j1_0.booking_type,
        j1_0.category,
        j1_0.completed_at,
        j1_0.created_at,
        j1_0.customer_name,
        j1_0.customer_phone,
        j1_0.customer_user_id,
        j1_0.description,
        j1_0.lat,
        j1_0.lng,
        j1_0.notes,
        j1_0.scheduled_at,
        j1_0.starting_price,
        j1_0.status,
        j1_0.technician_id 
    from
        job j1_0
Hibernate: 
    select
        t1_0.technician_id,
        t1_0.approval_status,
        t1_0.approved_at,
        t1_0.availability_status,
        t1_0.average_rating,
        t1_0.business_name,
        t1_0.category_id,
        t1_0.created_at,
        t1_0.description,
        t1_0.experience_year,
        t1_0.opening_hours,
        t1_0.photo,
        t1_0.photo_content_type,
        t1_0.rating_count,
        t1_0.rejection_reason,
        t1_0.service_area,
        t1_0.updated_at,
        t1_0.user_id,
        t1_0.verified 
    from
        technician t1_0 
    where
        t1_0.technician_id=?
Hibernate: 
    select
        u1_0.Userid,
        u1_0.created_at,
        u1_0.DateofBirth,
        u1_0.Email,
        u1_0.Full_name,
        u1_0.Last_name,
        u1_0.Password_hash,
        u1_0.Phone_number,
        u1_0.Profile_image,
        u1_0.ROLE,
        u1_0.STATUS,
        u1_0.updated_at 
    from
        users u1_0 
    where
        u1_0.Userid=?
Hibernate: 
    select
        tll1_0.id,
        tll1_0.accuracy,
        tll1_0.created_at,
        tll1_0.last_update,
        tll1_0.latitude,
        tll1_0.longitude,
        tll1_0.technician_id 
    from
        technician_live_locations tll1_0 
    where
        tll1_0.technician_id=?
Hibernate: 
    select
        tll1_0.id,
        tll1_0.accuracy,
        tll1_0.created_at,
        tll1_0.last_update,
        tll1_0.latitude,
        tll1_0.longitude,
        tll1_0.technician_id 
    from
        technician_live_locations tll1_0 
    where
        tll1_0.technician_id=?
Hibernate: 
    select
        t1_0.technician_id,
        t1_0.approval_status,
        t1_0.approved_at,
        t1_0.availability_status,
        t1_0.average_rating,
        t1_0.business_name,
        t1_0.category_id,
        t1_0.created_at,
        t1_0.description,
        t1_0.experience_year,
        t1_0.opening_hours,
        t1_0.photo,
        t1_0.photo_content_type,
        t1_0.rating_count,
        t1_0.rejection_reason,
        t1_0.service_area,
        t1_0.updated_at,
        t1_0.user_id,
        t1_0.verified 
    from
        technician t1_0 
    where
        t1_0.technician_id=?
Hibernate: 
    select
        u1_0.Userid,
        u1_0.created_at,
        u1_0.DateofBirth,
        u1_0.Email,
        u1_0.Full_name,
        u1_0.Last_name,
        u1_0.Password_hash,
        u1_0.Phone_number,
        u1_0.Profile_image,
        u1_0.ROLE,
        u1_0.STATUS,
        u1_0.updated_at 
    from
        users u1_0 
    where
        u1_0.Userid=?
Hibernate: 
    select
        tll1_0.id,
        tll1_0.accuracy,
        tll1_0.created_at,
        tll1_0.last_update,
        tll1_0.latitude,
        tll1_0.longitude,
        tll1_0.technician_id 
    from
        technician_live_locations tll1_0 
    where
        tll1_0.technician_id=?
Hibernate: 
    select
        t1_0.technician_id,
        t1_0.approval_status,
        t1_0.approved_at,
        t1_0.availability_status,
        t1_0.average_rating,
        t1_0.business_name,
        t1_0.category_id,
        t1_0.created_at,
        t1_0.description,
        t1_0.experience_year,
        t1_0.opening_hours,
        t1_0.photo,
        t1_0.photo_content_type,
        t1_0.rating_count,
        t1_0.rejection_reason,
        t1_0.service_area,
        t1_0.updated_at,
        t1_0.user_id,
        t1_0.verified 
    from
        technician t1_0 
    where
        t1_0.technician_id=?
Hibernate: 
    select
        u1_0.Userid,
        u1_0.created_at,
        u1_0.DateofBirth,
        u1_0.Email,
        u1_0.Full_name,
        u1_0.Last_name,
        u1_0.Password_hash,
        u1_0.Phone_number,
        u1_0.Profile_image,
        u1_0.ROLE,
        u1_0.STATUS,
        u1_0.updated_at 
    from
        users u1_0 
    where
        u1_0.Userid=?
Hibernate: 
    select
        tll1_0.id,
        tll1_0.accuracy,
        tll1_0.created_at,
        tll1_0.last_update,
        tll1_0.latitude,
        tll1_0.longitude,
        tll1_0.technician_id 
    from
        technician_live_locations tll1_0 
    where
        tll1_0.technician_id=?
Hibernate: 
    select
        t1_0.technician_id,
        t1_0.approval_status,
        t1_0.approved_at,
        t1_0.availability_status,
        t1_0.average_rating,
        t1_0.business_name,
        t1_0.category_id,
        t1_0.created_at,
        t1_0.description,
        t1_0.experience_year,
        t1_0.opening_hours,
        t1_0.photo,
        t1_0.photo_content_type,
        t1_0.rating_count,
        t1_0.rejection_reason,
        t1_0.service_area,
        t1_0.updated_at,
        t1_0.user_id,
        t1_0.verified 
    from
        technician t1_0 
    where
        t1_0.technician_id=?
Hibernate: 
    select
        u1_0.Userid,
        u1_0.created_at,
        u1_0.DateofBirth,
        u1_0.Email,
        u1_0.Full_name,
        u1_0.Last_name,
        u1_0.Password_hash,
        u1_0.Phone_number,
        u1_0.Profile_image,
        u1_0.ROLE,
        u1_0.STATUS,
        u1_0.updated_at 
    from
        users u1_0 
    where
        u1_0.Userid=?
Hibernate: 
    select
        tll1_0.id,
        tll1_0.accuracy,
        tll1_0.created_at,
        tll1_0.last_update,
        tll1_0.latitude,
        tll1_0.longitude,
        tll1_0.technician_id 
    from
        technician_live_locations tll1_0 
    where
        tll1_0.technician_id=?
Hibernate: 
    select
        tll1_0.id,
        tll1_0.accuracy,
        tll1_0.created_at,
        tll1_0.last_update,
        tll1_0.latitude,
        tll1_0.longitude,
        tll1_0.technician_id 
    from
        technician_live_locations tll1_0 
    where
        tll1_0.technician_id=?
Hibernate: 
    select
        tll1_0.id,
        tll1_0.accuracy,
        tll1_0.created_at,
        tll1_0.last_update,
        tll1_0.latitude,
        tll1_0.longitude,
        tll1_0.technician_id 
    from
        technician_live_locations tll1_0 
    where
        tll1_0.technician_id=?
Hibernate: 
    select
        t1_0.technician_id,
        t1_0.approval_status,
        t1_0.approved_at,
        t1_0.availability_status,
        t1_0.average_rating,
        t1_0.business_name,
        t1_0.category_id,
        t1_0.created_at,
        t1_0.description,
        t1_0.experience_year,
        t1_0.opening_hours,
        t1_0.photo,
        t1_0.photo_content_type,
        t1_0.rating_count,
        t1_0.rejection_reason,
        t1_0.service_area,
        t1_0.updated_at,
        t1_0.user_id,
        t1_0.verified 
    from
        technician t1_0 
    where
        t1_0.technician_id=?
Hibernate: 
    select
        u1_0.Userid,
        u1_0.created_at,
        u1_0.DateofBirth,
        u1_0.Email,
        u1_0.Full_name,
        u1_0.Last_name,
        u1_0.Password_hash,
        u1_0.Phone_number,
        u1_0.Profile_image,
        u1_0.ROLE,
        u1_0.STATUS,
        u1_0.updated_at 
    from
        users u1_0 
    where
        u1_0.Userid=?
Hibernate: 
    select
        tll1_0.id,
        tll1_0.accuracy,
        tll1_0.created_at,
        tll1_0.last_update,
        tll1_0.latitude,
        tll1_0.longitude,
        tll1_0.technician_id 
    from
        technician_live_locations tll1_0 
    where
        tll1_0.technician_id=?
Hibernate: 
    select
        t1_0.technician_id,
        t1_0.approval_status,
        t1_0.approved_at,
        t1_0.availability_status,
        t1_0.average_rating,
        t1_0.business_name,
        t1_0.category_id,
        t1_0.created_at,
        t1_0.description,
        t1_0.experience_year,
        t1_0.opening_hours,
        t1_0.photo,
        t1_0.photo_content_type,
        t1_0.rating_count,
        t1_0.rejection_reason,
        t1_0.service_area,
        t1_0.updated_at,
        t1_0.user_id,
        t1_0.verified 
    from
        technician t1_0 
    where
        t1_0.technician_id=?
Hibernate: 
    select
        u1_0.Userid,
        u1_0.created_at,
        u1_0.DateofBirth,
        u1_0.Email,
        u1_0.Full_name,
        u1_0.Last_name,
        u1_0.Password_hash,
        u1_0.Phone_number,
        u1_0.Profile_image,
        u1_0.ROLE,
        u1_0.STATUS,
        u1_0.updated_at 
    from
        users u1_0 
    where
        u1_0.Userid=?
Hibernate: 
    select
        tll1_0.id,
        tll1_0.accuracy,
        tll1_0.created_at,
        tll1_0.last_update,
        tll1_0.latitude,
        tll1_0.longitude,
        tll1_0.technician_id 
    from
        technician_live_locations tll1_0 
    where
        tll1_0.technician_id=?
Hibernate: 
    select
        t1_0.technician_id,
        t1_0.approval_status,
        t1_0.approved_at,
        t1_0.availability_status,
        t1_0.average_rating,
        t1_0.business_name,
        t1_0.category_id,
        t1_0.created_at,
        t1_0.description,
        t1_0.experience_year,
        t1_0.opening_hours,
        t1_0.photo,
        t1_0.photo_content_type,
        t1_0.rating_count,
        t1_0.rejection_reason,
        t1_0.service_area,
        t1_0.updated_at,
        t1_0.user_id,
        t1_0.verified 
    from
        technician t1_0 
    where
        t1_0.technician_id=?
Hibernate: 
    select
        u1_0.Userid,
        u1_0.created_at,
        u1_0.DateofBirth,
        u1_0.Email,
        u1_0.Full_name,
        u1_0.Last_name,
        u1_0.Password_hash,
        u1_0.Phone_number,
        u1_0.Profile_image,
        u1_0.ROLE,
        u1_0.STATUS,
        u1_0.updated_at 
    from
        users u1_0 
    where
        u1_0.Userid=?
Hibernate: 
    select
        tll1_0.id,
        tll1_0.accuracy,
        tll1_0.created_at,
        tll1_0.last_update,
        tll1_0.latitude,
        tll1_0.longitude,
        tll1_0.technician_id 
    from
        technician_live_locations tll1_0 
    where
        tll1_0.technician_id=?
Hibernate: 
    select
        u1_0.Userid,
        u1_0.created_at,
        u1_0.DateofBirth,
        u1_0.Email,
        u1_0.Full_name,
        u1_0.Last_name,
        u1_0.Password_hash,
        u1_0.Phone_number,
        u1_0.Profile_image,
        u1_0.ROLE,
        u1_0.STATUS,
        u1_0.updated_at 
    from
        users u1_0 
    where
        u1_0.Email=?
Hibernate: 
    select
        n1_0.notification_id,
        n1_0.created_at,
        n1_0.is_read,
        n1_0.job_id,
        n1_0.message,
        n1_0.message_km,
        n1_0.title,
        n1_0.title_km,
        n1_0.type,
        n1_0.user_id 
    from
        notification n1_0 
    where
        n1_0.user_id=? 
    order by
        n1_0.created_at desc
Hibernate: 
    select
        u1_0.Userid,
        u1_0.created_at,
        u1_0.DateofBirth,
        u1_0.Email,
        u1_0.Full_name,
        u1_0.Last_name,
        u1_0.Password_hash,
        u1_0.Phone_number,
        u1_0.Profile_image,
        u1_0.ROLE,
        u1_0.STATUS,
        u1_0.updated_at 
    from
        users u1_0 
    where
        u1_0.Email=?
Hibernate: 
    select
        j1_0.id,
        j1_0.address,
        j1_0.assigned_at,
        j1_0.booking_type,
        j1_0.category,
        j1_0.completed_at,
        j1_0.created_at,
        j1_0.customer_name,
        j1_0.customer_phone,
        j1_0.customer_user_id,
        j1_0.description,
        j1_0.lat,
        j1_0.lng,
        j1_0.notes,
        j1_0.scheduled_at,
        j1_0.starting_price,
        j1_0.status,
        j1_0.technician_id 
    from
        job j1_0
Hibernate: 
    select
        t1_0.technician_id,
        t1_0.approval_status,
        t1_0.approved_at,
        t1_0.availability_status,
        t1_0.average_rating,
        t1_0.business_name,
        t1_0.category_id,
        t1_0.created_at,
        t1_0.description,
        t1_0.experience_year,
        t1_0.opening_hours,
        t1_0.photo,
        t1_0.photo_content_type,
        t1_0.rating_count,
        t1_0.rejection_reason,
        t1_0.service_area,
        t1_0.updated_at,
        t1_0.user_id,
        t1_0.verified 
    from
        technician t1_0 
    where
        t1_0.technician_id=?
Hibernate: 
    select
        u1_0.Userid,
        u1_0.created_at,
        u1_0.DateofBirth,
        u1_0.Email,
        u1_0.Full_name,
        u1_0.Last_name,
        u1_0.Password_hash,
        u1_0.Phone_number,
        u1_0.Profile_image,
        u1_0.ROLE,
        u1_0.STATUS,
        u1_0.updated_at 
    from
        users u1_0 
    where
        u1_0.Userid=?
Hibernate: 
    select
        tll1_0.id,
        tll1_0.accuracy,
        tll1_0.created_at,
        tll1_0.last_update,
        tll1_0.latitude,
        tll1_0.longitude,
        tll1_0.technician_id 
    from
        technician_live_locations tll1_0 
    where
        tll1_0.technician_id=?
Hibernate: 
    select
        tll1_0.id,
        tll1_0.accuracy,
        tll1_0.created_at,
        tll1_0.last_update,
        tll1_0.latitude,
        tll1_0.longitude,
        tll1_0.technician_id 
    from
        technician_live_locations tll1_0 
    where
        tll1_0.technician_id=?
Hibernate: 
    select
        t1_0.technician_id,
        t1_0.approval_status,
        t1_0.approved_at,
        t1_0.availability_status,
        t1_0.average_rating,
        t1_0.business_name,
        t1_0.category_id,
        t1_0.created_at,
        t1_0.description,
        t1_0.experience_year,
        t1_0.opening_hours,
        t1_0.photo,
        t1_0.photo_content_type,
        t1_0.rating_count,
        t1_0.rejection_reason,
        t1_0.service_area,
        t1_0.updated_at,
        t1_0.user_id,
        t1_0.verified 
    from
        technician t1_0 
    where
        t1_0.technician_id=?
Hibernate: 
    select
        u1_0.Userid,
        u1_0.created_at,
        u1_0.DateofBirth,
        u1_0.Email,
        u1_0.Full_name,
        u1_0.Last_name,
        u1_0.Password_hash,
        u1_0.Phone_number,
        u1_0.Profile_image,
        u1_0.ROLE,
        u1_0.STATUS,
        u1_0.updated_at 
    from
        users u1_0 
    where
        u1_0.Userid=?
Hibernate: 
    select
        tll1_0.id,
        tll1_0.accuracy,
        tll1_0.created_at,
        tll1_0.last_update,
        tll1_0.latitude,
        tll1_0.longitude,
        tll1_0.technician_id 
    from
        technician_live_locations tll1_0 
    where
        tll1_0.technician_id=?
Hibernate: 
    select
        t1_0.technician_id,
        t1_0.approval_status,
        t1_0.approved_at,
        t1_0.availability_status,
        t1_0.average_rating,
        t1_0.business_name,
        t1_0.category_id,
        t1_0.created_at,
        t1_0.description,
        t1_0.experience_year,
        t1_0.opening_hours,
        t1_0.photo,
        t1_0.photo_content_type,
        t1_0.rating_count,
        t1_0.rejection_reason,
        t1_0.service_area,
        t1_0.updated_at,
        t1_0.user_id,
        t1_0.verified 
    from
        technician t1_0 
    where
        t1_0.technician_id=?
Hibernate: 
    select
        u1_0.Userid,
        u1_0.created_at,
        u1_0.DateofBirth,
        u1_0.Email,
        u1_0.Full_name,
        u1_0.Last_name,
        u1_0.Password_hash,
        u1_0.Phone_number,
        u1_0.Profile_image,
        u1_0.ROLE,
        u1_0.STATUS,
        u1_0.updated_at 
    from
        users u1_0 
    where
        u1_0.Userid=?
Hibernate: 
    select
        tll1_0.id,
        tll1_0.accuracy,
        tll1_0.created_at,
        tll1_0.last_update,
        tll1_0.latitude,
        tll1_0.longitude,
        tll1_0.technician_id 
    from
        technician_live_locations tll1_0 
    where
        tll1_0.technician_id=?
Hibernate: 
    select
        t1_0.technician_id,
        t1_0.approval_status,
        t1_0.approved_at,
        t1_0.availability_status,
        t1_0.average_rating,
        t1_0.business_name,
        t1_0.category_id,
        t1_0.created_at,
        t1_0.description,
        t1_0.experience_year,
        t1_0.opening_hours,
        t1_0.photo,
        t1_0.photo_content_type,
        t1_0.rating_count,
        t1_0.rejection_reason,
        t1_0.service_area,
        t1_0.updated_at,
        t1_0.user_id,
        t1_0.verified 
    from
        technician t1_0 
    where
        t1_0.technician_id=?
Hibernate: 
    select
        u1_0.Userid,
        u1_0.created_at,
        u1_0.DateofBirth,
        u1_0.Email,
        u1_0.Full_name,
        u1_0.Last_name,
        u1_0.Password_hash,
        u1_0.Phone_number,
        u1_0.Profile_image,
        u1_0.ROLE,
        u1_0.STATUS,
        u1_0.updated_at 
    from
        users u1_0 
    where
        u1_0.Userid=?
Hibernate: 
    select
        tll1_0.id,
        tll1_0.accuracy,
        tll1_0.created_at,
        tll1_0.last_update,
        tll1_0.latitude,
        tll1_0.longitude,
        tll1_0.technician_id 
    from
        technician_live_locations tll1_0 
    where
        tll1_0.technician_id=?
Hibernate: 
    select
        tll1_0.id,
        tll1_0.accuracy,
        tll1_0.created_at,
        tll1_0.last_update,
        tll1_0.latitude,
        tll1_0.longitude,
        tll1_0.technician_id 
    from
        technician_live_locations tll1_0 
    where
        tll1_0.technician_id=?
Hibernate: 
    select
        tll1_0.id,
        tll1_0.accuracy,
        tll1_0.created_at,
        tll1_0.last_update,
        tll1_0.latitude,
        tll1_0.longitude,
        tll1_0.technician_id 
    from
        technician_live_locations tll1_0 
    where
        tll1_0.technician_id=?
Hibernate: 
    select
        t1_0.technician_id,
        t1_0.approval_status,
        t1_0.approved_at,
        t1_0.availability_status,
        t1_0.average_rating,
        t1_0.business_name,
        t1_0.category_id,
        t1_0.created_at,
        t1_0.description,
        t1_0.experience_year,
        t1_0.opening_hours,
        t1_0.photo,
        t1_0.photo_content_type,
        t1_0.rating_count,
        t1_0.rejection_reason,
        t1_0.service_area,
        t1_0.updated_at,
        t1_0.user_id,
        t1_0.verified 
    from
        technician t1_0 
    where
        t1_0.technician_id=?
Hibernate: 
    select
        u1_0.Userid,
        u1_0.created_at,
        u1_0.DateofBirth,
        u1_0.Email,
        u1_0.Full_name,
        u1_0.Last_name,
        u1_0.Password_hash,
        u1_0.Phone_number,
        u1_0.Profile_image,
        u1_0.ROLE,
        u1_0.STATUS,
        u1_0.updated_at 
    from
        users u1_0 
    where
        u1_0.Userid=?
Hibernate: 
    select
        tll1_0.id,
        tll1_0.accuracy,
        tll1_0.created_at,
        tll1_0.last_update,
        tll1_0.latitude,
        tll1_0.longitude,
        tll1_0.technician_id 
    from
        technician_live_locations tll1_0 
    where
        tll1_0.technician_id=?
Hibernate: 
    select
        t1_0.technician_id,
        t1_0.approval_status,
        t1_0.approved_at,
        t1_0.availability_status,
        t1_0.average_rating,
        t1_0.business_name,
        t1_0.category_id,
        t1_0.created_at,
        t1_0.description,
        t1_0.experience_year,
        t1_0.opening_hours,
        t1_0.photo,
        t1_0.photo_content_type,
        t1_0.rating_count,
        t1_0.rejection_reason,
        t1_0.service_area,
        t1_0.updated_at,
        t1_0.user_id,
        t1_0.verified 
    from
        technician t1_0 
    where
        t1_0.technician_id=?
Hibernate: 
    select
        u1_0.Userid,
        u1_0.created_at,
        u1_0.DateofBirth,
        u1_0.Email,
        u1_0.Full_name,
        u1_0.Last_name,
        u1_0.Password_hash,
        u1_0.Phone_number,
        u1_0.Profile_image,
        u1_0.ROLE,
        u1_0.STATUS,
        u1_0.updated_at 
    from
        users u1_0 
    where
        u1_0.Userid=?
Hibernate: 
    select
        tll1_0.id,
        tll1_0.accuracy,
        tll1_0.created_at,
        tll1_0.last_update,
        tll1_0.latitude,
        tll1_0.longitude,
        tll1_0.technician_id 
    from
        technician_live_locations tll1_0 
    where
        tll1_0.technician_id=?
Hibernate: 
    select
        t1_0.technician_id,
        t1_0.approval_status,
        t1_0.approved_at,
        t1_0.availability_status,
        t1_0.average_rating,
        t1_0.business_name,
        t1_0.category_id,
        t1_0.created_at,
        t1_0.description,
        t1_0.experience_year,
        t1_0.opening_hours,
        t1_0.photo,
        t1_0.photo_content_type,
        t1_0.rating_count,
        t1_0.rejection_reason,
        t1_0.service_area,
        t1_0.updated_at,
        t1_0.user_id,
        t1_0.verified 
    from
        technician t1_0 
    where
        t1_0.technician_id=?
Hibernate: 
    select
        u1_0.Userid,
        u1_0.created_at,
        u1_0.DateofBirth,
        u1_0.Email,
        u1_0.Full_name,
        u1_0.Last_name,
        u1_0.Password_hash,
        u1_0.Phone_number,
        u1_0.Profile_image,
        u1_0.ROLE,
        u1_0.STATUS,
        u1_0.updated_at 
    from
        users u1_0 
    where
        u1_0.Userid=?
Hibernate: 
    select
        tll1_0.id,
        tll1_0.accuracy,
        tll1_0.created_at,
        tll1_0.last_update,
        tll1_0.latitude,
        tll1_0.longitude,
        tll1_0.technician_id 
    from
        technician_live_locations tll1_0 
    where
        tll1_0.technician_id=?
Hibernate: 
    select
        u1_0.Userid,
        u1_0.created_at,
        u1_0.DateofBirth,
        u1_0.Email,
        u1_0.Full_name,
        u1_0.Last_name,
        u1_0.Password_hash,
        u1_0.Phone_number,
        u1_0.Profile_image,
        u1_0.ROLE,
        u1_0.STATUS,
        u1_0.updated_at 
    from
        users u1_0 
    where
        u1_0.Email=?
Hibernate: 
    select
        n1_0.notification_id,
        n1_0.created_at,
        n1_0.is_read,
        n1_0.job_id,
        n1_0.message,
        n1_0.message_km,
        n1_0.title,
        n1_0.title_km,
        n1_0.type,
        n1_0.user_id 
    from
        notification n1_0 
    where
        n1_0.user_id=? 
    order by
        n1_0.created_at desc
Hibernate: 
    select
        u1_0.Userid,
        u1_0.created_at,
        u1_0.DateofBirth,
        u1_0.Email,
        u1_0.Full_name,
        u1_0.Last_name,
        u1_0.Password_hash,
        u1_0.Phone_number,
        u1_0.Profile_image,
        u1_0.ROLE,
        u1_0.STATUS,
        u1_0.updated_at 
    from
        users u1_0 
    where
        u1_0.Email=?
Hibernate: 
    select
        n1_0.notification_id,
        n1_0.created_at,
        n1_0.is_read,
        n1_0.job_id,
        n1_0.message,
        n1_0.message_km,
        n1_0.title,
        n1_0.title_km,
        n1_0.type,
        n1_0.user_id 
    from
        notification n1_0 
    where
        n1_0.user_id=? 
    order by
        n1_0.created_at desc
Hibernate: 
    select
        u1_0.Userid,
        u1_0.created_at,
        u1_0.DateofBirth,
        u1_0.Email,
        u1_0.Full_name,
        u1_0.Last_name,
        u1_0.Password_hash,
        u1_0.Phone_number,
        u1_0.Profile_image,
        u1_0.ROLE,
        u1_0.STATUS,
        u1_0.updated_at 
    from
        users u1_0 
    where
        u1_0.Email=?
Hibernate: 
    select
        j1_0.id,
        j1_0.address,
        j1_0.assigned_at,
        j1_0.booking_type,
        j1_0.category,
        j1_0.completed_at,
        j1_0.created_at,
        j1_0.customer_name,
        j1_0.customer_phone,
        j1_0.customer_user_id,
        j1_0.description,
        j1_0.lat,
        j1_0.lng,
        j1_0.notes,
        j1_0.scheduled_at,
        j1_0.starting_price,
        j1_0.status,
        j1_0.technician_id 
    from
        job j1_0
Hibernate: 
    select
        t1_0.technician_id,
        t1_0.approval_status,
        t1_0.approved_at,
        t1_0.availability_status,
        t1_0.average_rating,
        t1_0.business_name,
        t1_0.category_id,
        t1_0.created_at,
        t1_0.description,
        t1_0.experience_year,
        t1_0.opening_hours,
        t1_0.photo,
        t1_0.photo_content_type,
        t1_0.rating_count,
        t1_0.rejection_reason,
        t1_0.service_area,
        t1_0.updated_at,
        t1_0.user_id,
        t1_0.verified 
    from
        technician t1_0 
    where
        t1_0.technician_id=?
Hibernate: 
    select
        u1_0.Userid,
        u1_0.created_at,
        u1_0.DateofBirth,
        u1_0.Email,
        u1_0.Full_name,
        u1_0.Last_name,
        u1_0.Password_hash,
        u1_0.Phone_number,
        u1_0.Profile_image,
        u1_0.ROLE,
        u1_0.STATUS,
        u1_0.updated_at 
    from
        users u1_0 
    where
        u1_0.Userid=?
Hibernate: 
    select
        tll1_0.id,
        tll1_0.accuracy,
        tll1_0.created_at,
        tll1_0.last_update,
        tll1_0.latitude,
        tll1_0.longitude,
        tll1_0.technician_id 
    from
        technician_live_locations tll1_0 
    where
        tll1_0.technician_id=?
Hibernate: 
    select
        tll1_0.id,
        tll1_0.accuracy,
        tll1_0.created_at,
        tll1_0.last_update,
        tll1_0.latitude,
        tll1_0.longitude,
        tll1_0.technician_id 
    from
        technician_live_locations tll1_0 
    where
        tll1_0.technician_id=?
Hibernate: 
    select
        t1_0.technician_id,
        t1_0.approval_status,
        t1_0.approved_at,
        t1_0.availability_status,
        t1_0.average_rating,
        t1_0.business_name,
        t1_0.category_id,
        t1_0.created_at,
        t1_0.description,
        t1_0.experience_year,
        t1_0.opening_hours,
        t1_0.photo,
        t1_0.photo_content_type,
        t1_0.rating_count,
        t1_0.rejection_reason,
        t1_0.service_area,
        t1_0.updated_at,
        t1_0.user_id,
        t1_0.verified 
    from
        technician t1_0 
    where
        t1_0.technician_id=?
Hibernate: 
    select
        u1_0.Userid,
        u1_0.created_at,
        u1_0.DateofBirth,
        u1_0.Email,
        u1_0.Full_name,
        u1_0.Last_name,
        u1_0.Password_hash,
        u1_0.Phone_number,
        u1_0.Profile_image,
        u1_0.ROLE,
        u1_0.STATUS,
        u1_0.updated_at 
    from
        users u1_0 
    where
        u1_0.Userid=?
Hibernate: 
    select
        tll1_0.id,
        tll1_0.accuracy,
        tll1_0.created_at,
        tll1_0.last_update,
        tll1_0.latitude,
        tll1_0.longitude,
        tll1_0.technician_id 
    from
        technician_live_locations tll1_0 
    where
        tll1_0.technician_id=?
Hibernate: 
    select
        t1_0.technician_id,
        t1_0.approval_status,
        t1_0.approved_at,
        t1_0.availability_status,
        t1_0.average_rating,
        t1_0.business_name,
        t1_0.category_id,
        t1_0.created_at,
        t1_0.description,
        t1_0.experience_year,
        t1_0.opening_hours,
        t1_0.photo,
        t1_0.photo_content_type,
        t1_0.rating_count,
        t1_0.rejection_reason,
        t1_0.service_area,
        t1_0.updated_at,
        t1_0.user_id,
        t1_0.verified 
    from
        technician t1_0 
    where
        t1_0.technician_id=?
Hibernate: 
    select
        u1_0.Userid,
        u1_0.created_at,
        u1_0.DateofBirth,
        u1_0.Email,
        u1_0.Full_name,
        u1_0.Last_name,
        u1_0.Password_hash,
        u1_0.Phone_number,
        u1_0.Profile_image,
        u1_0.ROLE,
        u1_0.STATUS,
        u1_0.updated_at 
    from
        users u1_0 
    where
        u1_0.Userid=?
Hibernate: 
    select
        tll1_0.id,
        tll1_0.accuracy,
        tll1_0.created_at,
        tll1_0.last_update,
        tll1_0.latitude,
        tll1_0.longitude,
        tll1_0.technician_id 
    from
        technician_live_locations tll1_0 
    where
        tll1_0.technician_id=?
Hibernate: 
    select
        t1_0.technician_id,
        t1_0.approval_status,
        t1_0.approved_at,
        t1_0.availability_status,
        t1_0.average_rating,
        t1_0.business_name,
        t1_0.category_id,
        t1_0.created_at,
        t1_0.description,
        t1_0.experience_year,
        t1_0.opening_hours,
        t1_0.photo,
        t1_0.photo_content_type,
        t1_0.rating_count,
        t1_0.rejection_reason,
        t1_0.service_area,
        t1_0.updated_at,
        t1_0.user_id,
        t1_0.verified 
    from
        technician t1_0 
    where
        t1_0.technician_id=?
Hibernate: 
    select
        u1_0.Userid,
        u1_0.created_at,
        u1_0.DateofBirth,
        u1_0.Email,
        u1_0.Full_name,
        u1_0.Last_name,
        u1_0.Password_hash,
        u1_0.Phone_number,
        u1_0.Profile_image,
        u1_0.ROLE,
        u1_0.STATUS,
        u1_0.updated_at 
    from
        users u1_0 
    where
        u1_0.Userid=?
Hibernate: 
    select
        tll1_0.id,
        tll1_0.accuracy,
        tll1_0.created_at,
        tll1_0.last_update,
        tll1_0.latitude,
        tll1_0.longitude,
        tll1_0.technician_id 
    from
        technician_live_locations tll1_0 
    where
        tll1_0.technician_id=?
Hibernate: 
    select
        tll1_0.id,
        tll1_0.accuracy,
        tll1_0.created_at,
        tll1_0.last_update,
        tll1_0.latitude,
        tll1_0.longitude,
        tll1_0.technician_id 
    from
        technician_live_locations tll1_0 
    where
        tll1_0.technician_id=?
Hibernate: 
    select
        tll1_0.id,
        tll1_0.accuracy,
        tll1_0.created_at,
        tll1_0.last_update,
        tll1_0.latitude,
        tll1_0.longitude,
        tll1_0.technician_id 
    from
        technician_live_locations tll1_0 
    where
        tll1_0.technician_id=?
Hibernate: 
    select
        t1_0.technician_id,
        t1_0.approval_status,
        t1_0.approved_at,
        t1_0.availability_status,
        t1_0.average_rating,
        t1_0.business_name,
        t1_0.category_id,
        t1_0.created_at,
        t1_0.description,
        t1_0.experience_year,
        t1_0.opening_hours,
        t1_0.photo,
        t1_0.photo_content_type,
        t1_0.rating_count,
        t1_0.rejection_reason,
        t1_0.service_area,
        t1_0.updated_at,
        t1_0.user_id,
        t1_0.verified 
    from
        technician t1_0 
    where
        t1_0.technician_id=?
Hibernate: 
    select
        u1_0.Userid,
        u1_0.created_at,
        u1_0.DateofBirth,
        u1_0.Email,
        u1_0.Full_name,
        u1_0.Last_name,
        u1_0.Password_hash,
        u1_0.Phone_number,
        u1_0.Profile_image,
        u1_0.ROLE,
        u1_0.STATUS,
        u1_0.updated_at 
    from
        users u1_0 
    where
        u1_0.Userid=?
Hibernate: 
    select
        tll1_0.id,
        tll1_0.accuracy,
        tll1_0.created_at,
        tll1_0.last_update,
        tll1_0.latitude,
        tll1_0.longitude,
        tll1_0.technician_id 
    from
        technician_live_locations tll1_0 
    where
        tll1_0.technician_id=?
Hibernate: 
    select
        t1_0.technician_id,
        t1_0.approval_status,
        t1_0.approved_at,
        t1_0.availability_status,
        t1_0.average_rating,
        t1_0.business_name,
        t1_0.category_id,
        t1_0.created_at,
        t1_0.description,
        t1_0.experience_year,
        t1_0.opening_hours,
        t1_0.photo,
        t1_0.photo_content_type,
        t1_0.rating_count,
        t1_0.rejection_reason,
        t1_0.service_area,
        t1_0.updated_at,
        t1_0.user_id,
        t1_0.verified 
    from
        technician t1_0 
    where
        t1_0.technician_id=?
Hibernate: 
    select
        u1_0.Userid,
        u1_0.created_at,
        u1_0.DateofBirth,
        u1_0.Email,
        u1_0.Full_name,
        u1_0.Last_name,
        u1_0.Password_hash,
        u1_0.Phone_number,
        u1_0.Profile_image,
        u1_0.ROLE,
        u1_0.STATUS,
        u1_0.updated_at 
    from
        users u1_0 
    where
        u1_0.Userid=?
Hibernate: 
    select
        tll1_0.id,
        tll1_0.accuracy,
        tll1_0.created_at,
        tll1_0.last_update,
        tll1_0.latitude,
        tll1_0.longitude,
        tll1_0.technician_id 
    from
        technician_live_locations tll1_0 
    where
        tll1_0.technician_id=?
Hibernate: 
    select
        t1_0.technician_id,
        t1_0.approval_status,
        t1_0.approved_at,
        t1_0.availability_status,
        t1_0.average_rating,
        t1_0.business_name,
        t1_0.category_id,
        t1_0.created_at,
        t1_0.description,
        t1_0.experience_year,
        t1_0.opening_hours,
        t1_0.photo,
        t1_0.photo_content_type,
        t1_0.rating_count,
        t1_0.rejection_reason,
        t1_0.service_area,
        t1_0.updated_at,
        t1_0.user_id,
        t1_0.verified 
    from
        technician t1_0 
    where
        t1_0.technician_id=?
Hibernate: 
    select
        u1_0.Userid,
        u1_0.created_at,
        u1_0.DateofBirth,
        u1_0.Email,
        u1_0.Full_name,
        u1_0.Last_name,
        u1_0.Password_hash,
        u1_0.Phone_number,
        u1_0.Profile_image,
        u1_0.ROLE,
        u1_0.STATUS,
        u1_0.updated_at 
    from
        users u1_0 
    where
        u1_0.Userid=?
Hibernate: 
    select
        tll1_0.id,
        tll1_0.accuracy,
        tll1_0.created_at,
        tll1_0.last_update,
        tll1_0.latitude,
        tll1_0.longitude,
        tll1_0.technician_id 
    from
        technician_live_locations tll1_0 
    where
        tll1_0.technician_id=?
Hibernate: 
    select
        u1_0.Userid,
        u1_0.created_at,
        u1_0.DateofBirth,
        u1_0.Email,
        u1_0.Full_name,
        u1_0.Last_name,
        u1_0.Password_hash,
        u1_0.Phone_number,
        u1_0.Profile_image,
        u1_0.ROLE,
        u1_0.STATUS,
        u1_0.updated_at 
    from
        users u1_0 
    where
        u1_0.Email=?
Hibernate: 
    select
        n1_0.notification_id,
        n1_0.created_at,
        n1_0.is_read,
        n1_0.job_id,
        n1_0.message,
        n1_0.message_km,
        n1_0.title,
        n1_0.title_km,
        n1_0.type,
        n1_0.user_id 
    from
        notification n1_0 
    where
        n1_0.user_id=? 
    order by
        n1_0.created_at desc
Hibernate: 
    select
        u1_0.Userid,
        u1_0.created_at,
        u1_0.DateofBirth,
        u1_0.Email,
        u1_0.Full_name,
        u1_0.Last_name,
        u1_0.Password_hash,
        u1_0.Phone_number,
        u1_0.Profile_image,
        u1_0.ROLE,
        u1_0.STATUS,
        u1_0.updated_at 
    from
        users u1_0 
    where
        u1_0.Email=?
Hibernate: 
    select
        j1_0.id,
        j1_0.address,
        j1_0.assigned_at,
        j1_0.booking_type,
        j1_0.category,
        j1_0.completed_at,
        j1_0.created_at,
        j1_0.customer_name,
        j1_0.customer_phone,
        j1_0.customer_user_id,
        j1_0.description,
        j1_0.lat,
        j1_0.lng,
        j1_0.notes,
        j1_0.scheduled_at,
        j1_0.starting_price,
        j1_0.status,
        j1_0.technician_id 
    from
        job j1_0
Hibernate: 
    select
        t1_0.technician_id,
        t1_0.approval_status,
        t1_0.approved_at,
        t1_0.availability_status,
        t1_0.average_rating,
        t1_0.business_name,
        t1_0.category_id,
        t1_0.created_at,
        t1_0.description,
        t1_0.experience_year,
        t1_0.opening_hours,
        t1_0.photo,
        t1_0.photo_content_type,
        t1_0.rating_count,
        t1_0.rejection_reason,
        t1_0.service_area,
        t1_0.updated_at,
        t1_0.user_id,
        t1_0.verified 
    from
        technician t1_0 
    where
        t1_0.technician_id=?
Hibernate: 
    select
        u1_0.Userid,
        u1_0.created_at,
        u1_0.DateofBirth,
        u1_0.Email,
        u1_0.Full_name,
        u1_0.Last_name,
        u1_0.Password_hash,
        u1_0.Phone_number,
        u1_0.Profile_image,
        u1_0.ROLE,
        u1_0.STATUS,
        u1_0.updated_at 
    from
        users u1_0 
    where
        u1_0.Userid=?
Hibernate: 
    select
        tll1_0.id,
        tll1_0.accuracy,
        tll1_0.created_at,
        tll1_0.last_update,
        tll1_0.latitude,
        tll1_0.longitude,
        tll1_0.technician_id 
    from
        technician_live_locations tll1_0 
    where
        tll1_0.technician_id=?
Hibernate: 
    select
        tll1_0.id,
        tll1_0.accuracy,
        tll1_0.created_at,
        tll1_0.last_update,
        tll1_0.latitude,
        tll1_0.longitude,
        tll1_0.technician_id 
    from
        technician_live_locations tll1_0 
    where
        tll1_0.technician_id=?
Hibernate: 
    select
        t1_0.technician_id,
        t1_0.approval_status,
        t1_0.approved_at,
        t1_0.availability_status,
        t1_0.average_rating,
        t1_0.business_name,
        t1_0.category_id,
        t1_0.created_at,
        t1_0.description,
        t1_0.experience_year,
        t1_0.opening_hours,
        t1_0.photo,
        t1_0.photo_content_type,
        t1_0.rating_count,
        t1_0.rejection_reason,
        t1_0.service_area,
        t1_0.updated_at,
        t1_0.user_id,
        t1_0.verified 
    from
        technician t1_0 
    where
        t1_0.technician_id=?
Hibernate: 
    select
        u1_0.Userid,
        u1_0.created_at,
        u1_0.DateofBirth,
        u1_0.Email,
        u1_0.Full_name,
        u1_0.Last_name,
        u1_0.Password_hash,
        u1_0.Phone_number,
        u1_0.Profile_image,
        u1_0.ROLE,
        u1_0.STATUS,
        u1_0.updated_at 
    from
        users u1_0 
    where
        u1_0.Userid=?
Hibernate: 
    select
        tll1_0.id,
        tll1_0.accuracy,
        tll1_0.created_at,
        tll1_0.last_update,
        tll1_0.latitude,
        tll1_0.longitude,
        tll1_0.technician_id 
    from
        technician_live_locations tll1_0 
    where
        tll1_0.technician_id=?
Hibernate: 
    select
        t1_0.technician_id,
        t1_0.approval_status,
        t1_0.approved_at,
        t1_0.availability_status,
        t1_0.average_rating,
        t1_0.business_name,
        t1_0.category_id,
        t1_0.created_at,
        t1_0.description,
        t1_0.experience_year,
        t1_0.opening_hours,
        t1_0.photo,
        t1_0.photo_content_type,
        t1_0.rating_count,
        t1_0.rejection_reason,
        t1_0.service_area,
        t1_0.updated_at,
        t1_0.user_id,
        t1_0.verified 
    from
        technician t1_0 
    where
        t1_0.technician_id=?
Hibernate: 
    select
        u1_0.Userid,
        u1_0.created_at,
        u1_0.DateofBirth,
        u1_0.Email,
        u1_0.Full_name,
        u1_0.Last_name,
        u1_0.Password_hash,
        u1_0.Phone_number,
        u1_0.Profile_image,
        u1_0.ROLE,
        u1_0.STATUS,
        u1_0.updated_at 
    from
        users u1_0 
    where
        u1_0.Userid=?
Hibernate: 
    select
        tll1_0.id,
        tll1_0.accuracy,
        tll1_0.created_at,
        tll1_0.last_update,
        tll1_0.latitude,
        tll1_0.longitude,
        tll1_0.technician_id 
    from
        technician_live_locations tll1_0 
    where
        tll1_0.technician_id=?
Hibernate: 
    select
        t1_0.technician_id,
        t1_0.approval_status,
        t1_0.approved_at,
        t1_0.availability_status,
        t1_0.average_rating,
        t1_0.business_name,
        t1_0.category_id,
        t1_0.created_at,
        t1_0.description,
        t1_0.experience_year,
        t1_0.opening_hours,
        t1_0.photo,
        t1_0.photo_content_type,
        t1_0.rating_count,
        t1_0.rejection_reason,
        t1_0.service_area,
        t1_0.updated_at,
        t1_0.user_id,
        t1_0.verified 
    from
        technician t1_0 
    where
        t1_0.technician_id=?
Hibernate: 
    select
        u1_0.Userid,
        u1_0.created_at,
        u1_0.DateofBirth,
        u1_0.Email,
        u1_0.Full_name,
        u1_0.Last_name,
        u1_0.Password_hash,
        u1_0.Phone_number,
        u1_0.Profile_image,
        u1_0.ROLE,
        u1_0.STATUS,
        u1_0.updated_at 
    from
        users u1_0 
    where
        u1_0.Userid=?
Hibernate: 
    select
        tll1_0.id,
        tll1_0.accuracy,
        tll1_0.created_at,
        tll1_0.last_update,
        tll1_0.latitude,
        tll1_0.longitude,
        tll1_0.technician_id 
    from
        technician_live_locations tll1_0 
    where
        tll1_0.technician_id=?
Hibernate: 
    select
        tll1_0.id,
        tll1_0.accuracy,
        tll1_0.created_at,
        tll1_0.last_update,
        tll1_0.latitude,
        tll1_0.longitude,
        tll1_0.technician_id 
    from
        technician_live_locations tll1_0 
    where
        tll1_0.technician_id=?
Hibernate: 
    select
        tll1_0.id,
        tll1_0.accuracy,
        tll1_0.created_at,
        tll1_0.last_update,
        tll1_0.latitude,
        tll1_0.longitude,
        tll1_0.technician_id 
    from
        technician_live_locations tll1_0 
    where
        tll1_0.technician_id=?
Hibernate: 
    select
        t1_0.technician_id,
        t1_0.approval_status,
        t1_0.approved_at,
        t1_0.availability_status,
        t1_0.average_rating,
        t1_0.business_name,
        t1_0.category_id,
        t1_0.created_at,
        t1_0.description,
        t1_0.experience_year,
        t1_0.opening_hours,
        t1_0.photo,
        t1_0.photo_content_type,
        t1_0.rating_count,
        t1_0.rejection_reason,
        t1_0.service_area,
        t1_0.updated_at,
        t1_0.user_id,
        t1_0.verified 
    from
        technician t1_0 
    where
        t1_0.technician_id=?
Hibernate: 
    select
        u1_0.Userid,
        u1_0.created_at,
        u1_0.DateofBirth,
        u1_0.Email,
        u1_0.Full_name,
        u1_0.Last_name,
        u1_0.Password_hash,
        u1_0.Phone_number,
        u1_0.Profile_image,
        u1_0.ROLE,
        u1_0.STATUS,
        u1_0.updated_at 
    from
        users u1_0 
    where
        u1_0.Userid=?
Hibernate: 
    select
        tll1_0.id,
        tll1_0.accuracy,
        tll1_0.created_at,
        tll1_0.last_update,
        tll1_0.latitude,
        tll1_0.longitude,
        tll1_0.technician_id 
    from
        technician_live_locations tll1_0 
    where
        tll1_0.technician_id=?
Hibernate: 
    select
        t1_0.technician_id,
        t1_0.approval_status,
        t1_0.approved_at,
        t1_0.availability_status,
        t1_0.average_rating,
        t1_0.business_name,
        t1_0.category_id,
        t1_0.created_at,
        t1_0.description,
        t1_0.experience_year,
        t1_0.opening_hours,
        t1_0.photo,
        t1_0.photo_content_type,
        t1_0.rating_count,
        t1_0.rejection_reason,
        t1_0.service_area,
        t1_0.updated_at,
        t1_0.user_id,
        t1_0.verified 
    from
        technician t1_0 
    where
        t1_0.technician_id=?
Hibernate: 
    select
        u1_0.Userid,
        u1_0.created_at,
        u1_0.DateofBirth,
        u1_0.Email,
        u1_0.Full_name,
        u1_0.Last_name,
        u1_0.Password_hash,
        u1_0.Phone_number,
        u1_0.Profile_image,
        u1_0.ROLE,
        u1_0.STATUS,
        u1_0.updated_at 
    from
        users u1_0 
    where
        u1_0.Userid=?
Hibernate: 
    select
        tll1_0.id,
        tll1_0.accuracy,
        tll1_0.created_at,
        tll1_0.last_update,
        tll1_0.latitude,
        tll1_0.longitude,
        tll1_0.technician_id 
    from
        technician_live_locations tll1_0 
    where
        tll1_0.technician_id=?
Hibernate: 
    select
        t1_0.technician_id,
        t1_0.approval_status,
        t1_0.approved_at,
        t1_0.availability_status,
        t1_0.average_rating,
        t1_0.business_name,
        t1_0.category_id,
        t1_0.created_at,
        t1_0.description,
        t1_0.experience_year,
        t1_0.opening_hours,
        t1_0.photo,
        t1_0.photo_content_type,
        t1_0.rating_count,
        t1_0.rejection_reason,
        t1_0.service_area,
        t1_0.updated_at,
        t1_0.user_id,
        t1_0.verified 
    from
        technician t1_0 
    where
        t1_0.technician_id=?
Hibernate: 
    select
        u1_0.Userid,
        u1_0.created_at,
        u1_0.DateofBirth,
        u1_0.Email,
        u1_0.Full_name,
        u1_0.Last_name,
        u1_0.Password_hash,
        u1_0.Phone_number,
        u1_0.Profile_image,
        u1_0.ROLE,
        u1_0.STATUS,
        u1_0.updated_at 
    from
        users u1_0 
    where
        u1_0.Userid=?
Hibernate: 
    select
        tll1_0.id,
        tll1_0.accuracy,
        tll1_0.created_at,
        tll1_0.last_update,
        tll1_0.latitude,
        tll1_0.longitude,
        tll1_0.technician_id 
    from
        technician_live_locations tll1_0 
    where
        tll1_0.technician_id=?
Hibernate: 
    select
        u1_0.Userid,
        u1_0.created_at,
        u1_0.DateofBirth,
        u1_0.Email,
        u1_0.Full_name,
        u1_0.Last_name,
        u1_0.Password_hash,
        u1_0.Phone_number,
        u1_0.Profile_image,
        u1_0.ROLE,
        u1_0.STATUS,
        u1_0.updated_at 
    from
        users u1_0 
    where
        u1_0.Email=?
Hibernate: 
    select
        n1_0.notification_id,
        n1_0.created_at,
        n1_0.is_read,
        n1_0.job_id,
        n1_0.message,
        n1_0.message_km,
        n1_0.title,
        n1_0.title_km,
        n1_0.type,
        n1_0.user_id 
    from
        notification n1_0 
    where
        n1_0.user_id=? 
    order by
        n1_0.created_at desc
Hibernate: 
    select
        u1_0.Userid,
        u1_0.created_at,
        u1_0.DateofBirth,
        u1_0.Email,
        u1_0.Full_name,
        u1_0.Last_name,
        u1_0.Password_hash,
        u1_0.Phone_number,
        u1_0.Profile_image,
        u1_0.ROLE,
        u1_0.STATUS,
        u1_0.updated_at 
    from
        users u1_0 
    where
        u1_0.Email=?
Hibernate: 
    select
        n1_0.notification_id,
        n1_0.created_at,
        n1_0.is_read,
        n1_0.job_id,
        n1_0.message,
        n1_0.message_km,
        n1_0.title,
        n1_0.title_km,
        n1_0.type,
        n1_0.user_id 
    from
        notification n1_0 
    where
        n1_0.user_id=? 
    order by
        n1_0.created_at desc
Hibernate: 
    select
        u1_0.Userid,
        u1_0.created_at,
        u1_0.DateofBirth,
        u1_0.Email,
        u1_0.Full_name,
        u1_0.Last_name,
        u1_0.Password_hash,
        u1_0.Phone_number,
        u1_0.Profile_image,
        u1_0.ROLE,
        u1_0.STATUS,
        u1_0.updated_at 
    from
        users u1_0 
    where
        u1_0.Email=?
Hibernate: 
    select
        j1_0.id,
        j1_0.address,
        j1_0.assigned_at,
        j1_0.booking_type,
        j1_0.category,
        j1_0.completed_at,
        j1_0.created_at,
        j1_0.customer_name,
        j1_0.customer_phone,
        j1_0.customer_user_id,
        j1_0.description,
        j1_0.lat,
        j1_0.lng,
        j1_0.notes,
        j1_0.scheduled_at,
        j1_0.starting_price,
        j1_0.status,
        j1_0.technician_id 
    from
        job j1_0
Hibernate: 
    select
        t1_0.technician_id,
        t1_0.approval_status,
        t1_0.approved_at,
        t1_0.availability_status,
        t1_0.average_rating,
        t1_0.business_name,
        t1_0.category_id,
        t1_0.created_at,
        t1_0.description,
        t1_0.experience_year,
        t1_0.opening_hours,
        t1_0.photo,
        t1_0.photo_content_type,
        t1_0.rating_count,
        t1_0.rejection_reason,
        t1_0.service_area,
        t1_0.updated_at,
        t1_0.user_id,
        t1_0.verified 
    from
        technician t1_0 
    where
        t1_0.technician_id=?
Hibernate: 
    select
        u1_0.Userid,
        u1_0.created_at,
        u1_0.DateofBirth,
        u1_0.Email,
        u1_0.Full_name,
        u1_0.Last_name,
        u1_0.Password_hash,
        u1_0.Phone_number,
        u1_0.Profile_image,
        u1_0.ROLE,
        u1_0.STATUS,
        u1_0.updated_at 
    from
        users u1_0 
    where
        u1_0.Userid=?
Hibernate: 
    select
        tll1_0.id,
        tll1_0.accuracy,
        tll1_0.created_at,
        tll1_0.last_update,
        tll1_0.latitude,
        tll1_0.longitude,
        tll1_0.technician_id 
    from
        technician_live_locations tll1_0 
    where
        tll1_0.technician_id=?
Hibernate: 
    select
        tll1_0.id,
        tll1_0.accuracy,
        tll1_0.created_at,
        tll1_0.last_update,
        tll1_0.latitude,
        tll1_0.longitude,
        tll1_0.technician_id 
    from
        technician_live_locations tll1_0 
    where
        tll1_0.technician_id=?
Hibernate: 
    select
        t1_0.technician_id,
        t1_0.approval_status,
        t1_0.approved_at,
        t1_0.availability_status,
        t1_0.average_rating,
        t1_0.business_name,
        t1_0.category_id,
        t1_0.created_at,
        t1_0.description,
        t1_0.experience_year,
        t1_0.opening_hours,
        t1_0.photo,
        t1_0.photo_content_type,
        t1_0.rating_count,
        t1_0.rejection_reason,
        t1_0.service_area,
        t1_0.updated_at,
        t1_0.user_id,
        t1_0.verified 
    from
        technician t1_0 
    where
        t1_0.technician_id=?
Hibernate: 
    select
        u1_0.Userid,
        u1_0.created_at,
        u1_0.DateofBirth,
        u1_0.Email,
        u1_0.Full_name,
        u1_0.Last_name,
        u1_0.Password_hash,
        u1_0.Phone_number,
        u1_0.Profile_image,
        u1_0.ROLE,
        u1_0.STATUS,
        u1_0.updated_at 
    from
        users u1_0 
    where
        u1_0.Userid=?
Hibernate: 
    select
        tll1_0.id,
        tll1_0.accuracy,
        tll1_0.created_at,
        tll1_0.last_update,
        tll1_0.latitude,
        tll1_0.longitude,
        tll1_0.technician_id 
    from
        technician_live_locations tll1_0 
    where
        tll1_0.technician_id=?
Hibernate: 
    select
        t1_0.technician_id,
        t1_0.approval_status,
        t1_0.approved_at,
        t1_0.availability_status,
        t1_0.average_rating,
        t1_0.business_name,
        t1_0.category_id,
        t1_0.created_at,
        t1_0.description,
        t1_0.experience_year,
        t1_0.opening_hours,
        t1_0.photo,
        t1_0.photo_content_type,
        t1_0.rating_count,
        t1_0.rejection_reason,
        t1_0.service_area,
        t1_0.updated_at,
        t1_0.user_id,
        t1_0.verified 
    from
        technician t1_0 
    where
        t1_0.technician_id=?
Hibernate: 
    select
        u1_0.Userid,
        u1_0.created_at,
        u1_0.DateofBirth,
        u1_0.Email,
        u1_0.Full_name,
        u1_0.Last_name,
        u1_0.Password_hash,
        u1_0.Phone_number,
        u1_0.Profile_image,
        u1_0.ROLE,
        u1_0.STATUS,
        u1_0.updated_at 
    from
        users u1_0 
    where
        u1_0.Userid=?
Hibernate: 
    select
        tll1_0.id,
        tll1_0.accuracy,
        tll1_0.created_at,
        tll1_0.last_update,
        tll1_0.latitude,
        tll1_0.longitude,
        tll1_0.technician_id 
    from
        technician_live_locations tll1_0 
    where
        tll1_0.technician_id=?
Hibernate: 
    select
        t1_0.technician_id,
        t1_0.approval_status,
        t1_0.approved_at,
        t1_0.availability_status,
        t1_0.average_rating,
        t1_0.business_name,
        t1_0.category_id,
        t1_0.created_at,
        t1_0.description,
        t1_0.experience_year,
        t1_0.opening_hours,
        t1_0.photo,
        t1_0.photo_content_type,
        t1_0.rating_count,
        t1_0.rejection_reason,
        t1_0.service_area,
        t1_0.updated_at,
        t1_0.user_id,
        t1_0.verified 
    from
        technician t1_0 
    where
        t1_0.technician_id=?
Hibernate: 
    select
        u1_0.Userid,
        u1_0.created_at,
        u1_0.DateofBirth,
        u1_0.Email,
        u1_0.Full_name,
        u1_0.Last_name,
        u1_0.Password_hash,
        u1_0.Phone_number,
        u1_0.Profile_image,
        u1_0.ROLE,
        u1_0.STATUS,
        u1_0.updated_at 
    from
        users u1_0 
    where
        u1_0.Userid=?
Hibernate: 
    select
        tll1_0.id,
        tll1_0.accuracy,
        tll1_0.created_at,
        tll1_0.last_update,
        tll1_0.latitude,
        tll1_0.longitude,
        tll1_0.technician_id 
    from
        technician_live_locations tll1_0 
    where
        tll1_0.technician_id=?
Hibernate: 
    select
        tll1_0.id,
        tll1_0.accuracy,
        tll1_0.created_at,
        tll1_0.last_update,
        tll1_0.latitude,
        tll1_0.longitude,
        tll1_0.technician_id 
    from
        technician_live_locations tll1_0 
    where
        tll1_0.technician_id=?
Hibernate: 
    select
        tll1_0.id,
        tll1_0.accuracy,
        tll1_0.created_at,
        tll1_0.last_update,
        tll1_0.latitude,
        tll1_0.longitude,
        tll1_0.technician_id 
    from
        technician_live_locations tll1_0 
    where
        tll1_0.technician_id=?
Hibernate: 
    select
        t1_0.technician_id,
        t1_0.approval_status,
        t1_0.approved_at,
        t1_0.availability_status,
        t1_0.average_rating,
        t1_0.business_name,
        t1_0.category_id,
        t1_0.created_at,
        t1_0.description,
        t1_0.experience_year,
        t1_0.opening_hours,
        t1_0.photo,
        t1_0.photo_content_type,
        t1_0.rating_count,
        t1_0.rejection_reason,
        t1_0.service_area,
        t1_0.updated_at,
        t1_0.user_id,
        t1_0.verified 
    from
        technician t1_0 
    where
        t1_0.technician_id=?
Hibernate: 
    select
        u1_0.Userid,
        u1_0.created_at,
        u1_0.DateofBirth,
        u1_0.Email,
        u1_0.Full_name,
        u1_0.Last_name,
        u1_0.Password_hash,
        u1_0.Phone_number,
        u1_0.Profile_image,
        u1_0.ROLE,
        u1_0.STATUS,
        u1_0.updated_at 
    from
        users u1_0 
    where
        u1_0.Userid=?
Hibernate: 
    select
        tll1_0.id,
        tll1_0.accuracy,
        tll1_0.created_at,
        tll1_0.last_update,
        tll1_0.latitude,
        tll1_0.longitude,
        tll1_0.technician_id 
    from
        technician_live_locations tll1_0 
    where
        tll1_0.technician_id=?
Hibernate: 
    select
        t1_0.technician_id,
        t1_0.approval_status,
        t1_0.approved_at,
        t1_0.availability_status,
        t1_0.average_rating,
        t1_0.business_name,
        t1_0.category_id,
        t1_0.created_at,
        t1_0.description,
        t1_0.experience_year,
        t1_0.opening_hours,
        t1_0.photo,
        t1_0.photo_content_type,
        t1_0.rating_count,
        t1_0.rejection_reason,
        t1_0.service_area,
        t1_0.updated_at,
        t1_0.user_id,
        t1_0.verified 
    from
        technician t1_0 
    where
        t1_0.technician_id=?
Hibernate: 
    select
        u1_0.Userid,
        u1_0.created_at,
        u1_0.DateofBirth,
        u1_0.Email,
        u1_0.Full_name,
        u1_0.Last_name,
        u1_0.Password_hash,
        u1_0.Phone_number,
        u1_0.Profile_image,
        u1_0.ROLE,
        u1_0.STATUS,
        u1_0.updated_at 
    from
        users u1_0 
    where
        u1_0.Userid=?
Hibernate: 
    select
        tll1_0.id,
        tll1_0.accuracy,
        tll1_0.created_at,
        tll1_0.last_update,
        tll1_0.latitude,
        tll1_0.longitude,
        tll1_0.technician_id 
    from
        technician_live_locations tll1_0 
    where
        tll1_0.technician_id=?
Hibernate: 
    select
        t1_0.technician_id,
        t1_0.approval_status,
        t1_0.approved_at,
        t1_0.availability_status,
        t1_0.average_rating,
        t1_0.business_name,
        t1_0.category_id,
        t1_0.created_at,
        t1_0.description,
        t1_0.experience_year,
        t1_0.opening_hours,
        t1_0.photo,
        t1_0.photo_content_type,
        t1_0.rating_count,
        t1_0.rejection_reason,
        t1_0.service_area,
        t1_0.updated_at,
        t1_0.user_id,
        t1_0.verified 
    from
        technician t1_0 
    where
        t1_0.technician_id=?
Hibernate: 
    select
        u1_0.Userid,
        u1_0.created_at,
        u1_0.DateofBirth,
        u1_0.Email,
        u1_0.Full_name,
        u1_0.Last_name,
        u1_0.Password_hash,
        u1_0.Phone_number,
        u1_0.Profile_image,
        u1_0.ROLE,
        u1_0.STATUS,
        u1_0.updated_at 
    from
        users u1_0 
    where
        u1_0.Userid=?
Hibernate: 
    select
        tll1_0.id,
        tll1_0.accuracy,
        tll1_0.created_at,
        tll1_0.last_update,
        tll1_0.latitude,
        tll1_0.longitude,
        tll1_0.technician_id 
    from
        technician_live_locations tll1_0 
    where
        tll1_0.technician_id=?
Hibernate: 
    select
        u1_0.Userid,
        u1_0.created_at,
        u1_0.DateofBirth,
        u1_0.Email,
        u1_0.Full_name,
        u1_0.Last_name,
        u1_0.Password_hash,
        u1_0.Phone_number,
        u1_0.Profile_image,
        u1_0.ROLE,
        u1_0.STATUS,
        u1_0.updated_at 
    from
        users u1_0 
    where
        u1_0.Email=?
Hibernate: 
    select
        n1_0.notification_id,
        n1_0.created_at,
        n1_0.is_read,
        n1_0.job_id,
        n1_0.message,
        n1_0.message_km,
        n1_0.title,
        n1_0.title_km,
        n1_0.type,
        n1_0.user_id 
    from
        notification n1_0 
    where
        n1_0.user_id=? 
    order by
        n1_0.created_at desc
Hibernate: 
    select
        u1_0.Userid,
        u1_0.created_at,
        u1_0.DateofBirth,
        u1_0.Email,
        u1_0.Full_name,
        u1_0.Last_name,
        u1_0.Password_hash,
        u1_0.Phone_number,
        u1_0.Profile_image,
        u1_0.ROLE,
        u1_0.STATUS,
        u1_0.updated_at 
    from
        users u1_0 
    where
        u1_0.Email=?
Hibernate: 
    select
        n1_0.notification_id,
        n1_0.created_at,
        n1_0.is_read,
        n1_0.job_id,
        n1_0.message,
        n1_0.message_km,
        n1_0.title,
        n1_0.title_km,
        n1_0.type,
        n1_0.user_id 
    from
        notification n1_0 
    where
        n1_0.user_id=? 
    order by
        n1_0.created_at desc
Hibernate: 
    select
        u1_0.Userid,
        u1_0.created_at,
        u1_0.DateofBirth,
        u1_0.Email,
        u1_0.Full_name,
        u1_0.Last_name,
        u1_0.Password_hash,
        u1_0.Phone_number,
        u1_0.Profile_image,
        u1_0.ROLE,
        u1_0.STATUS,
        u1_0.updated_at 
    from
        users u1_0 
    where
        u1_0.Email=?
Hibernate: 
    select
        j1_0.id,
        j1_0.address,
        j1_0.assigned_at,
        j1_0.booking_type,
        j1_0.category,
        j1_0.completed_at,
        j1_0.created_at,
        j1_0.customer_name,
        j1_0.customer_phone,
        j1_0.customer_user_id,
        j1_0.description,
        j1_0.lat,
        j1_0.lng,
        j1_0.notes,
        j1_0.scheduled_at,
        j1_0.starting_price,
        j1_0.status,
        j1_0.technician_id 
    from
        job j1_0
Hibernate: 
    select
        t1_0.technician_id,
        t1_0.approval_status,
        t1_0.approved_at,
        t1_0.availability_status,
        t1_0.average_rating,
        t1_0.business_name,
        t1_0.category_id,
        t1_0.created_at,
        t1_0.description,
        t1_0.experience_year,
        t1_0.opening_hours,
        t1_0.photo,
        t1_0.photo_content_type,
        t1_0.rating_count,
        t1_0.rejection_reason,
        t1_0.service_area,
        t1_0.updated_at,
        t1_0.user_id,
        t1_0.verified 
    from
        technician t1_0 
    where
        t1_0.technician_id=?
Hibernate: 
    select
        u1_0.Userid,
        u1_0.created_at,
        u1_0.DateofBirth,
        u1_0.Email,
        u1_0.Full_name,
        u1_0.Last_name,
        u1_0.Password_hash,
        u1_0.Phone_number,
        u1_0.Profile_image,
        u1_0.ROLE,
        u1_0.STATUS,
        u1_0.updated_at 
    from
        users u1_0 
    where
        u1_0.Userid=?
Hibernate: 
    select
        tll1_0.id,
        tll1_0.accuracy,
        tll1_0.created_at,
        tll1_0.last_update,
        tll1_0.latitude,
        tll1_0.longitude,
        tll1_0.technician_id 
    from
        technician_live_locations tll1_0 
    where
        tll1_0.technician_id=?
Hibernate: 
    select
        tll1_0.id,
        tll1_0.accuracy,
        tll1_0.created_at,
        tll1_0.last_update,
        tll1_0.latitude,
        tll1_0.longitude,
        tll1_0.technician_id 
    from
        technician_live_locations tll1_0 
    where
        tll1_0.technician_id=?
Hibernate: 
    select
        t1_0.technician_id,
        t1_0.approval_status,
        t1_0.approved_at,
        t1_0.availability_status,
        t1_0.average_rating,
        t1_0.business_name,
        t1_0.category_id,
        t1_0.created_at,
        t1_0.description,
        t1_0.experience_year,
        t1_0.opening_hours,
        t1_0.photo,
        t1_0.photo_content_type,
        t1_0.rating_count,
        t1_0.rejection_reason,
        t1_0.service_area,
        t1_0.updated_at,
        t1_0.user_id,
        t1_0.verified 
    from
        technician t1_0 
    where
        t1_0.technician_id=?
Hibernate: 
    select
        u1_0.Userid,
        u1_0.created_at,
        u1_0.DateofBirth,
        u1_0.Email,
        u1_0.Full_name,
        u1_0.Last_name,
        u1_0.Password_hash,
        u1_0.Phone_number,
        u1_0.Profile_image,
        u1_0.ROLE,
        u1_0.STATUS,
        u1_0.updated_at 
    from
        users u1_0 
    where
        u1_0.Userid=?
Hibernate: 
    select
        tll1_0.id,
        tll1_0.accuracy,
        tll1_0.created_at,
        tll1_0.last_update,
        tll1_0.latitude,
        tll1_0.longitude,
        tll1_0.technician_id 
    from
        technician_live_locations tll1_0 
    where
        tll1_0.technician_id=?
Hibernate: 
    select
        t1_0.technician_id,
        t1_0.approval_status,
        t1_0.approved_at,
        t1_0.availability_status,
        t1_0.average_rating,
        t1_0.business_name,
        t1_0.category_id,
        t1_0.created_at,
        t1_0.description,
        t1_0.experience_year,
        t1_0.opening_hours,
        t1_0.photo,
        t1_0.photo_content_type,
        t1_0.rating_count,
        t1_0.rejection_reason,
        t1_0.service_area,
        t1_0.updated_at,
        t1_0.user_id,
        t1_0.verified 
    from
        technician t1_0 
    where
        t1_0.technician_id=?
Hibernate: 
    select
        u1_0.Userid,
        u1_0.created_at,
        u1_0.DateofBirth,
        u1_0.Email,
        u1_0.Full_name,
        u1_0.Last_name,
        u1_0.Password_hash,
        u1_0.Phone_number,
        u1_0.Profile_image,
        u1_0.ROLE,
        u1_0.STATUS,
        u1_0.updated_at 
    from
        users u1_0 
    where
        u1_0.Userid=?
Hibernate: 
    select
        tll1_0.id,
        tll1_0.accuracy,
        tll1_0.created_at,
        tll1_0.last_update,
        tll1_0.latitude,
        tll1_0.longitude,
        tll1_0.technician_id 
    from
        technician_live_locations tll1_0 
    where
        tll1_0.technician_id=?
Hibernate: 
    select
        t1_0.technician_id,
        t1_0.approval_status,
        t1_0.approved_at,
        t1_0.availability_status,
        t1_0.average_rating,
        t1_0.business_name,
        t1_0.category_id,
        t1_0.created_at,
        t1_0.description,
        t1_0.experience_year,
        t1_0.opening_hours,
        t1_0.photo,
        t1_0.photo_content_type,
        t1_0.rating_count,
        t1_0.rejection_reason,
        t1_0.service_area,
        t1_0.updated_at,
        t1_0.user_id,
        t1_0.verified 
    from
        technician t1_0 
    where
        t1_0.technician_id=?
Hibernate: 
    select
        u1_0.Userid,
        u1_0.created_at,
        u1_0.DateofBirth,
        u1_0.Email,
        u1_0.Full_name,
        u1_0.Last_name,
        u1_0.Password_hash,
        u1_0.Phone_number,
        u1_0.Profile_image,
        u1_0.ROLE,
        u1_0.STATUS,
        u1_0.updated_at 
    from
        users u1_0 
    where
        u1_0.Userid=?
Hibernate: 
    select
        tll1_0.id,
        tll1_0.accuracy,
        tll1_0.created_at,
        tll1_0.last_update,
        tll1_0.latitude,
        tll1_0.longitude,
        tll1_0.technician_id 
    from
        technician_live_locations tll1_0 
    where
        tll1_0.technician_id=?
Hibernate: 
    select
        tll1_0.id,
        tll1_0.accuracy,
        tll1_0.created_at,
        tll1_0.last_update,
        tll1_0.latitude,
        tll1_0.longitude,
        tll1_0.technician_id 
    from
        technician_live_locations tll1_0 
    where
        tll1_0.technician_id=?
Hibernate: 
    select
        tll1_0.id,
        tll1_0.accuracy,
        tll1_0.created_at,
        tll1_0.last_update,
        tll1_0.latitude,
        tll1_0.longitude,
        tll1_0.technician_id 
    from
        technician_live_locations tll1_0 
    where
        tll1_0.technician_id=?
Hibernate: 
    select
        t1_0.technician_id,
        t1_0.approval_status,
        t1_0.approved_at,
        t1_0.availability_status,
        t1_0.average_rating,
        t1_0.business_name,
        t1_0.category_id,
        t1_0.created_at,
        t1_0.description,
        t1_0.experience_year,
        t1_0.opening_hours,
        t1_0.photo,
        t1_0.photo_content_type,
        t1_0.rating_count,
        t1_0.rejection_reason,
        t1_0.service_area,
        t1_0.updated_at,
        t1_0.user_id,
        t1_0.verified 
    from
        technician t1_0 
    where
        t1_0.technician_id=?
Hibernate: 
    select
        u1_0.Userid,
        u1_0.created_at,
        u1_0.DateofBirth,
        u1_0.Email,
        u1_0.Full_name,
        u1_0.Last_name,
        u1_0.Password_hash,
        u1_0.Phone_number,
        u1_0.Profile_image,
        u1_0.ROLE,
        u1_0.STATUS,
        u1_0.updated_at 
    from
        users u1_0 
    where
        u1_0.Userid=?
Hibernate: 
    select
        tll1_0.id,
        tll1_0.accuracy,
        tll1_0.created_at,
        tll1_0.last_update,
        tll1_0.latitude,
        tll1_0.longitude,
        tll1_0.technician_id 
    from
        technician_live_locations tll1_0 
    where
        tll1_0.technician_id=?
Hibernate: 
    select
        t1_0.technician_id,
        t1_0.approval_status,
        t1_0.approved_at,
        t1_0.availability_status,
        t1_0.average_rating,
        t1_0.business_name,
        t1_0.category_id,
        t1_0.created_at,
        t1_0.description,
        t1_0.experience_year,
        t1_0.opening_hours,
        t1_0.photo,
        t1_0.photo_content_type,
        t1_0.rating_count,
        t1_0.rejection_reason,
        t1_0.service_area,
        t1_0.updated_at,
        t1_0.user_id,
        t1_0.verified 
    from
        technician t1_0 
    where
        t1_0.technician_id=?
Hibernate: 
    select
        u1_0.Userid,
        u1_0.created_at,
        u1_0.DateofBirth,
        u1_0.Email,
        u1_0.Full_name,
        u1_0.Last_name,
        u1_0.Password_hash,
        u1_0.Phone_number,
        u1_0.Profile_image,
        u1_0.ROLE,
        u1_0.STATUS,
        u1_0.updated_at 
    from
        users u1_0 
    where
        u1_0.Userid=?
Hibernate: 
    select
        tll1_0.id,
        tll1_0.accuracy,
        tll1_0.created_at,
        tll1_0.last_update,
        tll1_0.latitude,
        tll1_0.longitude,
        tll1_0.technician_id 
    from
        technician_live_locations tll1_0 
    where
        tll1_0.technician_id=?
Hibernate: 
    select
        t1_0.technician_id,
        t1_0.approval_status,
        t1_0.approved_at,
        t1_0.availability_status,
        t1_0.average_rating,
        t1_0.business_name,
        t1_0.category_id,
        t1_0.created_at,
        t1_0.description,
        t1_0.experience_year,
        t1_0.opening_hours,
        t1_0.photo,
        t1_0.photo_content_type,
        t1_0.rating_count,
        t1_0.rejection_reason,
        t1_0.service_area,
        t1_0.updated_at,
        t1_0.user_id,
        t1_0.verified 
    from
        technician t1_0 
    where
        t1_0.technician_id=?
Hibernate: 
    select
        u1_0.Userid,
        u1_0.created_at,
        u1_0.DateofBirth,
        u1_0.Email,
        u1_0.Full_name,
        u1_0.Last_name,
        u1_0.Password_hash,
        u1_0.Phone_number,
        u1_0.Profile_image,
        u1_0.ROLE,
        u1_0.STATUS,
        u1_0.updated_at 
    from
        users u1_0 
    where
        u1_0.Userid=?
Hibernate: 
    select
        tll1_0.id,
        tll1_0.accuracy,
        tll1_0.created_at,
        tll1_0.last_update,
        tll1_0.latitude,
        tll1_0.longitude,
        tll1_0.technician_id 
    from
        technician_live_locations tll1_0 
    where
        tll1_0.technician_id=?
Hibernate: 
    select
        u1_0.Userid,
        u1_0.created_at,
        u1_0.DateofBirth,
        u1_0.Email,
        u1_0.Full_name,
        u1_0.Last_name,
        u1_0.Password_hash,
        u1_0.Phone_number,
        u1_0.Profile_image,
        u1_0.ROLE,
        u1_0.STATUS,
        u1_0.updated_at 
    from
        users u1_0 
    where
        u1_0.Email=?
Hibernate: 
    select
        n1_0.notification_id,
        n1_0.created_at,
        n1_0.is_read,
        n1_0.job_id,
        n1_0.message,
        n1_0.message_km,
        n1_0.title,
        n1_0.title_km,
        n1_0.type,
        n1_0.user_id 
    from
        notification n1_0 
    where
        n1_0.user_id=? 
    order by
        n1_0.created_at desc
Hibernate: 
    select
        u1_0.Userid,
        u1_0.created_at,
        u1_0.DateofBirth,
        u1_0.Email,
        u1_0.Full_name,
        u1_0.Last_name,
        u1_0.Password_hash,
        u1_0.Phone_number,
        u1_0.Profile_image,
        u1_0.ROLE,
        u1_0.STATUS,
        u1_0.updated_at 
    from
        users u1_0 
    where
        u1_0.Email=?
Hibernate: 
    select
        n1_0.notification_id,
        n1_0.created_at,
        n1_0.is_read,
        n1_0.job_id,
        n1_0.message,
        n1_0.message_km,
        n1_0.title,
        n1_0.title_km,
        n1_0.type,
        n1_0.user_id 
    from
        notification n1_0 
    where
        n1_0.user_id=? 
    order by
        n1_0.created_at desc
Hibernate: 
    select
        u1_0.Userid,
        u1_0.created_at,
        u1_0.DateofBirth,
        u1_0.Email,
        u1_0.Full_name,
        u1_0.Last_name,
        u1_0.Password_hash,
        u1_0.Phone_number,
        u1_0.Profile_image,
        u1_0.ROLE,
        u1_0.STATUS,
        u1_0.updated_at 
    from
        users u1_0 
    where
        u1_0.Email=?
Hibernate: 
    select
        n1_0.notification_id,
        n1_0.created_at,
        n1_0.is_read,
        n1_0.job_id,
        n1_0.message,
        n1_0.message_km,
        n1_0.title,
        n1_0.title_km,
        n1_0.type,
        n1_0.user_id 
    from
        notification n1_0 
    where
        n1_0.user_id=? 
    order by
        n1_0.created_at desc
Hibernate: 
    select
        u1_0.Userid,
        u1_0.created_at,
        u1_0.DateofBirth,
        u1_0.Email,
        u1_0.Full_name,
        u1_0.Last_name,
        u1_0.Password_hash,
        u1_0.Phone_number,
        u1_0.Profile_image,
        u1_0.ROLE,
        u1_0.STATUS,
        u1_0.updated_at 
    from
        users u1_0 
    where
        u1_0.Email=?
Hibernate: 
    select
        j1_0.id,
        j1_0.address,
        j1_0.assigned_at,
        j1_0.booking_type,
        j1_0.category,
        j1_0.completed_at,
        j1_0.created_at,
        j1_0.customer_name,
        j1_0.customer_phone,
        j1_0.customer_user_id,
        j1_0.description,
        j1_0.lat,
        j1_0.lng,
        j1_0.notes,
        j1_0.scheduled_at,
        j1_0.starting_price,
        j1_0.status,
        j1_0.technician_id 
    from
        job j1_0
Hibernate: 
    select
        t1_0.technician_id,
        t1_0.approval_status,
        t1_0.approved_at,
        t1_0.availability_status,
        t1_0.average_rating,
        t1_0.business_name,
        t1_0.category_id,
        t1_0.created_at,
        t1_0.description,
        t1_0.experience_year,
        t1_0.opening_hours,
        t1_0.photo,
        t1_0.photo_content_type,
        t1_0.rating_count,
        t1_0.rejection_reason,
        t1_0.service_area,
        t1_0.updated_at,
        t1_0.user_id,
        t1_0.verified 
    from
        technician t1_0 
    where
        t1_0.technician_id=?
Hibernate: 
    select
        u1_0.Userid,
        u1_0.created_at,
        u1_0.DateofBirth,
        u1_0.Email,
        u1_0.Full_name,
        u1_0.Last_name,
        u1_0.Password_hash,
        u1_0.Phone_number,
        u1_0.Profile_image,
        u1_0.ROLE,
        u1_0.STATUS,
        u1_0.updated_at 
    from
        users u1_0 
    where
        u1_0.Userid=?
Hibernate: 
    select
        tll1_0.id,
        tll1_0.accuracy,
        tll1_0.created_at,
        tll1_0.last_update,
        tll1_0.latitude,
        tll1_0.longitude,
        tll1_0.technician_id 
    from
        technician_live_locations tll1_0 
    where
        tll1_0.technician_id=?
Hibernate: 
    select
        tll1_0.id,
        tll1_0.accuracy,
        tll1_0.created_at,
        tll1_0.last_update,
        tll1_0.latitude,
        tll1_0.longitude,
        tll1_0.technician_id 
    from
        technician_live_locations tll1_0 
    where
        tll1_0.technician_id=?
Hibernate: 
    select
        t1_0.technician_id,
        t1_0.approval_status,
        t1_0.approved_at,
        t1_0.availability_status,
        t1_0.average_rating,
        t1_0.business_name,
        t1_0.category_id,
        t1_0.created_at,
        t1_0.description,
        t1_0.experience_year,
        t1_0.opening_hours,
        t1_0.photo,
        t1_0.photo_content_type,
        t1_0.rating_count,
        t1_0.rejection_reason,
        t1_0.service_area,
        t1_0.updated_at,
        t1_0.user_id,
        t1_0.verified 
    from
        technician t1_0 
    where
        t1_0.technician_id=?
Hibernate: 
    select
        u1_0.Userid,
        u1_0.created_at,
        u1_0.DateofBirth,
        u1_0.Email,
        u1_0.Full_name,
        u1_0.Last_name,
        u1_0.Password_hash,
        u1_0.Phone_number,
        u1_0.Profile_image,
        u1_0.ROLE,
        u1_0.STATUS,
        u1_0.updated_at 
    from
        users u1_0 
    where
        u1_0.Userid=?
Hibernate: 
    select
        tll1_0.id,
        tll1_0.accuracy,
        tll1_0.created_at,
        tll1_0.last_update,
        tll1_0.latitude,
        tll1_0.longitude,
        tll1_0.technician_id 
    from
        technician_live_locations tll1_0 
    where
        tll1_0.technician_id=?
Hibernate: 
    select
        t1_0.technician_id,
        t1_0.approval_status,
        t1_0.approved_at,
        t1_0.availability_status,
        t1_0.average_rating,
        t1_0.business_name,
        t1_0.category_id,
        t1_0.created_at,
        t1_0.description,
        t1_0.experience_year,
        t1_0.opening_hours,
        t1_0.photo,
        t1_0.photo_content_type,
        t1_0.rating_count,
        t1_0.rejection_reason,
        t1_0.service_area,
        t1_0.updated_at,
        t1_0.user_id,
        t1_0.verified 
    from
        technician t1_0 
    where
        t1_0.technician_id=?
Hibernate: 
    select
        u1_0.Userid,
        u1_0.created_at,
        u1_0.DateofBirth,
        u1_0.Email,
        u1_0.Full_name,
        u1_0.Last_name,
        u1_0.Password_hash,
        u1_0.Phone_number,
        u1_0.Profile_image,
        u1_0.ROLE,
        u1_0.STATUS,
        u1_0.updated_at 
    from
        users u1_0 
    where
        u1_0.Userid=?
Hibernate: 
    select
        tll1_0.id,
        tll1_0.accuracy,
        tll1_0.created_at,
        tll1_0.last_update,
        tll1_0.latitude,
        tll1_0.longitude,
        tll1_0.technician_id 
    from
        technician_live_locations tll1_0 
    where
        tll1_0.technician_id=?
Hibernate: 
    select
        t1_0.technician_id,
        t1_0.approval_status,
        t1_0.approved_at,
        t1_0.availability_status,
        t1_0.average_rating,
        t1_0.business_name,
        t1_0.category_id,
        t1_0.created_at,
        t1_0.description,
        t1_0.experience_year,
        t1_0.opening_hours,
        t1_0.photo,
        t1_0.photo_content_type,
        t1_0.rating_count,
        t1_0.rejection_reason,
        t1_0.service_area,
        t1_0.updated_at,
        t1_0.user_id,
        t1_0.verified 
    from
        technician t1_0 
    where
        t1_0.technician_id=?
Hibernate: 
    select
        u1_0.Userid,
        u1_0.created_at,
        u1_0.DateofBirth,
        u1_0.Email,
        u1_0.Full_name,
        u1_0.Last_name,
        u1_0.Password_hash,
        u1_0.Phone_number,
        u1_0.Profile_image,
        u1_0.ROLE,
        u1_0.STATUS,
        u1_0.updated_at 
    from
        users u1_0 
    where
        u1_0.Userid=?
Hibernate: 
    select
        tll1_0.id,
        tll1_0.accuracy,
        tll1_0.created_at,
        tll1_0.last_update,
        tll1_0.latitude,
        tll1_0.longitude,
        tll1_0.technician_id 
    from
        technician_live_locations tll1_0 
    where
        tll1_0.technician_id=?
Hibernate: 
    select
        tll1_0.id,
        tll1_0.accuracy,
        tll1_0.created_at,
        tll1_0.last_update,
        tll1_0.latitude,
        tll1_0.longitude,
        tll1_0.technician_id 
    from
        technician_live_locations tll1_0 
    where
        tll1_0.technician_id=?
Hibernate: 
    select
        tll1_0.id,
        tll1_0.accuracy,
        tll1_0.created_at,
        tll1_0.last_update,
        tll1_0.latitude,
        tll1_0.longitude,
        tll1_0.technician_id 
    from
        technician_live_locations tll1_0 
    where
        tll1_0.technician_id=?
Hibernate: 
    select
        t1_0.technician_id,
        t1_0.approval_status,
        t1_0.approved_at,
        t1_0.availability_status,
        t1_0.average_rating,
        t1_0.business_name,
        t1_0.category_id,
        t1_0.created_at,
        t1_0.description,
        t1_0.experience_year,
        t1_0.opening_hours,
        t1_0.photo,
        t1_0.photo_content_type,
        t1_0.rating_count,
        t1_0.rejection_reason,
        t1_0.service_area,
        t1_0.updated_at,
        t1_0.user_id,
        t1_0.verified 
    from
        technician t1_0 
    where
        t1_0.technician_id=?
Hibernate: 
    select
        u1_0.Userid,
        u1_0.created_at,
        u1_0.DateofBirth,
        u1_0.Email,
        u1_0.Full_name,
        u1_0.Last_name,
        u1_0.Password_hash,
        u1_0.Phone_number,
        u1_0.Profile_image,
        u1_0.ROLE,
        u1_0.STATUS,
        u1_0.updated_at 
    from
        users u1_0 
    where
        u1_0.Userid=?
Hibernate: 
    select
        tll1_0.id,
        tll1_0.accuracy,
        tll1_0.created_at,
        tll1_0.last_update,
        tll1_0.latitude,
        tll1_0.longitude,
        tll1_0.technician_id 
    from
        technician_live_locations tll1_0 
    where
        tll1_0.technician_id=?
Hibernate: 
    select
        t1_0.technician_id,
        t1_0.approval_status,
        t1_0.approved_at,
        t1_0.availability_status,
        t1_0.average_rating,
        t1_0.business_name,
        t1_0.category_id,
        t1_0.created_at,
        t1_0.description,
        t1_0.experience_year,
        t1_0.opening_hours,
        t1_0.photo,
        t1_0.photo_content_type,
        t1_0.rating_count,
        t1_0.rejection_reason,
        t1_0.service_area,
        t1_0.updated_at,
        t1_0.user_id,
        t1_0.verified 
    from
        technician t1_0 
    where
        t1_0.technician_id=?
Hibernate: 
    select
        u1_0.Userid,
        u1_0.created_at,
        u1_0.DateofBirth,
        u1_0.Email,
        u1_0.Full_name,
        u1_0.Last_name,
        u1_0.Password_hash,
        u1_0.Phone_number,
        u1_0.Profile_image,
        u1_0.ROLE,
        u1_0.STATUS,
        u1_0.updated_at 
    from
        users u1_0 
    where
        u1_0.Userid=?
Hibernate: 
    select
        tll1_0.id,
        tll1_0.accuracy,
        tll1_0.created_at,
        tll1_0.last_update,
        tll1_0.latitude,
        tll1_0.longitude,
        tll1_0.technician_id 
    from
        technician_live_locations tll1_0 
    where
        tll1_0.technician_id=?
Hibernate: 
    select
        t1_0.technician_id,
        t1_0.approval_status,
        t1_0.approved_at,
        t1_0.availability_status,
        t1_0.average_rating,
        t1_0.business_name,
        t1_0.category_id,
        t1_0.created_at,
        t1_0.description,
        t1_0.experience_year,
        t1_0.opening_hours,
        t1_0.photo,
        t1_0.photo_content_type,
        t1_0.rating_count,
        t1_0.rejection_reason,
        t1_0.service_area,
        t1_0.updated_at,
        t1_0.user_id,
        t1_0.verified 
    from
        technician t1_0 
    where
        t1_0.technician_id=?
Hibernate: 
    select
        u1_0.Userid,
        u1_0.created_at,
        u1_0.DateofBirth,
        u1_0.Email,
        u1_0.Full_name,
        u1_0.Last_name,
        u1_0.Password_hash,
        u1_0.Phone_number,
        u1_0.Profile_image,
        u1_0.ROLE,
        u1_0.STATUS,
        u1_0.updated_at 
    from
        users u1_0 
    where
        u1_0.Userid=?
Hibernate: 
    select
        tll1_0.id,
        tll1_0.accuracy,
        tll1_0.created_at,
        tll1_0.last_update,
        tll1_0.latitude,
        tll1_0.longitude,
        tll1_0.technician_id 
    from
        technician_live_locations tll1_0 
    where
        tll1_0.technician_id=?
Hibernate: 
    select
        u1_0.Userid,
        u1_0.created_at,
        u1_0.DateofBirth,
        u1_0.Email,
        u1_0.Full_name,
        u1_0.Last_name,
        u1_0.Password_hash,
        u1_0.Phone_number,
        u1_0.Profile_image,
        u1_0.ROLE,
        u1_0.STATUS,
        u1_0.updated_at 
    from
        users u1_0 
    where
        u1_0.Email=?
Hibernate: 
    select
        n1_0.notification_id,
        n1_0.created_at,
        n1_0.is_read,
        n1_0.job_id,
        n1_0.message,
        n1_0.message_km,
        n1_0.title,
        n1_0.title_km,
        n1_0.type,
        n1_0.user_id 
    from
        notification n1_0 
    where
        n1_0.user_id=? 
    order by
        n1_0.created_at desc
Hibernate: 
    select
        u1_0.Userid,
        u1_0.created_at,
        u1_0.DateofBirth,
        u1_0.Email,
        u1_0.Full_name,
        u1_0.Last_name,
        u1_0.Password_hash,
        u1_0.Phone_number,
        u1_0.Profile_image,
        u1_0.ROLE,
        u1_0.STATUS,
        u1_0.updated_at 
    from
        users u1_0 
    where
        u1_0.Email=?
Hibernate: 
    select
        n1_0.notification_id,
        n1_0.created_at,
        n1_0.is_read,
        n1_0.job_id,
        n1_0.message,
        n1_0.message_km,
        n1_0.title,
        n1_0.title_km,
        n1_0.type,
        n1_0.user_id 
    from
        notification n1_0 
    where
        n1_0.user_id=? 
    order by
        n1_0.created_at desc
Hibernate: 
    select
        u1_0.Userid,
        u1_0.created_at,
        u1_0.DateofBirth,
        u1_0.Email,
        u1_0.Full_name,
        u1_0.Last_name,
        u1_0.Password_hash,
        u1_0.Phone_number,
        u1_0.Profile_image,
        u1_0.ROLE,
        u1_0.STATUS,
        u1_0.updated_at 
    from
        users u1_0 
    where
        u1_0.Email=?
Hibernate: 
    select
        j1_0.id,
        j1_0.address,
        j1_0.assigned_at,
        j1_0.booking_type,
        j1_0.category,
        j1_0.completed_at,
        j1_0.created_at,
        j1_0.customer_name,
        j1_0.customer_phone,
        j1_0.customer_user_id,
        j1_0.description,
        j1_0.lat,
        j1_0.lng,
        j1_0.notes,
        j1_0.scheduled_at,
        j1_0.starting_price,
        j1_0.status,
        j1_0.technician_id 
    from
        job j1_0
Hibernate: 
    select
        t1_0.technician_id,
        t1_0.approval_status,
        t1_0.approved_at,
        t1_0.availability_status,
        t1_0.average_rating,
        t1_0.business_name,
        t1_0.category_id,
        t1_0.created_at,
        t1_0.description,
        t1_0.experience_year,
        t1_0.opening_hours,
        t1_0.photo,
        t1_0.photo_content_type,
        t1_0.rating_count,
        t1_0.rejection_reason,
        t1_0.service_area,
        t1_0.updated_at,
        t1_0.user_id,
        t1_0.verified 
    from
        technician t1_0 
    where
        t1_0.technician_id=?
Hibernate: 
    select
        u1_0.Userid,
        u1_0.created_at,
        u1_0.DateofBirth,
        u1_0.Email,
        u1_0.Full_name,
        u1_0.Last_name,
        u1_0.Password_hash,
        u1_0.Phone_number,
        u1_0.Profile_image,
        u1_0.ROLE,
        u1_0.STATUS,
        u1_0.updated_at 
    from
        users u1_0 
    where
        u1_0.Userid=?
Hibernate: 
    select
        tll1_0.id,
        tll1_0.accuracy,
        tll1_0.created_at,
        tll1_0.last_update,
        tll1_0.latitude,
        tll1_0.longitude,
        tll1_0.technician_id 
    from
        technician_live_locations tll1_0 
    where
        tll1_0.technician_id=?
Hibernate: 
    select
        tll1_0.id,
        tll1_0.accuracy,
        tll1_0.created_at,
        tll1_0.last_update,
        tll1_0.latitude,
        tll1_0.longitude,
        tll1_0.technician_id 
    from
        technician_live_locations tll1_0 
    where
        tll1_0.technician_id=?
Hibernate: 
    select
        t1_0.technician_id,
        t1_0.approval_status,
        t1_0.approved_at,
        t1_0.availability_status,
        t1_0.average_rating,
        t1_0.business_name,
        t1_0.category_id,
        t1_0.created_at,
        t1_0.description,
        t1_0.experience_year,
        t1_0.opening_hours,
        t1_0.photo,
        t1_0.photo_content_type,
        t1_0.rating_count,
        t1_0.rejection_reason,
        t1_0.service_area,
        t1_0.updated_at,
        t1_0.user_id,
        t1_0.verified 
    from
        technician t1_0 
    where
        t1_0.technician_id=?
Hibernate: 
    select
        u1_0.Userid,
        u1_0.created_at,
        u1_0.DateofBirth,
        u1_0.Email,
        u1_0.Full_name,
        u1_0.Last_name,
        u1_0.Password_hash,
        u1_0.Phone_number,
        u1_0.Profile_image,
        u1_0.ROLE,
        u1_0.STATUS,
        u1_0.updated_at 
    from
        users u1_0 
    where
        u1_0.Userid=?
Hibernate: 
    select
        tll1_0.id,
        tll1_0.accuracy,
        tll1_0.created_at,
        tll1_0.last_update,
        tll1_0.latitude,
        tll1_0.longitude,
        tll1_0.technician_id 
    from
        technician_live_locations tll1_0 
    where
        tll1_0.technician_id=?
Hibernate: 
    select
        t1_0.technician_id,
        t1_0.approval_status,
        t1_0.approved_at,
        t1_0.availability_status,
        t1_0.average_rating,
        t1_0.business_name,
        t1_0.category_id,
        t1_0.created_at,
        t1_0.description,
        t1_0.experience_year,
        t1_0.opening_hours,
        t1_0.photo,
        t1_0.photo_content_type,
        t1_0.rating_count,
        t1_0.rejection_reason,
        t1_0.service_area,
        t1_0.updated_at,
        t1_0.user_id,
        t1_0.verified 
    from
        technician t1_0 
    where
        t1_0.technician_id=?
Hibernate: 
    select
        u1_0.Userid,
        u1_0.created_at,
        u1_0.DateofBirth,
        u1_0.Email,
        u1_0.Full_name,
        u1_0.Last_name,
        u1_0.Password_hash,
        u1_0.Phone_number,
        u1_0.Profile_image,
        u1_0.ROLE,
        u1_0.STATUS,
        u1_0.updated_at 
    from
        users u1_0 
    where
        u1_0.Userid=?
Hibernate: 
    select
        tll1_0.id,
        tll1_0.accuracy,
        tll1_0.created_at,
        tll1_0.last_update,
        tll1_0.latitude,
        tll1_0.longitude,
        tll1_0.technician_id 
    from
        technician_live_locations tll1_0 
    where
        tll1_0.technician_id=?
Hibernate: 
    select
        t1_0.technician_id,
        t1_0.approval_status,
        t1_0.approved_at,
        t1_0.availability_status,
        t1_0.average_rating,
        t1_0.business_name,
        t1_0.category_id,
        t1_0.created_at,
        t1_0.description,
        t1_0.experience_year,
        t1_0.opening_hours,
        t1_0.photo,
        t1_0.photo_content_type,
        t1_0.rating_count,
        t1_0.rejection_reason,
        t1_0.service_area,
        t1_0.updated_at,
        t1_0.user_id,
        t1_0.verified 
    from
        technician t1_0 
    where
        t1_0.technician_id=?
Hibernate: 
    select
        u1_0.Userid,
        u1_0.created_at,
        u1_0.DateofBirth,
        u1_0.Email,
        u1_0.Full_name,
        u1_0.Last_name,
        u1_0.Password_hash,
        u1_0.Phone_number,
        u1_0.Profile_image,
        u1_0.ROLE,
        u1_0.STATUS,
        u1_0.updated_at 
    from
        users u1_0 
    where
        u1_0.Userid=?
Hibernate: 
    select
        tll1_0.id,
        tll1_0.accuracy,
        tll1_0.created_at,
        tll1_0.last_update,
        tll1_0.latitude,
        tll1_0.longitude,
        tll1_0.technician_id 
    from
        technician_live_locations tll1_0 
    where
        tll1_0.technician_id=?
Hibernate: 
    select
        tll1_0.id,
        tll1_0.accuracy,
        tll1_0.created_at,
        tll1_0.last_update,
        tll1_0.latitude,
        tll1_0.longitude,
        tll1_0.technician_id 
    from
        technician_live_locations tll1_0 
    where
        tll1_0.technician_id=?
Hibernate: 
    select
        tll1_0.id,
        tll1_0.accuracy,
        tll1_0.created_at,
        tll1_0.last_update,
        tll1_0.latitude,
        tll1_0.longitude,
        tll1_0.technician_id 
    from
        technician_live_locations tll1_0 
    where
        tll1_0.technician_id=?
Hibernate: 
    select
        t1_0.technician_id,
        t1_0.approval_status,
        t1_0.approved_at,
        t1_0.availability_status,
        t1_0.average_rating,
        t1_0.business_name,
        t1_0.category_id,
        t1_0.created_at,
        t1_0.description,
        t1_0.experience_year,
        t1_0.opening_hours,
        t1_0.photo,
        t1_0.photo_content_type,
        t1_0.rating_count,
        t1_0.rejection_reason,
        t1_0.service_area,
        t1_0.updated_at,
        t1_0.user_id,
        t1_0.verified 
    from
        technician t1_0 
    where
        t1_0.technician_id=?
Hibernate: 
    select
        u1_0.Userid,
        u1_0.created_at,
        u1_0.DateofBirth,
        u1_0.Email,
        u1_0.Full_name,
        u1_0.Last_name,
        u1_0.Password_hash,
        u1_0.Phone_number,
        u1_0.Profile_image,
        u1_0.ROLE,
        u1_0.STATUS,
        u1_0.updated_at 
    from
        users u1_0 
    where
        u1_0.Userid=?
Hibernate: 
    select
        tll1_0.id,
        tll1_0.accuracy,
        tll1_0.created_at,
        tll1_0.last_update,
        tll1_0.latitude,
        tll1_0.longitude,
        tll1_0.technician_id 
    from
        technician_live_locations tll1_0 
    where
        tll1_0.technician_id=?
Hibernate: 
    select
        t1_0.technician_id,
        t1_0.approval_status,
        t1_0.approved_at,
        t1_0.availability_status,
        t1_0.average_rating,
        t1_0.business_name,
        t1_0.category_id,
        t1_0.created_at,
        t1_0.description,
        t1_0.experience_year,
        t1_0.opening_hours,
        t1_0.photo,
        t1_0.photo_content_type,
        t1_0.rating_count,
        t1_0.rejection_reason,
        t1_0.service_area,
        t1_0.updated_at,
        t1_0.user_id,
        t1_0.verified 
    from
        technician t1_0 
    where
        t1_0.technician_id=?
Hibernate: 
    select
        u1_0.Userid,
        u1_0.created_at,
        u1_0.DateofBirth,
        u1_0.Email,
        u1_0.Full_name,
        u1_0.Last_name,
        u1_0.Password_hash,
        u1_0.Phone_number,
        u1_0.Profile_image,
        u1_0.ROLE,
        u1_0.STATUS,
        u1_0.updated_at 
    from
        users u1_0 
    where
        u1_0.Userid=?
Hibernate: 
    select
        tll1_0.id,
        tll1_0.accuracy,
        tll1_0.created_at,
        tll1_0.last_update,
        tll1_0.latitude,
        tll1_0.longitude,
        tll1_0.technician_id 
    from
        technician_live_locations tll1_0 
    where
        tll1_0.technician_id=?
Hibernate: 
    select
        t1_0.technician_id,
        t1_0.approval_status,
        t1_0.approved_at,
        t1_0.availability_status,
        t1_0.average_rating,
        t1_0.business_name,
        t1_0.category_id,
        t1_0.created_at,
        t1_0.description,
        t1_0.experience_year,
        t1_0.opening_hours,
        t1_0.photo,
        t1_0.photo_content_type,
        t1_0.rating_count,
        t1_0.rejection_reason,
        t1_0.service_area,
        t1_0.updated_at,
        t1_0.user_id,
        t1_0.verified 
    from
        technician t1_0 
    where
        t1_0.technician_id=?
Hibernate: 
    select
        u1_0.Userid,
        u1_0.created_at,
        u1_0.DateofBirth,
        u1_0.Email,
        u1_0.Full_name,
        u1_0.Last_name,
        u1_0.Password_hash,
        u1_0.Phone_number,
        u1_0.Profile_image,
        u1_0.ROLE,
        u1_0.STATUS,
        u1_0.updated_at 
    from
        users u1_0 
    where
        u1_0.Userid=?
Hibernate: 
    select
        tll1_0.id,
        tll1_0.accuracy,
        tll1_0.created_at,
        tll1_0.last_update,
        tll1_0.latitude,
        tll1_0.longitude,
        tll1_0.technician_id 
    from
        technician_live_locations tll1_0 
    where
        tll1_0.technician_id=?
Hibernate: 
    select
        u1_0.Userid,
        u1_0.created_at,
        u1_0.DateofBirth,
        u1_0.Email,
        u1_0.Full_name,
        u1_0.Last_name,
        u1_0.Password_hash,
        u1_0.Phone_number,
        u1_0.Profile_image,
        u1_0.ROLE,
        u1_0.STATUS,
        u1_0.updated_at 
    from
        users u1_0 
    where
        u1_0.Email=?
Hibernate: 
    select
        n1_0.notification_id,
        n1_0.created_at,
        n1_0.is_read,
        n1_0.job_id,
        n1_0.message,
        n1_0.message_km,
        n1_0.title,
        n1_0.title_km,
        n1_0.type,
        n1_0.user_id 
    from
        notification n1_0 
    where
        n1_0.user_id=? 
    order by
        n1_0.created_at desc
Hibernate: 
    select
        u1_0.Userid,
        u1_0.created_at,
        u1_0.DateofBirth,
        u1_0.Email,
        u1_0.Full_name,
        u1_0.Last_name,
        u1_0.Password_hash,
        u1_0.Phone_number,
        u1_0.Profile_image,
        u1_0.ROLE,
        u1_0.STATUS,
        u1_0.updated_at 
    from
        users u1_0 
    where
        u1_0.Email=?
Hibernate: 
    select
        j1_0.id,
        j1_0.address,
        j1_0.assigned_at,
        j1_0.booking_type,
        j1_0.category,
        j1_0.completed_at,
        j1_0.created_at,
        j1_0.customer_name,
        j1_0.customer_phone,
        j1_0.customer_user_id,
        j1_0.description,
        j1_0.lat,
        j1_0.lng,
        j1_0.notes,
        j1_0.scheduled_at,
        j1_0.starting_price,
        j1_0.status,
        j1_0.technician_id 
    from
        job j1_0
Hibernate: 
    select
        t1_0.technician_id,
        t1_0.approval_status,
        t1_0.approved_at,
        t1_0.availability_status,
        t1_0.average_rating,
        t1_0.business_name,
        t1_0.category_id,
        t1_0.created_at,
        t1_0.description,
        t1_0.experience_year,
        t1_0.opening_hours,
        t1_0.photo,
        t1_0.photo_content_type,
        t1_0.rating_count,
        t1_0.rejection_reason,
        t1_0.service_area,
        t1_0.updated_at,
        t1_0.user_id,
        t1_0.verified 
    from
        technician t1_0 
    where
        t1_0.technician_id=?
Hibernate: 
    select
        u1_0.Userid,
        u1_0.created_at,
        u1_0.DateofBirth,
        u1_0.Email,
        u1_0.Full_name,
        u1_0.Last_name,
        u1_0.Password_hash,
        u1_0.Phone_number,
        u1_0.Profile_image,
        u1_0.ROLE,
        u1_0.STATUS,
        u1_0.updated_at 
    from
        users u1_0 
    where
        u1_0.Userid=?
Hibernate: 
    select
        tll1_0.id,
        tll1_0.accuracy,
        tll1_0.created_at,
        tll1_0.last_update,
        tll1_0.latitude,
        tll1_0.longitude,
        tll1_0.technician_id 
    from
        technician_live_locations tll1_0 
    where
        tll1_0.technician_id=?
Hibernate: 
    select
        tll1_0.id,
        tll1_0.accuracy,
        tll1_0.created_at,
        tll1_0.last_update,
        tll1_0.latitude,
        tll1_0.longitude,
        tll1_0.technician_id 
    from
        technician_live_locations tll1_0 
    where
        tll1_0.technician_id=?
Hibernate: 
    select
        t1_0.technician_id,
        t1_0.approval_status,
        t1_0.approved_at,
        t1_0.availability_status,
        t1_0.average_rating,
        t1_0.business_name,
        t1_0.category_id,
        t1_0.created_at,
        t1_0.description,
        t1_0.experience_year,
        t1_0.opening_hours,
        t1_0.photo,
        t1_0.photo_content_type,
        t1_0.rating_count,
        t1_0.rejection_reason,
        t1_0.service_area,
        t1_0.updated_at,
        t1_0.user_id,
        t1_0.verified 
    from
        technician t1_0 
    where
        t1_0.technician_id=?
Hibernate: 
    select
        u1_0.Userid,
        u1_0.created_at,
        u1_0.DateofBirth,
        u1_0.Email,
        u1_0.Full_name,
        u1_0.Last_name,
        u1_0.Password_hash,
        u1_0.Phone_number,
        u1_0.Profile_image,
        u1_0.ROLE,
        u1_0.STATUS,
        u1_0.updated_at 
    from
        users u1_0 
    where
        u1_0.Userid=?
Hibernate: 
    select
        tll1_0.id,
        tll1_0.accuracy,
        tll1_0.created_at,
        tll1_0.last_update,
        tll1_0.latitude,
        tll1_0.longitude,
        tll1_0.technician_id 
    from
        technician_live_locations tll1_0 
    where
        tll1_0.technician_id=?
Hibernate: 
    select
        t1_0.technician_id,
        t1_0.approval_status,
        t1_0.approved_at,
        t1_0.availability_status,
        t1_0.average_rating,
        t1_0.business_name,
        t1_0.category_id,
        t1_0.created_at,
        t1_0.description,
        t1_0.experience_year,
        t1_0.opening_hours,
        t1_0.photo,
        t1_0.photo_content_type,
        t1_0.rating_count,
        t1_0.rejection_reason,
        t1_0.service_area,
        t1_0.updated_at,
        t1_0.user_id,
        t1_0.verified 
    from
        technician t1_0 
    where
        t1_0.technician_id=?
Hibernate: 
    select
        u1_0.Userid,
        u1_0.created_at,
        u1_0.DateofBirth,
        u1_0.Email,
        u1_0.Full_name,
        u1_0.Last_name,
        u1_0.Password_hash,
        u1_0.Phone_number,
        u1_0.Profile_image,
        u1_0.ROLE,
        u1_0.STATUS,
        u1_0.updated_at 
    from
        users u1_0 
    where
        u1_0.Userid=?
Hibernate: 
    select
        tll1_0.id,
        tll1_0.accuracy,
        tll1_0.created_at,
        tll1_0.last_update,
        tll1_0.latitude,
        tll1_0.longitude,
        tll1_0.technician_id 
    from
        technician_live_locations tll1_0 
    where
        tll1_0.technician_id=?
Hibernate: 
    select
        t1_0.technician_id,
        t1_0.approval_status,
        t1_0.approved_at,
        t1_0.availability_status,
        t1_0.average_rating,
        t1_0.business_name,
        t1_0.category_id,
        t1_0.created_at,
        t1_0.description,
        t1_0.experience_year,
        t1_0.opening_hours,
        t1_0.photo,
        t1_0.photo_content_type,
        t1_0.rating_count,
        t1_0.rejection_reason,
        t1_0.service_area,
        t1_0.updated_at,
        t1_0.user_id,
        t1_0.verified 
    from
        technician t1_0 
    where
        t1_0.technician_id=?
Hibernate: 
    select
        u1_0.Userid,
        u1_0.created_at,
        u1_0.DateofBirth,
        u1_0.Email,
        u1_0.Full_name,
        u1_0.Last_name,
        u1_0.Password_hash,
        u1_0.Phone_number,
        u1_0.Profile_image,
        u1_0.ROLE,
        u1_0.STATUS,
        u1_0.updated_at 
    from
        users u1_0 
    where
        u1_0.Userid=?
Hibernate: 
    select
        tll1_0.id,
        tll1_0.accuracy,
        tll1_0.created_at,
        tll1_0.last_update,
        tll1_0.latitude,
        tll1_0.longitude,
        tll1_0.technician_id 
    from
        technician_live_locations tll1_0 
    where
        tll1_0.technician_id=?
Hibernate: 
    select
        tll1_0.id,
        tll1_0.accuracy,
        tll1_0.created_at,
        tll1_0.last_update,
        tll1_0.latitude,
        tll1_0.longitude,
        tll1_0.technician_id 
    from
        technician_live_locations tll1_0 
    where
        tll1_0.technician_id=?
Hibernate: 
    select
        tll1_0.id,
        tll1_0.accuracy,
        tll1_0.created_at,
        tll1_0.last_update,
        tll1_0.latitude,
        tll1_0.longitude,
        tll1_0.technician_id 
    from
        technician_live_locations tll1_0 
    where
        tll1_0.technician_id=?
Hibernate: 
    select
        t1_0.technician_id,
        t1_0.approval_status,
        t1_0.approved_at,
        t1_0.availability_status,
        t1_0.average_rating,
        t1_0.business_name,
        t1_0.category_id,
        t1_0.created_at,
        t1_0.description,
        t1_0.experience_year,
        t1_0.opening_hours,
        t1_0.photo,
        t1_0.photo_content_type,
        t1_0.rating_count,
        t1_0.rejection_reason,
        t1_0.service_area,
        t1_0.updated_at,
        t1_0.user_id,
        t1_0.verified 
    from
        technician t1_0 
    where
        t1_0.technician_id=?
Hibernate: 
    select
        u1_0.Userid,
        u1_0.created_at,
        u1_0.DateofBirth,
        u1_0.Email,
        u1_0.Full_name,
        u1_0.Last_name,
        u1_0.Password_hash,
        u1_0.Phone_number,
        u1_0.Profile_image,
        u1_0.ROLE,
        u1_0.STATUS,
        u1_0.updated_at 
    from
        users u1_0 
    where
        u1_0.Userid=?
Hibernate: 
    select
        tll1_0.id,
        tll1_0.accuracy,
        tll1_0.created_at,
        tll1_0.last_update,
        tll1_0.latitude,
        tll1_0.longitude,
        tll1_0.technician_id 
    from
        technician_live_locations tll1_0 
    where
        tll1_0.technician_id=?
Hibernate: 
    select
        t1_0.technician_id,
        t1_0.approval_status,
        t1_0.approved_at,
        t1_0.availability_status,
        t1_0.average_rating,
        t1_0.business_name,
        t1_0.category_id,
        t1_0.created_at,
        t1_0.description,
        t1_0.experience_year,
        t1_0.opening_hours,
        t1_0.photo,
        t1_0.photo_content_type,
        t1_0.rating_count,
        t1_0.rejection_reason,
        t1_0.service_area,
        t1_0.updated_at,
        t1_0.user_id,
        t1_0.verified 
    from
        technician t1_0 
    where
        t1_0.technician_id=?
Hibernate: 
    select
        u1_0.Userid,
        u1_0.created_at,
        u1_0.DateofBirth,
        u1_0.Email,
        u1_0.Full_name,
        u1_0.Last_name,
        u1_0.Password_hash,
        u1_0.Phone_number,
        u1_0.Profile_image,
        u1_0.ROLE,
        u1_0.STATUS,
        u1_0.updated_at 
    from
        users u1_0 
    where
        u1_0.Userid=?
Hibernate: 
    select
        tll1_0.id,
        tll1_0.accuracy,
        tll1_0.created_at,
        tll1_0.last_update,
        tll1_0.latitude,
        tll1_0.longitude,
        tll1_0.technician_id 
    from
        technician_live_locations tll1_0 
    where
        tll1_0.technician_id=?
Hibernate: 
    select
        t1_0.technician_id,
        t1_0.approval_status,
        t1_0.approved_at,
        t1_0.availability_status,
        t1_0.average_rating,
        t1_0.business_name,
        t1_0.category_id,
        t1_0.created_at,
        t1_0.description,
        t1_0.experience_year,
        t1_0.opening_hours,
        t1_0.photo,
        t1_0.photo_content_type,
        t1_0.rating_count,
        t1_0.rejection_reason,
        t1_0.service_area,
        t1_0.updated_at,
        t1_0.user_id,
        t1_0.verified 
    from
        technician t1_0 
    where
        t1_0.technician_id=?
Hibernate: 
    select
        u1_0.Userid,
        u1_0.created_at,
        u1_0.DateofBirth,
        u1_0.Email,
        u1_0.Full_name,
        u1_0.Last_name,
        u1_0.Password_hash,
        u1_0.Phone_number,
        u1_0.Profile_image,
        u1_0.ROLE,
        u1_0.STATUS,
        u1_0.updated_at 
    from
        users u1_0 
    where
        u1_0.Userid=?
Hibernate: 
    select
        tll1_0.id,
        tll1_0.accuracy,
        tll1_0.created_at,
        tll1_0.last_update,
        tll1_0.latitude,
        tll1_0.longitude,
        tll1_0.technician_id 
    from
        technician_live_locations tll1_0 
    where
        tll1_0.technician_id=?
Hibernate: 
    select
        u1_0.Userid,
        u1_0.created_at,
        u1_0.DateofBirth,
        u1_0.Email,
        u1_0.Full_name,
        u1_0.Last_name,
        u1_0.Password_hash,
        u1_0.Phone_number,
        u1_0.Profile_image,
        u1_0.ROLE,
        u1_0.STATUS,
        u1_0.updated_at 
    from
        users u1_0 
    where
        u1_0.Email=?
Hibernate: 
    select
        n1_0.notification_id,
        n1_0.created_at,
        n1_0.is_read,
        n1_0.job_id,
        n1_0.message,
        n1_0.message_km,
        n1_0.title,
        n1_0.title_km,
        n1_0.type,
        n1_0.user_id 
    from
        notification n1_0 
    where
        n1_0.user_id=? 
    order by
        n1_0.created_at desc
Hibernate: 
    select
        u1_0.Userid,
        u1_0.created_at,
        u1_0.DateofBirth,
        u1_0.Email,
        u1_0.Full_name,
        u1_0.Last_name,
        u1_0.Password_hash,
        u1_0.Phone_number,
        u1_0.Profile_image,
        u1_0.ROLE,
        u1_0.STATUS,
        u1_0.updated_at 
    from
        users u1_0 
    where
        u1_0.Email=?
Hibernate: 
    select
        n1_0.notification_id,
        n1_0.created_at,
        n1_0.is_read,
        n1_0.job_id,
        n1_0.message,
        n1_0.message_km,
        n1_0.title,
        n1_0.title_km,
        n1_0.type,
        n1_0.user_id 
    from
        notification n1_0 
    where
        n1_0.user_id=? 
    order by
        n1_0.created_at desc
Hibernate: 
    select
        u1_0.Userid,
        u1_0.created_at,
        u1_0.DateofBirth,
        u1_0.Email,
        u1_0.Full_name,
        u1_0.Last_name,
        u1_0.Password_hash,
        u1_0.Phone_number,
        u1_0.Profile_image,
        u1_0.ROLE,
        u1_0.STATUS,
        u1_0.updated_at 
    from
        users u1_0 
    where
        u1_0.Email=?
Hibernate: 
    select
        j1_0.id,
        j1_0.address,
        j1_0.assigned_at,
        j1_0.booking_type,
        j1_0.category,
        j1_0.completed_at,
        j1_0.created_at,
        j1_0.customer_name,
        j1_0.customer_phone,
        j1_0.customer_user_id,
        j1_0.description,
        j1_0.lat,
        j1_0.lng,
        j1_0.notes,
        j1_0.scheduled_at,
        j1_0.starting_price,
        j1_0.status,
        j1_0.technician_id 
    from
        job j1_0
Hibernate: 
    select
        t1_0.technician_id,
        t1_0.approval_status,
        t1_0.approved_at,
        t1_0.availability_status,
        t1_0.average_rating,
        t1_0.business_name,
        t1_0.category_id,
        t1_0.created_at,
        t1_0.description,
        t1_0.experience_year,
        t1_0.opening_hours,
        t1_0.photo,
        t1_0.photo_content_type,
        t1_0.rating_count,
        t1_0.rejection_reason,
        t1_0.service_area,
        t1_0.updated_at,
        t1_0.user_id,
        t1_0.verified 
    from
        technician t1_0 
    where
        t1_0.technician_id=?
Hibernate: 
    select
        u1_0.Userid,
        u1_0.created_at,
        u1_0.DateofBirth,
        u1_0.Email,
        u1_0.Full_name,
        u1_0.Last_name,
        u1_0.Password_hash,
        u1_0.Phone_number,
        u1_0.Profile_image,
        u1_0.ROLE,
        u1_0.STATUS,
        u1_0.updated_at 
    from
        users u1_0 
    where
        u1_0.Userid=?
Hibernate: 
    select
        tll1_0.id,
        tll1_0.accuracy,
        tll1_0.created_at,
        tll1_0.last_update,
        tll1_0.latitude,
        tll1_0.longitude,
        tll1_0.technician_id 
    from
        technician_live_locations tll1_0 
    where
        tll1_0.technician_id=?
Hibernate: 
    select
        tll1_0.id,
        tll1_0.accuracy,
        tll1_0.created_at,
        tll1_0.last_update,
        tll1_0.latitude,
        tll1_0.longitude,
        tll1_0.technician_id 
    from
        technician_live_locations tll1_0 
    where
        tll1_0.technician_id=?
Hibernate: 
    select
        t1_0.technician_id,
        t1_0.approval_status,
        t1_0.approved_at,
        t1_0.availability_status,
        t1_0.average_rating,
        t1_0.business_name,
        t1_0.category_id,
        t1_0.created_at,
        t1_0.description,
        t1_0.experience_year,
        t1_0.opening_hours,
        t1_0.photo,
        t1_0.photo_content_type,
        t1_0.rating_count,
        t1_0.rejection_reason,
        t1_0.service_area,
        t1_0.updated_at,
        t1_0.user_id,
        t1_0.verified 
    from
        technician t1_0 
    where
        t1_0.technician_id=?
Hibernate: 
    select
        u1_0.Userid,
        u1_0.created_at,
        u1_0.DateofBirth,
        u1_0.Email,
        u1_0.Full_name,
        u1_0.Last_name,
        u1_0.Password_hash,
        u1_0.Phone_number,
        u1_0.Profile_image,
        u1_0.ROLE,
        u1_0.STATUS,
        u1_0.updated_at 
    from
        users u1_0 
    where
        u1_0.Userid=?
Hibernate: 
    select
        tll1_0.id,
        tll1_0.accuracy,
        tll1_0.created_at,
        tll1_0.last_update,
        tll1_0.latitude,
        tll1_0.longitude,
        tll1_0.technician_id 
    from
        technician_live_locations tll1_0 
    where
        tll1_0.technician_id=?
Hibernate: 
    select
        t1_0.technician_id,
        t1_0.approval_status,
        t1_0.approved_at,
        t1_0.availability_status,
        t1_0.average_rating,
        t1_0.business_name,
        t1_0.category_id,
        t1_0.created_at,
        t1_0.description,
        t1_0.experience_year,
        t1_0.opening_hours,
        t1_0.photo,
        t1_0.photo_content_type,
        t1_0.rating_count,
        t1_0.rejection_reason,
        t1_0.service_area,
        t1_0.updated_at,
        t1_0.user_id,
        t1_0.verified 
    from
        technician t1_0 
    where
        t1_0.technician_id=?
Hibernate: 
    select
        u1_0.Userid,
        u1_0.created_at,
        u1_0.DateofBirth,
        u1_0.Email,
        u1_0.Full_name,
        u1_0.Last_name,
        u1_0.Password_hash,
        u1_0.Phone_number,
        u1_0.Profile_image,
        u1_0.ROLE,
        u1_0.STATUS,
        u1_0.updated_at 
    from
        users u1_0 
    where
        u1_0.Userid=?
Hibernate: 
    select
        tll1_0.id,
        tll1_0.accuracy,
        tll1_0.created_at,
        tll1_0.last_update,
        tll1_0.latitude,
        tll1_0.longitude,
        tll1_0.technician_id 
    from
        technician_live_locations tll1_0 
    where
        tll1_0.technician_id=?
Hibernate: 
    select
        t1_0.technician_id,
        t1_0.approval_status,
        t1_0.approved_at,
        t1_0.availability_status,
        t1_0.average_rating,
        t1_0.business_name,
        t1_0.category_id,
        t1_0.created_at,
        t1_0.description,
        t1_0.experience_year,
        t1_0.opening_hours,
        t1_0.photo,
        t1_0.photo_content_type,
        t1_0.rating_count,
        t1_0.rejection_reason,
        t1_0.service_area,
        t1_0.updated_at,
        t1_0.user_id,
        t1_0.verified 
    from
        technician t1_0 
    where
        t1_0.technician_id=?
Hibernate: 
    select
        u1_0.Userid,
        u1_0.created_at,
        u1_0.DateofBirth,
        u1_0.Email,
        u1_0.Full_name,
        u1_0.Last_name,
        u1_0.Password_hash,
        u1_0.Phone_number,
        u1_0.Profile_image,
        u1_0.ROLE,
        u1_0.STATUS,
        u1_0.updated_at 
    from
        users u1_0 
    where
        u1_0.Userid=?
Hibernate: 
    select
        tll1_0.id,
        tll1_0.accuracy,
        tll1_0.created_at,
        tll1_0.last_update,
        tll1_0.latitude,
        tll1_0.longitude,
        tll1_0.technician_id 
    from
        technician_live_locations tll1_0 
    where
        tll1_0.technician_id=?
Hibernate: 
    select
        tll1_0.id,
        tll1_0.accuracy,
        tll1_0.created_at,
        tll1_0.last_update,
        tll1_0.latitude,
        tll1_0.longitude,
        tll1_0.technician_id 
    from
        technician_live_locations tll1_0 
    where
        tll1_0.technician_id=?
Hibernate: 
    select
        tll1_0.id,
        tll1_0.accuracy,
        tll1_0.created_at,
        tll1_0.last_update,
        tll1_0.latitude,
        tll1_0.longitude,
        tll1_0.technician_id 
    from
        technician_live_locations tll1_0 
    where
        tll1_0.technician_id=?
Hibernate: 
    select
        t1_0.technician_id,
        t1_0.approval_status,
        t1_0.approved_at,
        t1_0.availability_status,
        t1_0.average_rating,
        t1_0.business_name,
        t1_0.category_id,
        t1_0.created_at,
        t1_0.description,
        t1_0.experience_year,
        t1_0.opening_hours,
        t1_0.photo,
        t1_0.photo_content_type,
        t1_0.rating_count,
        t1_0.rejection_reason,
        t1_0.service_area,
        t1_0.updated_at,
        t1_0.user_id,
        t1_0.verified 
    from
        technician t1_0 
    where
        t1_0.technician_id=?
Hibernate: 
    select
        u1_0.Userid,
        u1_0.created_at,
        u1_0.DateofBirth,
        u1_0.Email,
        u1_0.Full_name,
        u1_0.Last_name,
        u1_0.Password_hash,
        u1_0.Phone_number,
        u1_0.Profile_image,
        u1_0.ROLE,
        u1_0.STATUS,
        u1_0.updated_at 
    from
        users u1_0 
    where
        u1_0.Userid=?
Hibernate: 
    select
        tll1_0.id,
        tll1_0.accuracy,
        tll1_0.created_at,
        tll1_0.last_update,
        tll1_0.latitude,
        tll1_0.longitude,
        tll1_0.technician_id 
    from
        technician_live_locations tll1_0 
    where
        tll1_0.technician_id=?
Hibernate: 
    select
        t1_0.technician_id,
        t1_0.approval_status,
        t1_0.approved_at,
        t1_0.availability_status,
        t1_0.average_rating,
        t1_0.business_name,
        t1_0.category_id,
        t1_0.created_at,
        t1_0.description,
        t1_0.experience_year,
        t1_0.opening_hours,
        t1_0.photo,
        t1_0.photo_content_type,
        t1_0.rating_count,
        t1_0.rejection_reason,
        t1_0.service_area,
        t1_0.updated_at,
        t1_0.user_id,
        t1_0.verified 
    from
        technician t1_0 
    where
        t1_0.technician_id=?
Hibernate: 
    select
        u1_0.Userid,
        u1_0.created_at,
        u1_0.DateofBirth,
        u1_0.Email,
        u1_0.Full_name,
        u1_0.Last_name,
        u1_0.Password_hash,
        u1_0.Phone_number,
        u1_0.Profile_image,
        u1_0.ROLE,
        u1_0.STATUS,
        u1_0.updated_at 
    from
        users u1_0 
    where
        u1_0.Userid=?
Hibernate: 
    select
        tll1_0.id,
        tll1_0.accuracy,
        tll1_0.created_at,
        tll1_0.last_update,
        tll1_0.latitude,
        tll1_0.longitude,
        tll1_0.technician_id 
    from
        technician_live_locations tll1_0 
    where
        tll1_0.technician_id=?
Hibernate: 
    select
        t1_0.technician_id,
        t1_0.approval_status,
        t1_0.approved_at,
        t1_0.availability_status,
        t1_0.average_rating,
        t1_0.business_name,
        t1_0.category_id,
        t1_0.created_at,
        t1_0.description,
        t1_0.experience_year,
        t1_0.opening_hours,
        t1_0.photo,
        t1_0.photo_content_type,
        t1_0.rating_count,
        t1_0.rejection_reason,
        t1_0.service_area,
        t1_0.updated_at,
        t1_0.user_id,
        t1_0.verified 
    from
        technician t1_0 
    where
        t1_0.technician_id=?
Hibernate: 
    select
        u1_0.Userid,
        u1_0.created_at,
        u1_0.DateofBirth,
        u1_0.Email,
        u1_0.Full_name,
        u1_0.Last_name,
        u1_0.Password_hash,
        u1_0.Phone_number,
        u1_0.Profile_image,
        u1_0.ROLE,
        u1_0.STATUS,
        u1_0.updated_at 
    from
        users u1_0 
    where
        u1_0.Userid=?
Hibernate: 
    select
        tll1_0.id,
        tll1_0.accuracy,
        tll1_0.created_at,
        tll1_0.last_update,
        tll1_0.latitude,
        tll1_0.longitude,
        tll1_0.technician_id 
    from
        technician_live_locations tll1_0 
    where
        tll1_0.technician_id=?
Hibernate: 
    select
        u1_0.Userid,
        u1_0.created_at,
        u1_0.DateofBirth,
        u1_0.Email,
        u1_0.Full_name,
        u1_0.Last_name,
        u1_0.Password_hash,
        u1_0.Phone_number,
        u1_0.Profile_image,
        u1_0.ROLE,
        u1_0.STATUS,
        u1_0.updated_at 
    from
        users u1_0 
    where
        u1_0.Email=?
Hibernate: 
    select
        n1_0.notification_id,
        n1_0.created_at,
        n1_0.is_read,
        n1_0.job_id,
        n1_0.message,
        n1_0.message_km,
        n1_0.title,
        n1_0.title_km,
        n1_0.type,
        n1_0.user_id 
    from
        notification n1_0 
    where
        n1_0.user_id=? 
    order by
        n1_0.created_at desc
Hibernate: 
    select
        u1_0.Userid,
        u1_0.created_at,
        u1_0.DateofBirth,
        u1_0.Email,
        u1_0.Full_name,
        u1_0.Last_name,
        u1_0.Password_hash,
        u1_0.Phone_number,
        u1_0.Profile_image,
        u1_0.ROLE,
        u1_0.STATUS,
        u1_0.updated_at 
    from
        users u1_0 
    where
        u1_0.Email=?
Hibernate: 
    select
        n1_0.notification_id,
        n1_0.created_at,
        n1_0.is_read,
        n1_0.job_id,
        n1_0.message,
        n1_0.message_km,
        n1_0.title,
        n1_0.title_km,
        n1_0.type,
        n1_0.user_id 
    from
        notification n1_0 
    where
        n1_0.user_id=? 
    order by
        n1_0.created_at desc
Hibernate: 
    select
        u1_0.Userid,
        u1_0.created_at,
        u1_0.DateofBirth,
        u1_0.Email,
        u1_0.Full_name,
        u1_0.Last_name,
        u1_0.Password_hash,
        u1_0.Phone_number,
        u1_0.Profile_image,
        u1_0.ROLE,
        u1_0.STATUS,
        u1_0.updated_at 
    from
        users u1_0 
    where
        u1_0.Email=?
Hibernate: 
    select
        j1_0.id,
        j1_0.address,
        j1_0.assigned_at,
        j1_0.booking_type,
        j1_0.category,
        j1_0.completed_at,
        j1_0.created_at,
        j1_0.customer_name,
        j1_0.customer_phone,
        j1_0.customer_user_id,
        j1_0.description,
        j1_0.lat,
        j1_0.lng,
        j1_0.notes,
        j1_0.scheduled_at,
        j1_0.starting_price,
        j1_0.status,
        j1_0.technician_id 
    from
        job j1_0
Hibernate: 
    select
        t1_0.technician_id,
        t1_0.approval_status,
        t1_0.approved_at,
        t1_0.availability_status,
        t1_0.average_rating,
        t1_0.business_name,
        t1_0.category_id,
        t1_0.created_at,
        t1_0.description,
        t1_0.experience_year,
        t1_0.opening_hours,
        t1_0.photo,
        t1_0.photo_content_type,
        t1_0.rating_count,
        t1_0.rejection_reason,
        t1_0.service_area,
        t1_0.updated_at,
        t1_0.user_id,
        t1_0.verified 
    from
        technician t1_0 
    where
        t1_0.technician_id=?
Hibernate: 
    select
        u1_0.Userid,
        u1_0.created_at,
        u1_0.DateofBirth,
        u1_0.Email,
        u1_0.Full_name,
        u1_0.Last_name,
        u1_0.Password_hash,
        u1_0.Phone_number,
        u1_0.Profile_image,
        u1_0.ROLE,
        u1_0.STATUS,
        u1_0.updated_at 
    from
        users u1_0 
    where
        u1_0.Userid=?
Hibernate: 
    select
        tll1_0.id,
        tll1_0.accuracy,
        tll1_0.created_at,
        tll1_0.last_update,
        tll1_0.latitude,
        tll1_0.longitude,
        tll1_0.technician_id 
    from
        technician_live_locations tll1_0 
    where
        tll1_0.technician_id=?
Hibernate: 
    select
        tll1_0.id,
        tll1_0.accuracy,
        tll1_0.created_at,
        tll1_0.last_update,
        tll1_0.latitude,
        tll1_0.longitude,
        tll1_0.technician_id 
    from
        technician_live_locations tll1_0 
    where
        tll1_0.technician_id=?
Hibernate: 
    select
        t1_0.technician_id,
        t1_0.approval_status,
        t1_0.approved_at,
        t1_0.availability_status,
        t1_0.average_rating,
        t1_0.business_name,
        t1_0.category_id,
        t1_0.created_at,
        t1_0.description,
        t1_0.experience_year,
        t1_0.opening_hours,
        t1_0.photo,
        t1_0.photo_content_type,
        t1_0.rating_count,
        t1_0.rejection_reason,
        t1_0.service_area,
        t1_0.updated_at,
        t1_0.user_id,
        t1_0.verified 
    from
        technician t1_0 
    where
        t1_0.technician_id=?
Hibernate: 
    select
        u1_0.Userid,
        u1_0.created_at,
        u1_0.DateofBirth,
        u1_0.Email,
        u1_0.Full_name,
        u1_0.Last_name,
        u1_0.Password_hash,
        u1_0.Phone_number,
        u1_0.Profile_image,
        u1_0.ROLE,
        u1_0.STATUS,
        u1_0.updated_at 
    from
        users u1_0 
    where
        u1_0.Userid=?
Hibernate: 
    select
        tll1_0.id,
        tll1_0.accuracy,
        tll1_0.created_at,
        tll1_0.last_update,
        tll1_0.latitude,
        tll1_0.longitude,
        tll1_0.technician_id 
    from
        technician_live_locations tll1_0 
    where
        tll1_0.technician_id=?
Hibernate: 
    select
        t1_0.technician_id,
        t1_0.approval_status,
        t1_0.approved_at,
        t1_0.availability_status,
        t1_0.average_rating,
        t1_0.business_name,
        t1_0.category_id,
        t1_0.created_at,
        t1_0.description,
        t1_0.experience_year,
        t1_0.opening_hours,
        t1_0.photo,
        t1_0.photo_content_type,
        t1_0.rating_count,
        t1_0.rejection_reason,
        t1_0.service_area,
        t1_0.updated_at,
        t1_0.user_id,
        t1_0.verified 
    from
        technician t1_0 
    where
        t1_0.technician_id=?
Hibernate: 
    select
        u1_0.Userid,
        u1_0.created_at,
        u1_0.DateofBirth,
        u1_0.Email,
        u1_0.Full_name,
        u1_0.Last_name,
        u1_0.Password_hash,
        u1_0.Phone_number,
        u1_0.Profile_image,
        u1_0.ROLE,
        u1_0.STATUS,
        u1_0.updated_at 
    from
        users u1_0 
    where
        u1_0.Userid=?
Hibernate: 
    select
        tll1_0.id,
        tll1_0.accuracy,
        tll1_0.created_at,
        tll1_0.last_update,
        tll1_0.latitude,
        tll1_0.longitude,
        tll1_0.technician_id 
    from
        technician_live_locations tll1_0 
    where
        tll1_0.technician_id=?
Hibernate: 
    select
        t1_0.technician_id,
        t1_0.approval_status,
        t1_0.approved_at,
        t1_0.availability_status,
        t1_0.average_rating,
        t1_0.business_name,
        t1_0.category_id,
        t1_0.created_at,
        t1_0.description,
        t1_0.experience_year,
        t1_0.opening_hours,
        t1_0.photo,
        t1_0.photo_content_type,
        t1_0.rating_count,
        t1_0.rejection_reason,
        t1_0.service_area,
        t1_0.updated_at,
        t1_0.user_id,
        t1_0.verified 
    from
        technician t1_0 
    where
        t1_0.technician_id=?
Hibernate: 
    select
        u1_0.Userid,
        u1_0.created_at,
        u1_0.DateofBirth,
        u1_0.Email,
        u1_0.Full_name,
        u1_0.Last_name,
        u1_0.Password_hash,
        u1_0.Phone_number,
        u1_0.Profile_image,
        u1_0.ROLE,
        u1_0.STATUS,
        u1_0.updated_at 
    from
        users u1_0 
    where
        u1_0.Userid=?
Hibernate: 
    select
        tll1_0.id,
        tll1_0.accuracy,
        tll1_0.created_at,
        tll1_0.last_update,
        tll1_0.latitude,
        tll1_0.longitude,
        tll1_0.technician_id 
    from
        technician_live_locations tll1_0 
    where
        tll1_0.technician_id=?
Hibernate: 
    select
        tll1_0.id,
        tll1_0.accuracy,
        tll1_0.created_at,
        tll1_0.last_update,
        tll1_0.latitude,
        tll1_0.longitude,
        tll1_0.technician_id 
    from
        technician_live_locations tll1_0 
    where
        tll1_0.technician_id=?
Hibernate: 
    select
        tll1_0.id,
        tll1_0.accuracy,
        tll1_0.created_at,
        tll1_0.last_update,
        tll1_0.latitude,
        tll1_0.longitude,
        tll1_0.technician_id 
    from
        technician_live_locations tll1_0 
    where
        tll1_0.technician_id=?
Hibernate: 
    select
        t1_0.technician_id,
        t1_0.approval_status,
        t1_0.approved_at,
        t1_0.availability_status,
        t1_0.average_rating,
        t1_0.business_name,
        t1_0.category_id,
        t1_0.created_at,
        t1_0.description,
        t1_0.experience_year,
        t1_0.opening_hours,
        t1_0.photo,
        t1_0.photo_content_type,
        t1_0.rating_count,
        t1_0.rejection_reason,
        t1_0.service_area,
        t1_0.updated_at,
        t1_0.user_id,
        t1_0.verified 
    from
        technician t1_0 
    where
        t1_0.technician_id=?
Hibernate: 
    select
        u1_0.Userid,
        u1_0.created_at,
        u1_0.DateofBirth,
        u1_0.Email,
        u1_0.Full_name,
        u1_0.Last_name,
        u1_0.Password_hash,
        u1_0.Phone_number,
        u1_0.Profile_image,
        u1_0.ROLE,
        u1_0.STATUS,
        u1_0.updated_at 
    from
        users u1_0 
    where
        u1_0.Userid=?
Hibernate: 
    select
        tll1_0.id,
        tll1_0.accuracy,
        tll1_0.created_at,
        tll1_0.last_update,
        tll1_0.latitude,
        tll1_0.longitude,
        tll1_0.technician_id 
    from
        technician_live_locations tll1_0 
    where
        tll1_0.technician_id=?
Hibernate: 
    select
        t1_0.technician_id,
        t1_0.approval_status,
        t1_0.approved_at,
        t1_0.availability_status,
        t1_0.average_rating,
        t1_0.business_name,
        t1_0.category_id,
        t1_0.created_at,
        t1_0.description,
        t1_0.experience_year,
        t1_0.opening_hours,
        t1_0.photo,
        t1_0.photo_content_type,
        t1_0.rating_count,
        t1_0.rejection_reason,
        t1_0.service_area,
        t1_0.updated_at,
        t1_0.user_id,
        t1_0.verified 
    from
        technician t1_0 
    where
        t1_0.technician_id=?
Hibernate: 
    select
        u1_0.Userid,
        u1_0.created_at,
        u1_0.DateofBirth,
        u1_0.Email,
        u1_0.Full_name,
        u1_0.Last_name,
        u1_0.Password_hash,
        u1_0.Phone_number,
        u1_0.Profile_image,
        u1_0.ROLE,
        u1_0.STATUS,
        u1_0.updated_at 
    from
        users u1_0 
    where
        u1_0.Userid=?
Hibernate: 
    select
        tll1_0.id,
        tll1_0.accuracy,
        tll1_0.created_at,
        tll1_0.last_update,
        tll1_0.latitude,
        tll1_0.longitude,
        tll1_0.technician_id 
    from
        technician_live_locations tll1_0 
    where
        tll1_0.technician_id=?
Hibernate: 
    select
        t1_0.technician_id,
        t1_0.approval_status,
        t1_0.approved_at,
        t1_0.availability_status,
        t1_0.average_rating,
        t1_0.business_name,
        t1_0.category_id,
        t1_0.created_at,
        t1_0.description,
        t1_0.experience_year,
        t1_0.opening_hours,
        t1_0.photo,
        t1_0.photo_content_type,
        t1_0.rating_count,
        t1_0.rejection_reason,
        t1_0.service_area,
        t1_0.updated_at,
        t1_0.user_id,
        t1_0.verified 
    from
        technician t1_0 
    where
        t1_0.technician_id=?
Hibernate: 
    select
        u1_0.Userid,
        u1_0.created_at,
        u1_0.DateofBirth,
        u1_0.Email,
        u1_0.Full_name,
        u1_0.Last_name,
        u1_0.Password_hash,
        u1_0.Phone_number,
        u1_0.Profile_image,
        u1_0.ROLE,
        u1_0.STATUS,
        u1_0.updated_at 
    from
        users u1_0 
    where
        u1_0.Userid=?
Hibernate: 
    select
        tll1_0.id,
        tll1_0.accuracy,
        tll1_0.created_at,
        tll1_0.last_update,
        tll1_0.latitude,
        tll1_0.longitude,
        tll1_0.technician_id 
    from
        technician_live_locations tll1_0 
    where
        tll1_0.technician_id=?
Hibernate: 
    select
        u1_0.Userid,
        u1_0.created_at,
        u1_0.DateofBirth,
        u1_0.Email,
        u1_0.Full_name,
        u1_0.Last_name,
        u1_0.Password_hash,
        u1_0.Phone_number,
        u1_0.Profile_image,
        u1_0.ROLE,
        u1_0.STATUS,
        u1_0.updated_at 
    from
        users u1_0 
    where
        u1_0.Email=?
Hibernate: 
    select
        n1_0.notification_id,
        n1_0.created_at,
        n1_0.is_read,
        n1_0.job_id,
        n1_0.message,
        n1_0.message_km,
        n1_0.title,
        n1_0.title_km,
        n1_0.type,
        n1_0.user_id 
    from
        notification n1_0 
    where
        n1_0.user_id=? 
    order by
        n1_0.created_at desc
Hibernate: 
    select
        u1_0.Userid,
        u1_0.created_at,
        u1_0.DateofBirth,
        u1_0.Email,
        u1_0.Full_name,
        u1_0.Last_name,
        u1_0.Password_hash,
        u1_0.Phone_number,
        u1_0.Profile_image,
        u1_0.ROLE,
        u1_0.STATUS,
        u1_0.updated_at 
    from
        users u1_0 
    where
        u1_0.Email=?
Hibernate: 
    select
        j1_0.id,
        j1_0.address,
        j1_0.assigned_at,
        j1_0.booking_type,
        j1_0.category,
        j1_0.completed_at,
        j1_0.created_at,
        j1_0.customer_name,
        j1_0.customer_phone,
        j1_0.customer_user_id,
        j1_0.description,
        j1_0.lat,
        j1_0.lng,
        j1_0.notes,
        j1_0.scheduled_at,
        j1_0.starting_price,
        j1_0.status,
        j1_0.technician_id 
    from
        job j1_0
Hibernate: 
    select
        t1_0.technician_id,
        t1_0.approval_status,
        t1_0.approved_at,
        t1_0.availability_status,
        t1_0.average_rating,
        t1_0.business_name,
        t1_0.category_id,
        t1_0.created_at,
        t1_0.description,
        t1_0.experience_year,
        t1_0.opening_hours,
        t1_0.photo,
        t1_0.photo_content_type,
        t1_0.rating_count,
        t1_0.rejection_reason,
        t1_0.service_area,
        t1_0.updated_at,
        t1_0.user_id,
        t1_0.verified 
    from
        technician t1_0 
    where
        t1_0.technician_id=?
Hibernate: 
    select
        u1_0.Userid,
        u1_0.created_at,
        u1_0.DateofBirth,
        u1_0.Email,
        u1_0.Full_name,
        u1_0.Last_name,
        u1_0.Password_hash,
        u1_0.Phone_number,
        u1_0.Profile_image,
        u1_0.ROLE,
        u1_0.STATUS,
        u1_0.updated_at 
    from
        users u1_0 
    where
        u1_0.Userid=?
Hibernate: 
    select
        tll1_0.id,
        tll1_0.accuracy,
        tll1_0.created_at,
        tll1_0.last_update,
        tll1_0.latitude,
        tll1_0.longitude,
        tll1_0.technician_id 
    from
        technician_live_locations tll1_0 
    where
        tll1_0.technician_id=?
Hibernate: 
    select
        tll1_0.id,
        tll1_0.accuracy,
        tll1_0.created_at,
        tll1_0.last_update,
        tll1_0.latitude,
        tll1_0.longitude,
        tll1_0.technician_id 
    from
        technician_live_locations tll1_0 
    where
        tll1_0.technician_id=?
Hibernate: 
    select
        t1_0.technician_id,
        t1_0.approval_status,
        t1_0.approved_at,
        t1_0.availability_status,
        t1_0.average_rating,
        t1_0.business_name,
        t1_0.category_id,
        t1_0.created_at,
        t1_0.description,
        t1_0.experience_year,
        t1_0.opening_hours,
        t1_0.photo,
        t1_0.photo_content_type,
        t1_0.rating_count,
        t1_0.rejection_reason,
        t1_0.service_area,
        t1_0.updated_at,
        t1_0.user_id,
        t1_0.verified 
    from
        technician t1_0 
    where
        t1_0.technician_id=?
Hibernate: 
    select
        u1_0.Userid,
        u1_0.created_at,
        u1_0.DateofBirth,
        u1_0.Email,
        u1_0.Full_name,
        u1_0.Last_name,
        u1_0.Password_hash,
        u1_0.Phone_number,
        u1_0.Profile_image,
        u1_0.ROLE,
        u1_0.STATUS,
        u1_0.updated_at 
    from
        users u1_0 
    where
        u1_0.Userid=?
Hibernate: 
    select
        tll1_0.id,
        tll1_0.accuracy,
        tll1_0.created_at,
        tll1_0.last_update,
        tll1_0.latitude,
        tll1_0.longitude,
        tll1_0.technician_id 
    from
        technician_live_locations tll1_0 
    where
        tll1_0.technician_id=?
Hibernate: 
    select
        t1_0.technician_id,
        t1_0.approval_status,
        t1_0.approved_at,
        t1_0.availability_status,
        t1_0.average_rating,
        t1_0.business_name,
        t1_0.category_id,
        t1_0.created_at,
        t1_0.description,
        t1_0.experience_year,
        t1_0.opening_hours,
        t1_0.photo,
        t1_0.photo_content_type,
        t1_0.rating_count,
        t1_0.rejection_reason,
        t1_0.service_area,
        t1_0.updated_at,
        t1_0.user_id,
        t1_0.verified 
    from
        technician t1_0 
    where
        t1_0.technician_id=?
Hibernate: 
    select
        u1_0.Userid,
        u1_0.created_at,
        u1_0.DateofBirth,
        u1_0.Email,
        u1_0.Full_name,
        u1_0.Last_name,
        u1_0.Password_hash,
        u1_0.Phone_number,
        u1_0.Profile_image,
        u1_0.ROLE,
        u1_0.STATUS,
        u1_0.updated_at 
    from
        users u1_0 
    where
        u1_0.Userid=?
Hibernate: 
    select
        tll1_0.id,
        tll1_0.accuracy,
        tll1_0.created_at,
        tll1_0.last_update,
        tll1_0.latitude,
        tll1_0.longitude,
        tll1_0.technician_id 
    from
        technician_live_locations tll1_0 
    where
        tll1_0.technician_id=?
Hibernate: 
    select
        t1_0.technician_id,
        t1_0.approval_status,
        t1_0.approved_at,
        t1_0.availability_status,
        t1_0.average_rating,
        t1_0.business_name,
        t1_0.category_id,
        t1_0.created_at,
        t1_0.description,
        t1_0.experience_year,
        t1_0.opening_hours,
        t1_0.photo,
        t1_0.photo_content_type,
        t1_0.rating_count,
        t1_0.rejection_reason,
        t1_0.service_area,
        t1_0.updated_at,
        t1_0.user_id,
        t1_0.verified 
    from
        technician t1_0 
    where
        t1_0.technician_id=?
Hibernate: 
    select
        u1_0.Userid,
        u1_0.created_at,
        u1_0.DateofBirth,
        u1_0.Email,
        u1_0.Full_name,
        u1_0.Last_name,
        u1_0.Password_hash,
        u1_0.Phone_number,
        u1_0.Profile_image,
        u1_0.ROLE,
        u1_0.STATUS,
        u1_0.updated_at 
    from
        users u1_0 
    where
        u1_0.Userid=?
Hibernate: 
    select
        tll1_0.id,
        tll1_0.accuracy,
        tll1_0.created_at,
        tll1_0.last_update,
        tll1_0.latitude,
        tll1_0.longitude,
        tll1_0.technician_id 
    from
        technician_live_locations tll1_0 
    where
        tll1_0.technician_id=?
Hibernate: 
    select
        tll1_0.id,
        tll1_0.accuracy,
        tll1_0.created_at,
        tll1_0.last_update,
        tll1_0.latitude,
        tll1_0.longitude,
        tll1_0.technician_id 
    from
        technician_live_locations tll1_0 
    where
        tll1_0.technician_id=?
Hibernate: 
    select
        tll1_0.id,
        tll1_0.accuracy,
        tll1_0.created_at,
        tll1_0.last_update,
        tll1_0.latitude,
        tll1_0.longitude,
        tll1_0.technician_id 
    from
        technician_live_locations tll1_0 
    where
        tll1_0.technician_id=?
Hibernate: 
    select
        t1_0.technician_id,
        t1_0.approval_status,
        t1_0.approved_at,
        t1_0.availability_status,
        t1_0.average_rating,
        t1_0.business_name,
        t1_0.category_id,
        t1_0.created_at,
        t1_0.description,
        t1_0.experience_year,
        t1_0.opening_hours,
        t1_0.photo,
        t1_0.photo_content_type,
        t1_0.rating_count,
        t1_0.rejection_reason,
        t1_0.service_area,
        t1_0.updated_at,
        t1_0.user_id,
        t1_0.verified 
    from
        technician t1_0 
    where
        t1_0.technician_id=?
Hibernate: 
    select
        u1_0.Userid,
        u1_0.created_at,
        u1_0.DateofBirth,
        u1_0.Email,
        u1_0.Full_name,
        u1_0.Last_name,
        u1_0.Password_hash,
        u1_0.Phone_number,
        u1_0.Profile_image,
        u1_0.ROLE,
        u1_0.STATUS,
        u1_0.updated_at 
    from
        users u1_0 
    where
        u1_0.Userid=?
Hibernate: 
    select
        tll1_0.id,
        tll1_0.accuracy,
        tll1_0.created_at,
        tll1_0.last_update,
        tll1_0.latitude,
        tll1_0.longitude,
        tll1_0.technician_id 
    from
        technician_live_locations tll1_0 
    where
        tll1_0.technician_id=?
Hibernate: 
    select
        t1_0.technician_id,
        t1_0.approval_status,
        t1_0.approved_at,
        t1_0.availability_status,
        t1_0.average_rating,
        t1_0.business_name,
        t1_0.category_id,
        t1_0.created_at,
        t1_0.description,
        t1_0.experience_year,
        t1_0.opening_hours,
        t1_0.photo,
        t1_0.photo_content_type,
        t1_0.rating_count,
        t1_0.rejection_reason,
        t1_0.service_area,
        t1_0.updated_at,
        t1_0.user_id,
        t1_0.verified 
    from
        technician t1_0 
    where
        t1_0.technician_id=?
Hibernate: 
    select
        u1_0.Userid,
        u1_0.created_at,
        u1_0.DateofBirth,
        u1_0.Email,
        u1_0.Full_name,
        u1_0.Last_name,
        u1_0.Password_hash,
        u1_0.Phone_number,
        u1_0.Profile_image,
        u1_0.ROLE,
        u1_0.STATUS,
        u1_0.updated_at 
    from
        users u1_0 
    where
        u1_0.Userid=?
Hibernate: 
    select
        tll1_0.id,
        tll1_0.accuracy,
        tll1_0.created_at,
        tll1_0.last_update,
        tll1_0.latitude,
        tll1_0.longitude,
        tll1_0.technician_id 
    from
        technician_live_locations tll1_0 
    where
        tll1_0.technician_id=?
Hibernate: 
    select
        t1_0.technician_id,
        t1_0.approval_status,
        t1_0.approved_at,
        t1_0.availability_status,
        t1_0.average_rating,
        t1_0.business_name,
        t1_0.category_id,
        t1_0.created_at,
        t1_0.description,
        t1_0.experience_year,
        t1_0.opening_hours,
        t1_0.photo,
        t1_0.photo_content_type,
        t1_0.rating_count,
        t1_0.rejection_reason,
        t1_0.service_area,
        t1_0.updated_at,
        t1_0.user_id,
        t1_0.verified 
    from
        technician t1_0 
    where
        t1_0.technician_id=?
Hibernate: 
    select
        u1_0.Userid,
        u1_0.created_at,
        u1_0.DateofBirth,
        u1_0.Email,
        u1_0.Full_name,
        u1_0.Last_name,
        u1_0.Password_hash,
        u1_0.Phone_number,
        u1_0.Profile_image,
        u1_0.ROLE,
        u1_0.STATUS,
        u1_0.updated_at 
    from
        users u1_0 
    where
        u1_0.Userid=?
Hibernate: 
    select
        tll1_0.id,
        tll1_0.accuracy,
        tll1_0.created_at,
        tll1_0.last_update,
        tll1_0.latitude,
        tll1_0.longitude,
        tll1_0.technician_id 
    from
        technician_live_locations tll1_0 
    where
        tll1_0.technician_id=?
Hibernate: 
    select
        u1_0.Userid,
        u1_0.created_at,
        u1_0.DateofBirth,
        u1_0.Email,
        u1_0.Full_name,
        u1_0.Last_name,
        u1_0.Password_hash,
        u1_0.Phone_number,
        u1_0.Profile_image,
        u1_0.ROLE,
        u1_0.STATUS,
        u1_0.updated_at 
    from
        users u1_0 
    where
        u1_0.Email=?
Hibernate: 
    select
        n1_0.notification_id,
        n1_0.created_at,
        n1_0.is_read,
        n1_0.job_id,
        n1_0.message,
        n1_0.message_km,
        n1_0.title,
        n1_0.title_km,
        n1_0.type,
        n1_0.user_id 
    from
        notification n1_0 
    where
        n1_0.user_id=? 
    order by
        n1_0.created_at desc
Hibernate: 
    select
        u1_0.Userid,
        u1_0.created_at,
        u1_0.DateofBirth,
        u1_0.Email,
        u1_0.Full_name,
        u1_0.Last_name,
        u1_0.Password_hash,
        u1_0.Phone_number,
        u1_0.Profile_image,
        u1_0.ROLE,
        u1_0.STATUS,
        u1_0.updated_at 
    from
        users u1_0 
    where
        u1_0.Email=?
Hibernate: 
    select
        n1_0.notification_id,
        n1_0.created_at,
        n1_0.is_read,
        n1_0.job_id,
        n1_0.message,
        n1_0.message_km,
        n1_0.title,
        n1_0.title_km,
        n1_0.type,
        n1_0.user_id 
    from
        notification n1_0 
    where
        n1_0.user_id=? 
    order by
        n1_0.created_at desc
Hibernate: 
    select
        u1_0.Userid,
        u1_0.created_at,
        u1_0.DateofBirth,
        u1_0.Email,
        u1_0.Full_name,
        u1_0.Last_name,
        u1_0.Password_hash,
        u1_0.Phone_number,
        u1_0.Profile_image,
        u1_0.ROLE,
        u1_0.STATUS,
        u1_0.updated_at 
    from
        users u1_0 
    where
        u1_0.Email=?
Hibernate: 
    select
        j1_0.id,
        j1_0.address,
        j1_0.assigned_at,
        j1_0.booking_type,
        j1_0.category,
        j1_0.completed_at,
        j1_0.created_at,
        j1_0.customer_name,
        j1_0.customer_phone,
        j1_0.customer_user_id,
        j1_0.description,
        j1_0.lat,
        j1_0.lng,
        j1_0.notes,
        j1_0.scheduled_at,
        j1_0.starting_price,
        j1_0.status,
        j1_0.technician_id 
    from
        job j1_0
Hibernate: 
    select
        t1_0.technician_id,
        t1_0.approval_status,
        t1_0.approved_at,
        t1_0.availability_status,
        t1_0.average_rating,
        t1_0.business_name,
        t1_0.category_id,
        t1_0.created_at,
        t1_0.description,
        t1_0.experience_year,
        t1_0.opening_hours,
        t1_0.photo,
        t1_0.photo_content_type,
        t1_0.rating_count,
        t1_0.rejection_reason,
        t1_0.service_area,
        t1_0.updated_at,
        t1_0.user_id,
        t1_0.verified 
    from
        technician t1_0 
    where
        t1_0.technician_id=?
Hibernate: 
    select
        u1_0.Userid,
        u1_0.created_at,
        u1_0.DateofBirth,
        u1_0.Email,
        u1_0.Full_name,
        u1_0.Last_name,
        u1_0.Password_hash,
        u1_0.Phone_number,
        u1_0.Profile_image,
        u1_0.ROLE,
        u1_0.STATUS,
        u1_0.updated_at 
    from
        users u1_0 
    where
        u1_0.Userid=?
Hibernate: 
    select
        tll1_0.id,
        tll1_0.accuracy,
        tll1_0.created_at,
        tll1_0.last_update,
        tll1_0.latitude,
        tll1_0.longitude,
        tll1_0.technician_id 
    from
        technician_live_locations tll1_0 
    where
        tll1_0.technician_id=?
Hibernate: 
    select
        tll1_0.id,
        tll1_0.accuracy,
        tll1_0.created_at,
        tll1_0.last_update,
        tll1_0.latitude,
        tll1_0.longitude,
        tll1_0.technician_id 
    from
        technician_live_locations tll1_0 
    where
        tll1_0.technician_id=?
Hibernate: 
    select
        t1_0.technician_id,
        t1_0.approval_status,
        t1_0.approved_at,
        t1_0.availability_status,
        t1_0.average_rating,
        t1_0.business_name,
        t1_0.category_id,
        t1_0.created_at,
        t1_0.description,
        t1_0.experience_year,
        t1_0.opening_hours,
        t1_0.photo,
        t1_0.photo_content_type,
        t1_0.rating_count,
        t1_0.rejection_reason,
        t1_0.service_area,
        t1_0.updated_at,
        t1_0.user_id,
        t1_0.verified 
    from
        technician t1_0 
    where
        t1_0.technician_id=?
Hibernate: 
    select
        u1_0.Userid,
        u1_0.created_at,
        u1_0.DateofBirth,
        u1_0.Email,
        u1_0.Full_name,
        u1_0.Last_name,
        u1_0.Password_hash,
        u1_0.Phone_number,
        u1_0.Profile_image,
        u1_0.ROLE,
        u1_0.STATUS,
        u1_0.updated_at 
    from
        users u1_0 
    where
        u1_0.Userid=?
Hibernate: 
    select
        tll1_0.id,
        tll1_0.accuracy,
        tll1_0.created_at,
        tll1_0.last_update,
        tll1_0.latitude,
        tll1_0.longitude,
        tll1_0.technician_id 
    from
        technician_live_locations tll1_0 
    where
        tll1_0.technician_id=?
Hibernate: 
    select
        t1_0.technician_id,
        t1_0.approval_status,
        t1_0.approved_at,
        t1_0.availability_status,
        t1_0.average_rating,
        t1_0.business_name,
        t1_0.category_id,
        t1_0.created_at,
        t1_0.description,
        t1_0.experience_year,
        t1_0.opening_hours,
        t1_0.photo,
        t1_0.photo_content_type,
        t1_0.rating_count,
        t1_0.rejection_reason,
        t1_0.service_area,
        t1_0.updated_at,
        t1_0.user_id,
        t1_0.verified 
    from
        technician t1_0 
    where
        t1_0.technician_id=?
Hibernate: 
    select
        u1_0.Userid,
        u1_0.created_at,
        u1_0.DateofBirth,
        u1_0.Email,
        u1_0.Full_name,
        u1_0.Last_name,
        u1_0.Password_hash,
        u1_0.Phone_number,
        u1_0.Profile_image,
        u1_0.ROLE,
        u1_0.STATUS,
        u1_0.updated_at 
    from
        users u1_0 
    where
        u1_0.Userid=?
Hibernate: 
    select
        tll1_0.id,
        tll1_0.accuracy,
        tll1_0.created_at,
        tll1_0.last_update,
        tll1_0.latitude,
        tll1_0.longitude,
        tll1_0.technician_id 
    from
        technician_live_locations tll1_0 
    where
        tll1_0.technician_id=?
Hibernate: 
    select
        t1_0.technician_id,
        t1_0.approval_status,
        t1_0.approved_at,
        t1_0.availability_status,
        t1_0.average_rating,
        t1_0.business_name,
        t1_0.category_id,
        t1_0.created_at,
        t1_0.description,
        t1_0.experience_year,
        t1_0.opening_hours,
        t1_0.photo,
        t1_0.photo_content_type,
        t1_0.rating_count,
        t1_0.rejection_reason,
        t1_0.service_area,
        t1_0.updated_at,
        t1_0.user_id,
        t1_0.verified 
    from
        technician t1_0 
    where
        t1_0.technician_id=?
Hibernate: 
    select
        u1_0.Userid,
        u1_0.created_at,
        u1_0.DateofBirth,
        u1_0.Email,
        u1_0.Full_name,
        u1_0.Last_name,
        u1_0.Password_hash,
        u1_0.Phone_number,
        u1_0.Profile_image,
        u1_0.ROLE,
        u1_0.STATUS,
        u1_0.updated_at 
    from
        users u1_0 
    where
        u1_0.Userid=?
Hibernate: 
    select
        tll1_0.id,
        tll1_0.accuracy,
        tll1_0.created_at,
        tll1_0.last_update,
        tll1_0.latitude,
        tll1_0.longitude,
        tll1_0.technician_id 
    from
        technician_live_locations tll1_0 
    where
        tll1_0.technician_id=?
Hibernate: 
    select
        tll1_0.id,
        tll1_0.accuracy,
        tll1_0.created_at,
        tll1_0.last_update,
        tll1_0.latitude,
        tll1_0.longitude,
        tll1_0.technician_id 
    from
        technician_live_locations tll1_0 
    where
        tll1_0.technician_id=?
Hibernate: 
    select
        tll1_0.id,
        tll1_0.accuracy,
        tll1_0.created_at,
        tll1_0.last_update,
        tll1_0.latitude,
        tll1_0.longitude,
        tll1_0.technician_id 
    from
        technician_live_locations tll1_0 
    where
        tll1_0.technician_id=?
Hibernate: 
    select
        t1_0.technician_id,
        t1_0.approval_status,
        t1_0.approved_at,
        t1_0.availability_status,
        t1_0.average_rating,
        t1_0.business_name,
        t1_0.category_id,
        t1_0.created_at,
        t1_0.description,
        t1_0.experience_year,
        t1_0.opening_hours,
        t1_0.photo,
        t1_0.photo_content_type,
        t1_0.rating_count,
        t1_0.rejection_reason,
        t1_0.service_area,
        t1_0.updated_at,
        t1_0.user_id,
        t1_0.verified 
    from
        technician t1_0 
    where
        t1_0.technician_id=?
Hibernate: 
    select
        u1_0.Userid,
        u1_0.created_at,
        u1_0.DateofBirth,
        u1_0.Email,
        u1_0.Full_name,
        u1_0.Last_name,
        u1_0.Password_hash,
        u1_0.Phone_number,
        u1_0.Profile_image,
        u1_0.ROLE,
        u1_0.STATUS,
        u1_0.updated_at 
    from
        users u1_0 
    where
        u1_0.Userid=?
Hibernate: 
    select
        tll1_0.id,
        tll1_0.accuracy,
        tll1_0.created_at,
        tll1_0.last_update,
        tll1_0.latitude,
        tll1_0.longitude,
        tll1_0.technician_id 
    from
        technician_live_locations tll1_0 
    where
        tll1_0.technician_id=?
Hibernate: 
    select
        t1_0.technician_id,
        t1_0.approval_status,
        t1_0.approved_at,
        t1_0.availability_status,
        t1_0.average_rating,
        t1_0.business_name,
        t1_0.category_id,
        t1_0.created_at,
        t1_0.description,
        t1_0.experience_year,
        t1_0.opening_hours,
        t1_0.photo,
        t1_0.photo_content_type,
        t1_0.rating_count,
        t1_0.rejection_reason,
        t1_0.service_area,
        t1_0.updated_at,
        t1_0.user_id,
        t1_0.verified 
    from
        technician t1_0 
    where
        t1_0.technician_id=?
Hibernate: 
    select
        u1_0.Userid,
        u1_0.created_at,
        u1_0.DateofBirth,
        u1_0.Email,
        u1_0.Full_name,
        u1_0.Last_name,
        u1_0.Password_hash,
        u1_0.Phone_number,
        u1_0.Profile_image,
        u1_0.ROLE,
        u1_0.STATUS,
        u1_0.updated_at 
    from
        users u1_0 
    where
        u1_0.Userid=?
Hibernate: 
    select
        tll1_0.id,
        tll1_0.accuracy,
        tll1_0.created_at,
        tll1_0.last_update,
        tll1_0.latitude,
        tll1_0.longitude,
        tll1_0.technician_id 
    from
        technician_live_locations tll1_0 
    where
        tll1_0.technician_id=?
Hibernate: 
    select
        t1_0.technician_id,
        t1_0.approval_status,
        t1_0.approved_at,
        t1_0.availability_status,
        t1_0.average_rating,
        t1_0.business_name,
        t1_0.category_id,
        t1_0.created_at,
        t1_0.description,
        t1_0.experience_year,
        t1_0.opening_hours,
        t1_0.photo,
        t1_0.photo_content_type,
        t1_0.rating_count,
        t1_0.rejection_reason,
        t1_0.service_area,
        t1_0.updated_at,
        t1_0.user_id,
        t1_0.verified 
    from
        technician t1_0 
    where
        t1_0.technician_id=?
Hibernate: 
    select
        u1_0.Userid,
        u1_0.created_at,
        u1_0.DateofBirth,
        u1_0.Email,
        u1_0.Full_name,
        u1_0.Last_name,
        u1_0.Password_hash,
        u1_0.Phone_number,
        u1_0.Profile_image,
        u1_0.ROLE,
        u1_0.STATUS,
        u1_0.updated_at 
    from
        users u1_0 
    where
        u1_0.Userid=?
Hibernate: 
    select
        tll1_0.id,
        tll1_0.accuracy,
        tll1_0.created_at,
        tll1_0.last_update,
        tll1_0.latitude,
        tll1_0.longitude,
        tll1_0.technician_id 
    from
        technician_live_locations tll1_0 
    where
        tll1_0.technician_id=?
Hibernate: 
    select
        u1_0.Userid,
        u1_0.created_at,
        u1_0.DateofBirth,
        u1_0.Email,
        u1_0.Full_name,
        u1_0.Last_name,
        u1_0.Password_hash,
        u1_0.Phone_number,
        u1_0.Profile_image,
        u1_0.ROLE,
        u1_0.STATUS,
        u1_0.updated_at 
    from
        users u1_0 
    where
        u1_0.Email=?
Hibernate: 
    select
        n1_0.notification_id,
        n1_0.created_at,
        n1_0.is_read,
        n1_0.job_id,
        n1_0.message,
        n1_0.message_km,
        n1_0.title,
        n1_0.title_km,
        n1_0.type,
        n1_0.user_id 
    from
        notification n1_0 
    where
        n1_0.user_id=? 
    order by
        n1_0.created_at desc
Hibernate: 
    select
        u1_0.Userid,
        u1_0.created_at,
        u1_0.DateofBirth,
        u1_0.Email,
        u1_0.Full_name,
        u1_0.Last_name,
        u1_0.Password_hash,
        u1_0.Phone_number,
        u1_0.Profile_image,
        u1_0.ROLE,
        u1_0.STATUS,
        u1_0.updated_at 
    from
        users u1_0 
    where
        u1_0.Email=?
Hibernate: 
    select
        j1_0.id,
        j1_0.address,
        j1_0.assigned_at,
        j1_0.booking_type,
        j1_0.category,
        j1_0.completed_at,
        j1_0.created_at,
        j1_0.customer_name,
        j1_0.customer_phone,
        j1_0.customer_user_id,
        j1_0.description,
        j1_0.lat,
        j1_0.lng,
        j1_0.notes,
        j1_0.scheduled_at,
        j1_0.starting_price,
        j1_0.status,
        j1_0.technician_id 
    from
        job j1_0
Hibernate: 
    select
        t1_0.technician_id,
        t1_0.approval_status,
        t1_0.approved_at,
        t1_0.availability_status,
        t1_0.average_rating,
        t1_0.business_name,
        t1_0.category_id,
        t1_0.created_at,
        t1_0.description,
        t1_0.experience_year,
        t1_0.opening_hours,
        t1_0.photo,
        t1_0.photo_content_type,
        t1_0.rating_count,
        t1_0.rejection_reason,
        t1_0.service_area,
        t1_0.updated_at,
        t1_0.user_id,
        t1_0.verified 
    from
        technician t1_0 
    where
        t1_0.technician_id=?
Hibernate: 
    select
        u1_0.Userid,
        u1_0.created_at,
        u1_0.DateofBirth,
        u1_0.Email,
        u1_0.Full_name,
        u1_0.Last_name,
        u1_0.Password_hash,
        u1_0.Phone_number,
        u1_0.Profile_image,
        u1_0.ROLE,
        u1_0.STATUS,
        u1_0.updated_at 
    from
        users u1_0 
    where
        u1_0.Userid=?
Hibernate: 
    select
        tll1_0.id,
        tll1_0.accuracy,
        tll1_0.created_at,
        tll1_0.last_update,
        tll1_0.latitude,
        tll1_0.longitude,
        tll1_0.technician_id 
    from
        technician_live_locations tll1_0 
    where
        tll1_0.technician_id=?
Hibernate: 
    select
        tll1_0.id,
        tll1_0.accuracy,
        tll1_0.created_at,
        tll1_0.last_update,
        tll1_0.latitude,
        tll1_0.longitude,
        tll1_0.technician_id 
    from
        technician_live_locations tll1_0 
    where
        tll1_0.technician_id=?
Hibernate: 
    select
        t1_0.technician_id,
        t1_0.approval_status,
        t1_0.approved_at,
        t1_0.availability_status,
        t1_0.average_rating,
        t1_0.business_name,
        t1_0.category_id,
        t1_0.created_at,
        t1_0.description,
        t1_0.experience_year,
        t1_0.opening_hours,
        t1_0.photo,
        t1_0.photo_content_type,
        t1_0.rating_count,
        t1_0.rejection_reason,
        t1_0.service_area,
        t1_0.updated_at,
        t1_0.user_id,
        t1_0.verified 
    from
        technician t1_0 
    where
        t1_0.technician_id=?
Hibernate: 
    select
        u1_0.Userid,
        u1_0.created_at,
        u1_0.DateofBirth,
        u1_0.Email,
        u1_0.Full_name,
        u1_0.Last_name,
        u1_0.Password_hash,
        u1_0.Phone_number,
        u1_0.Profile_image,
        u1_0.ROLE,
        u1_0.STATUS,
        u1_0.updated_at 
    from
        users u1_0 
    where
        u1_0.Userid=?
Hibernate: 
    select
        tll1_0.id,
        tll1_0.accuracy,
        tll1_0.created_at,
        tll1_0.last_update,
        tll1_0.latitude,
        tll1_0.longitude,
        tll1_0.technician_id 
    from
        technician_live_locations tll1_0 
    where
        tll1_0.technician_id=?
Hibernate: 
    select
        t1_0.technician_id,
        t1_0.approval_status,
        t1_0.approved_at,
        t1_0.availability_status,
        t1_0.average_rating,
        t1_0.business_name,
        t1_0.category_id,
        t1_0.created_at,
        t1_0.description,
        t1_0.experience_year,
        t1_0.opening_hours,
        t1_0.photo,
        t1_0.photo_content_type,
        t1_0.rating_count,
        t1_0.rejection_reason,
        t1_0.service_area,
        t1_0.updated_at,
        t1_0.user_id,
        t1_0.verified 
    from
        technician t1_0 
    where
        t1_0.technician_id=?
Hibernate: 
    select
        u1_0.Userid,
        u1_0.created_at,
        u1_0.DateofBirth,
        u1_0.Email,
        u1_0.Full_name,
        u1_0.Last_name,
        u1_0.Password_hash,
        u1_0.Phone_number,
        u1_0.Profile_image,
        u1_0.ROLE,
        u1_0.STATUS,
        u1_0.updated_at 
    from
        users u1_0 
    where
        u1_0.Userid=?
Hibernate: 
    select
        tll1_0.id,
        tll1_0.accuracy,
        tll1_0.created_at,
        tll1_0.last_update,
        tll1_0.latitude,
        tll1_0.longitude,
        tll1_0.technician_id 
    from
        technician_live_locations tll1_0 
    where
        tll1_0.technician_id=?
Hibernate: 
    select
        t1_0.technician_id,
        t1_0.approval_status,
        t1_0.approved_at,
        t1_0.availability_status,
        t1_0.average_rating,
        t1_0.business_name,
        t1_0.category_id,
        t1_0.created_at,
        t1_0.description,
        t1_0.experience_year,
        t1_0.opening_hours,
        t1_0.photo,
        t1_0.photo_content_type,
        t1_0.rating_count,
        t1_0.rejection_reason,
        t1_0.service_area,
        t1_0.updated_at,
        t1_0.user_id,
        t1_0.verified 
    from
        technician t1_0 
    where
        t1_0.technician_id=?
Hibernate: 
    select
        u1_0.Userid,
        u1_0.created_at,
        u1_0.DateofBirth,
        u1_0.Email,
        u1_0.Full_name,
        u1_0.Last_name,
        u1_0.Password_hash,
        u1_0.Phone_number,
        u1_0.Profile_image,
        u1_0.ROLE,
        u1_0.STATUS,
        u1_0.updated_at 
    from
        users u1_0 
    where
        u1_0.Userid=?
Hibernate: 
    select
        tll1_0.id,
        tll1_0.accuracy,
        tll1_0.created_at,
        tll1_0.last_update,
        tll1_0.latitude,
        tll1_0.longitude,
        tll1_0.technician_id 
    from
        technician_live_locations tll1_0 
    where
        tll1_0.technician_id=?
Hibernate: 
    select
        tll1_0.id,
        tll1_0.accuracy,
        tll1_0.created_at,
        tll1_0.last_update,
        tll1_0.latitude,
        tll1_0.longitude,
        tll1_0.technician_id 
    from
        technician_live_locations tll1_0 
    where
        tll1_0.technician_id=?
Hibernate: 
    select
        tll1_0.id,
        tll1_0.accuracy,
        tll1_0.created_at,
        tll1_0.last_update,
        tll1_0.latitude,
        tll1_0.longitude,
        tll1_0.technician_id 
    from
        technician_live_locations tll1_0 
    where
        tll1_0.technician_id=?
Hibernate: 
    select
        t1_0.technician_id,
        t1_0.approval_status,
        t1_0.approved_at,
        t1_0.availability_status,
        t1_0.average_rating,
        t1_0.business_name,
        t1_0.category_id,
        t1_0.created_at,
        t1_0.description,
        t1_0.experience_year,
        t1_0.opening_hours,
        t1_0.photo,
        t1_0.photo_content_type,
        t1_0.rating_count,
        t1_0.rejection_reason,
        t1_0.service_area,
        t1_0.updated_at,
        t1_0.user_id,
        t1_0.verified 
    from
        technician t1_0 
    where
        t1_0.technician_id=?
Hibernate: 
    select
        u1_0.Userid,
        u1_0.created_at,
        u1_0.DateofBirth,
        u1_0.Email,
        u1_0.Full_name,
        u1_0.Last_name,
        u1_0.Password_hash,
        u1_0.Phone_number,
        u1_0.Profile_image,
        u1_0.ROLE,
        u1_0.STATUS,
        u1_0.updated_at 
    from
        users u1_0 
    where
        u1_0.Userid=?
Hibernate: 
    select
        tll1_0.id,
        tll1_0.accuracy,
        tll1_0.created_at,
        tll1_0.last_update,
        tll1_0.latitude,
        tll1_0.longitude,
        tll1_0.technician_id 
    from
        technician_live_locations tll1_0 
    where
        tll1_0.technician_id=?
Hibernate: 
    select
        t1_0.technician_id,
        t1_0.approval_status,
        t1_0.approved_at,
        t1_0.availability_status,
        t1_0.average_rating,
        t1_0.business_name,
        t1_0.category_id,
        t1_0.created_at,
        t1_0.description,
        t1_0.experience_year,
        t1_0.opening_hours,
        t1_0.photo,
        t1_0.photo_content_type,
        t1_0.rating_count,
        t1_0.rejection_reason,
        t1_0.service_area,
        t1_0.updated_at,
        t1_0.user_id,
        t1_0.verified 
    from
        technician t1_0 
    where
        t1_0.technician_id=?
Hibernate: 
    select
        u1_0.Userid,
        u1_0.created_at,
        u1_0.DateofBirth,
        u1_0.Email,
        u1_0.Full_name,
        u1_0.Last_name,
        u1_0.Password_hash,
        u1_0.Phone_number,
        u1_0.Profile_image,
        u1_0.ROLE,
        u1_0.STATUS,
        u1_0.updated_at 
    from
        users u1_0 
    where
        u1_0.Userid=?
Hibernate: 
    select
        tll1_0.id,
        tll1_0.accuracy,
        tll1_0.created_at,
        tll1_0.last_update,
        tll1_0.latitude,
        tll1_0.longitude,
        tll1_0.technician_id 
    from
        technician_live_locations tll1_0 
    where
        tll1_0.technician_id=?
Hibernate: 
    select
        t1_0.technician_id,
        t1_0.approval_status,
        t1_0.approved_at,
        t1_0.availability_status,
        t1_0.average_rating,
        t1_0.business_name,
        t1_0.category_id,
        t1_0.created_at,
        t1_0.description,
        t1_0.experience_year,
        t1_0.opening_hours,
        t1_0.photo,
        t1_0.photo_content_type,
        t1_0.rating_count,
        t1_0.rejection_reason,
        t1_0.service_area,
        t1_0.updated_at,
        t1_0.user_id,
        t1_0.verified 
    from
        technician t1_0 
    where
        t1_0.technician_id=?
Hibernate: 
    select
        u1_0.Userid,
        u1_0.created_at,
        u1_0.DateofBirth,
        u1_0.Email,
        u1_0.Full_name,
        u1_0.Last_name,
        u1_0.Password_hash,
        u1_0.Phone_number,
        u1_0.Profile_image,
        u1_0.ROLE,
        u1_0.STATUS,
        u1_0.updated_at 
    from
        users u1_0 
    where
        u1_0.Userid=?
Hibernate: 
    select
        tll1_0.id,
        tll1_0.accuracy,
        tll1_0.created_at,
        tll1_0.last_update,
        tll1_0.latitude,
        tll1_0.longitude,
        tll1_0.technician_id 
    from
        technician_live_locations tll1_0 
    where
        tll1_0.technician_id=?
Hibernate: 
    select
        u1_0.Userid,
        u1_0.created_at,
        u1_0.DateofBirth,
        u1_0.Email,
        u1_0.Full_name,
        u1_0.Last_name,
        u1_0.Password_hash,
        u1_0.Phone_number,
        u1_0.Profile_image,
        u1_0.ROLE,
        u1_0.STATUS,
        u1_0.updated_at 
    from
        users u1_0 
    where
        u1_0.Email=?
Hibernate: 
    select
        n1_0.notification_id,
        n1_0.created_at,
        n1_0.is_read,
        n1_0.job_id,
        n1_0.message,
        n1_0.message_km,
        n1_0.title,
        n1_0.title_km,
        n1_0.type,
        n1_0.user_id 
    from
        notification n1_0 
    where
        n1_0.user_id=? 
    order by
        n1_0.created_at desc
Hibernate: 
    select
        u1_0.Userid,
        u1_0.created_at,
        u1_0.DateofBirth,
        u1_0.Email,
        u1_0.Full_name,
        u1_0.Last_name,
        u1_0.Password_hash,
        u1_0.Phone_number,
        u1_0.Profile_image,
        u1_0.ROLE,
        u1_0.STATUS,
        u1_0.updated_at 
    from
        users u1_0 
    where
        u1_0.Email=?
Hibernate: 
    select
        n1_0.notification_id,
        n1_0.created_at,
        n1_0.is_read,
        n1_0.job_id,
        n1_0.message,
        n1_0.message_km,
        n1_0.title,
        n1_0.title_km,
        n1_0.type,
        n1_0.user_id 
    from
        notification n1_0 
    where
        n1_0.user_id=? 
    order by
        n1_0.created_at desc
Hibernate: 
    select
        u1_0.Userid,
        u1_0.created_at,
        u1_0.DateofBirth,
        u1_0.Email,
        u1_0.Full_name,
        u1_0.Last_name,
        u1_0.Password_hash,
        u1_0.Phone_number,
        u1_0.Profile_image,
        u1_0.ROLE,
        u1_0.STATUS,
        u1_0.updated_at 
    from
        users u1_0 
    where
        u1_0.Email=?
Hibernate: 
    select
        j1_0.id,
        j1_0.address,
        j1_0.assigned_at,
        j1_0.booking_type,
        j1_0.category,
        j1_0.completed_at,
        j1_0.created_at,
        j1_0.customer_name,
        j1_0.customer_phone,
        j1_0.customer_user_id,
        j1_0.description,
        j1_0.lat,
        j1_0.lng,
        j1_0.notes,
        j1_0.scheduled_at,
        j1_0.starting_price,
        j1_0.status,
        j1_0.technician_id 
    from
        job j1_0
Hibernate: 
    select
        t1_0.technician_id,
        t1_0.approval_status,
        t1_0.approved_at,
        t1_0.availability_status,
        t1_0.average_rating,
        t1_0.business_name,
        t1_0.category_id,
        t1_0.created_at,
        t1_0.description,
        t1_0.experience_year,
        t1_0.opening_hours,
        t1_0.photo,
        t1_0.photo_content_type,
        t1_0.rating_count,
        t1_0.rejection_reason,
        t1_0.service_area,
        t1_0.updated_at,
        t1_0.user_id,
        t1_0.verified 
    from
        technician t1_0 
    where
        t1_0.technician_id=?
Hibernate: 
    select
        u1_0.Userid,
        u1_0.created_at,
        u1_0.DateofBirth,
        u1_0.Email,
        u1_0.Full_name,
        u1_0.Last_name,
        u1_0.Password_hash,
        u1_0.Phone_number,
        u1_0.Profile_image,
        u1_0.ROLE,
        u1_0.STATUS,
        u1_0.updated_at 
    from
        users u1_0 
    where
        u1_0.Userid=?
Hibernate: 
    select
        tll1_0.id,
        tll1_0.accuracy,
        tll1_0.created_at,
        tll1_0.last_update,
        tll1_0.latitude,
        tll1_0.longitude,
        tll1_0.technician_id 
    from
        technician_live_locations tll1_0 
    where
        tll1_0.technician_id=?
Hibernate: 
    select
        tll1_0.id,
        tll1_0.accuracy,
        tll1_0.created_at,
        tll1_0.last_update,
        tll1_0.latitude,
        tll1_0.longitude,
        tll1_0.technician_id 
    from
        technician_live_locations tll1_0 
    where
        tll1_0.technician_id=?
Hibernate: 
    select
        t1_0.technician_id,
        t1_0.approval_status,
        t1_0.approved_at,
        t1_0.availability_status,
        t1_0.average_rating,
        t1_0.business_name,
        t1_0.category_id,
        t1_0.created_at,
        t1_0.description,
        t1_0.experience_year,
        t1_0.opening_hours,
        t1_0.photo,
        t1_0.photo_content_type,
        t1_0.rating_count,
        t1_0.rejection_reason,
        t1_0.service_area,
        t1_0.updated_at,
        t1_0.user_id,
        t1_0.verified 
    from
        technician t1_0 
    where
        t1_0.technician_id=?
Hibernate: 
    select
        u1_0.Userid,
        u1_0.created_at,
        u1_0.DateofBirth,
        u1_0.Email,
        u1_0.Full_name,
        u1_0.Last_name,
        u1_0.Password_hash,
        u1_0.Phone_number,
        u1_0.Profile_image,
        u1_0.ROLE,
        u1_0.STATUS,
        u1_0.updated_at 
    from
        users u1_0 
    where
        u1_0.Userid=?
Hibernate: 
    select
        tll1_0.id,
        tll1_0.accuracy,
        tll1_0.created_at,
        tll1_0.last_update,
        tll1_0.latitude,
        tll1_0.longitude,
        tll1_0.technician_id 
    from
        technician_live_locations tll1_0 
    where
        tll1_0.technician_id=?
Hibernate: 
    select
        t1_0.technician_id,
        t1_0.approval_status,
        t1_0.approved_at,
        t1_0.availability_status,
        t1_0.average_rating,
        t1_0.business_name,
        t1_0.category_id,
        t1_0.created_at,
        t1_0.description,
        t1_0.experience_year,
        t1_0.opening_hours,
        t1_0.photo,
        t1_0.photo_content_type,
        t1_0.rating_count,
        t1_0.rejection_reason,
        t1_0.service_area,
        t1_0.updated_at,
        t1_0.user_id,
        t1_0.verified 
    from
        technician t1_0 
    where
        t1_0.technician_id=?
Hibernate: 
    select
        u1_0.Userid,
        u1_0.created_at,
        u1_0.DateofBirth,
        u1_0.Email,
        u1_0.Full_name,
        u1_0.Last_name,
        u1_0.Password_hash,
        u1_0.Phone_number,
        u1_0.Profile_image,
        u1_0.ROLE,
        u1_0.STATUS,
        u1_0.updated_at 
    from
        users u1_0 
    where
        u1_0.Userid=?
Hibernate: 
    select
        tll1_0.id,
        tll1_0.accuracy,
        tll1_0.created_at,
        tll1_0.last_update,
        tll1_0.latitude,
        tll1_0.longitude,
        tll1_0.technician_id 
    from
        technician_live_locations tll1_0 
    where
        tll1_0.technician_id=?
Hibernate: 
    select
        t1_0.technician_id,
        t1_0.approval_status,
        t1_0.approved_at,
        t1_0.availability_status,
        t1_0.average_rating,
        t1_0.business_name,
        t1_0.category_id,
        t1_0.created_at,
        t1_0.description,
        t1_0.experience_year,
        t1_0.opening_hours,
        t1_0.photo,
        t1_0.photo_content_type,
        t1_0.rating_count,
        t1_0.rejection_reason,
        t1_0.service_area,
        t1_0.updated_at,
        t1_0.user_id,
        t1_0.verified 
    from
        technician t1_0 
    where
        t1_0.technician_id=?
Hibernate: 
    select
        u1_0.Userid,
        u1_0.created_at,
        u1_0.DateofBirth,
        u1_0.Email,
        u1_0.Full_name,
        u1_0.Last_name,
        u1_0.Password_hash,
        u1_0.Phone_number,
        u1_0.Profile_image,
        u1_0.ROLE,
        u1_0.STATUS,
        u1_0.updated_at 
    from
        users u1_0 
    where
        u1_0.Userid=?
Hibernate: 
    select
        tll1_0.id,
        tll1_0.accuracy,
        tll1_0.created_at,
        tll1_0.last_update,
        tll1_0.latitude,
        tll1_0.longitude,
        tll1_0.technician_id 
    from
        technician_live_locations tll1_0 
    where
        tll1_0.technician_id=?
Hibernate: 
    select
        tll1_0.id,
        tll1_0.accuracy,
        tll1_0.created_at,
        tll1_0.last_update,
        tll1_0.latitude,
        tll1_0.longitude,
        tll1_0.technician_id 
    from
        technician_live_locations tll1_0 
    where
        tll1_0.technician_id=?
Hibernate: 
    select
        tll1_0.id,
        tll1_0.accuracy,
        tll1_0.created_at,
        tll1_0.last_update,
        tll1_0.latitude,
        tll1_0.longitude,
        tll1_0.technician_id 
    from
        technician_live_locations tll1_0 
    where
        tll1_0.technician_id=?
Hibernate: 
    select
        t1_0.technician_id,
        t1_0.approval_status,
        t1_0.approved_at,
        t1_0.availability_status,
        t1_0.average_rating,
        t1_0.business_name,
        t1_0.category_id,
        t1_0.created_at,
        t1_0.description,
        t1_0.experience_year,
        t1_0.opening_hours,
        t1_0.photo,
        t1_0.photo_content_type,
        t1_0.rating_count,
        t1_0.rejection_reason,
        t1_0.service_area,
        t1_0.updated_at,
        t1_0.user_id,
        t1_0.verified 
    from
        technician t1_0 
    where
        t1_0.technician_id=?
Hibernate: 
    select
        u1_0.Userid,
        u1_0.created_at,
        u1_0.DateofBirth,
        u1_0.Email,
        u1_0.Full_name,
        u1_0.Last_name,
        u1_0.Password_hash,
        u1_0.Phone_number,
        u1_0.Profile_image,
        u1_0.ROLE,
        u1_0.STATUS,
        u1_0.updated_at 
    from
        users u1_0 
    where
        u1_0.Userid=?
Hibernate: 
    select
        tll1_0.id,
        tll1_0.accuracy,
        tll1_0.created_at,
        tll1_0.last_update,
        tll1_0.latitude,
        tll1_0.longitude,
        tll1_0.technician_id 
    from
        technician_live_locations tll1_0 
    where
        tll1_0.technician_id=?
Hibernate: 
    select
        t1_0.technician_id,
        t1_0.approval_status,
        t1_0.approved_at,
        t1_0.availability_status,
        t1_0.average_rating,
        t1_0.business_name,
        t1_0.category_id,
        t1_0.created_at,
        t1_0.description,
        t1_0.experience_year,
        t1_0.opening_hours,
        t1_0.photo,
        t1_0.photo_content_type,
        t1_0.rating_count,
        t1_0.rejection_reason,
        t1_0.service_area,
        t1_0.updated_at,
        t1_0.user_id,
        t1_0.verified 
    from
        technician t1_0 
    where
        t1_0.technician_id=?
Hibernate: 
    select
        u1_0.Userid,
        u1_0.created_at,
        u1_0.DateofBirth,
        u1_0.Email,
        u1_0.Full_name,
        u1_0.Last_name,
        u1_0.Password_hash,
        u1_0.Phone_number,
        u1_0.Profile_image,
        u1_0.ROLE,
        u1_0.STATUS,
        u1_0.updated_at 
    from
        users u1_0 
    where
        u1_0.Userid=?
Hibernate: 
    select
        tll1_0.id,
        tll1_0.accuracy,
        tll1_0.created_at,
        tll1_0.last_update,
        tll1_0.latitude,
        tll1_0.longitude,
        tll1_0.technician_id 
    from
        technician_live_locations tll1_0 
    where
        tll1_0.technician_id=?
Hibernate: 
    select
        t1_0.technician_id,
        t1_0.approval_status,
        t1_0.approved_at,
        t1_0.availability_status,
        t1_0.average_rating,
        t1_0.business_name,
        t1_0.category_id,
        t1_0.created_at,
        t1_0.description,
        t1_0.experience_year,
        t1_0.opening_hours,
        t1_0.photo,
        t1_0.photo_content_type,
        t1_0.rating_count,
        t1_0.rejection_reason,
        t1_0.service_area,
        t1_0.updated_at,
        t1_0.user_id,
        t1_0.verified 
    from
        technician t1_0 
    where
        t1_0.technician_id=?
Hibernate: 
    select
        u1_0.Userid,
        u1_0.created_at,
        u1_0.DateofBirth,
        u1_0.Email,
        u1_0.Full_name,
        u1_0.Last_name,
        u1_0.Password_hash,
        u1_0.Phone_number,
        u1_0.Profile_image,
        u1_0.ROLE,
        u1_0.STATUS,
        u1_0.updated_at 
    from
        users u1_0 
    where
        u1_0.Userid=?
Hibernate: 
    select
        tll1_0.id,
        tll1_0.accuracy,
        tll1_0.created_at,
        tll1_0.last_update,
        tll1_0.latitude,
        tll1_0.longitude,
        tll1_0.technician_id 
    from
        technician_live_locations tll1_0 
    where
        tll1_0.technician_id=?
Hibernate: 
    select
        u1_0.Userid,
        u1_0.created_at,
        u1_0.DateofBirth,
        u1_0.Email,
        u1_0.Full_name,
        u1_0.Last_name,
        u1_0.Password_hash,
        u1_0.Phone_number,
        u1_0.Profile_image,
        u1_0.ROLE,
        u1_0.STATUS,
        u1_0.updated_at 
    from
        users u1_0 
    where
        u1_0.Email=?
Hibernate: 
    select
        n1_0.notification_id,
        n1_0.created_at,
        n1_0.is_read,
        n1_0.job_id,
        n1_0.message,
        n1_0.message_km,
        n1_0.title,
        n1_0.title_km,
        n1_0.type,
        n1_0.user_id 
    from
        notification n1_0 
    where
        n1_0.user_id=? 
    order by
        n1_0.created_at desc
Hibernate: 
    select
        u1_0.Userid,
        u1_0.created_at,
        u1_0.DateofBirth,
        u1_0.Email,
        u1_0.Full_name,
        u1_0.Last_name,
        u1_0.Password_hash,
        u1_0.Phone_number,
        u1_0.Profile_image,
        u1_0.ROLE,
        u1_0.STATUS,
        u1_0.updated_at 
    from
        users u1_0 
    where
        u1_0.Email=?
Hibernate: 
    select
        n1_0.notification_id,
        n1_0.created_at,
        n1_0.is_read,
        n1_0.job_id,
        n1_0.message,
        n1_0.message_km,
        n1_0.title,
        n1_0.title_km,
        n1_0.type,
        n1_0.user_id 
    from
        notification n1_0 
    where
        n1_0.user_id=? 
    order by
        n1_0.created_at desc
Hibernate: 
    select
        u1_0.Userid,
        u1_0.created_at,
        u1_0.DateofBirth,
        u1_0.Email,
        u1_0.Full_name,
        u1_0.Last_name,
        u1_0.Password_hash,
        u1_0.Phone_number,
        u1_0.Profile_image,
        u1_0.ROLE,
        u1_0.STATUS,
        u1_0.updated_at 
    from
        users u1_0 
    where
        u1_0.Email=?
Hibernate: 
    select
        j1_0.id,
        j1_0.address,
        j1_0.assigned_at,
        j1_0.booking_type,
        j1_0.category,
        j1_0.completed_at,
        j1_0.created_at,
        j1_0.customer_name,
        j1_0.customer_phone,
        j1_0.customer_user_id,
        j1_0.description,
        j1_0.lat,
        j1_0.lng,
        j1_0.notes,
        j1_0.scheduled_at,
        j1_0.starting_price,
        j1_0.status,
        j1_0.technician_id 
    from
        job j1_0
Hibernate: 
    select
        t1_0.technician_id,
        t1_0.approval_status,
        t1_0.approved_at,
        t1_0.availability_status,
        t1_0.average_rating,
        t1_0.business_name,
        t1_0.category_id,
        t1_0.created_at,
        t1_0.description,
        t1_0.experience_year,
        t1_0.opening_hours,
        t1_0.photo,
        t1_0.photo_content_type,
        t1_0.rating_count,
        t1_0.rejection_reason,
        t1_0.service_area,
        t1_0.updated_at,
        t1_0.user_id,
        t1_0.verified 
    from
        technician t1_0 
    where
        t1_0.technician_id=?
Hibernate: 
    select
        u1_0.Userid,
        u1_0.created_at,
        u1_0.DateofBirth,
        u1_0.Email,
        u1_0.Full_name,
        u1_0.Last_name,
        u1_0.Password_hash,
        u1_0.Phone_number,
        u1_0.Profile_image,
        u1_0.ROLE,
        u1_0.STATUS,
        u1_0.updated_at 
    from
        users u1_0 
    where
        u1_0.Userid=?
Hibernate: 
    select
        tll1_0.id,
        tll1_0.accuracy,
        tll1_0.created_at,
        tll1_0.last_update,
        tll1_0.latitude,
        tll1_0.longitude,
        tll1_0.technician_id 
    from
        technician_live_locations tll1_0 
    where
        tll1_0.technician_id=?
Hibernate: 
    select
        tll1_0.id,
        tll1_0.accuracy,
        tll1_0.created_at,
        tll1_0.last_update,
        tll1_0.latitude,
        tll1_0.longitude,
        tll1_0.technician_id 
    from
        technician_live_locations tll1_0 
    where
        tll1_0.technician_id=?
Hibernate: 
    select
        t1_0.technician_id,
        t1_0.approval_status,
        t1_0.approved_at,
        t1_0.availability_status,
        t1_0.average_rating,
        t1_0.business_name,
        t1_0.category_id,
        t1_0.created_at,
        t1_0.description,
        t1_0.experience_year,
        t1_0.opening_hours,
        t1_0.photo,
        t1_0.photo_content_type,
        t1_0.rating_count,
        t1_0.rejection_reason,
        t1_0.service_area,
        t1_0.updated_at,
        t1_0.user_id,
        t1_0.verified 
    from
        technician t1_0 
    where
        t1_0.technician_id=?
Hibernate: 
    select
        u1_0.Userid,
        u1_0.created_at,
        u1_0.DateofBirth,
        u1_0.Email,
        u1_0.Full_name,
        u1_0.Last_name,
        u1_0.Password_hash,
        u1_0.Phone_number,
        u1_0.Profile_image,
        u1_0.ROLE,
        u1_0.STATUS,
        u1_0.updated_at 
    from
        users u1_0 
    where
        u1_0.Userid=?
Hibernate: 
    select
        tll1_0.id,
        tll1_0.accuracy,
        tll1_0.created_at,
        tll1_0.last_update,
        tll1_0.latitude,
        tll1_0.longitude,
        tll1_0.technician_id 
    from
        technician_live_locations tll1_0 
    where
        tll1_0.technician_id=?
Hibernate: 
    select
        t1_0.technician_id,
        t1_0.approval_status,
        t1_0.approved_at,
        t1_0.availability_status,
        t1_0.average_rating,
        t1_0.business_name,
        t1_0.category_id,
        t1_0.created_at,
        t1_0.description,
        t1_0.experience_year,
        t1_0.opening_hours,
        t1_0.photo,
        t1_0.photo_content_type,
        t1_0.rating_count,
        t1_0.rejection_reason,
        t1_0.service_area,
        t1_0.updated_at,
        t1_0.user_id,
        t1_0.verified 
    from
        technician t1_0 
    where
        t1_0.technician_id=?
Hibernate: 
    select
        u1_0.Userid,
        u1_0.created_at,
        u1_0.DateofBirth,
        u1_0.Email,
        u1_0.Full_name,
        u1_0.Last_name,
        u1_0.Password_hash,
        u1_0.Phone_number,
        u1_0.Profile_image,
        u1_0.ROLE,
        u1_0.STATUS,
        u1_0.updated_at 
    from
        users u1_0 
    where
        u1_0.Userid=?
Hibernate: 
    select
        tll1_0.id,
        tll1_0.accuracy,
        tll1_0.created_at,
        tll1_0.last_update,
        tll1_0.latitude,
        tll1_0.longitude,
        tll1_0.technician_id 
    from
        technician_live_locations tll1_0 
    where
        tll1_0.technician_id=?
Hibernate: 
    select
        t1_0.technician_id,
        t1_0.approval_status,
        t1_0.approved_at,
        t1_0.availability_status,
        t1_0.average_rating,
        t1_0.business_name,
        t1_0.category_id,
        t1_0.created_at,
        t1_0.description,
        t1_0.experience_year,
        t1_0.opening_hours,
        t1_0.photo,
        t1_0.photo_content_type,
        t1_0.rating_count,
        t1_0.rejection_reason,
        t1_0.service_area,
        t1_0.updated_at,
        t1_0.user_id,
        t1_0.verified 
    from
        technician t1_0 
    where
        t1_0.technician_id=?
Hibernate: 
    select
        u1_0.Userid,
        u1_0.created_at,
        u1_0.DateofBirth,
        u1_0.Email,
        u1_0.Full_name,
        u1_0.Last_name,
        u1_0.Password_hash,
        u1_0.Phone_number,
        u1_0.Profile_image,
        u1_0.ROLE,
        u1_0.STATUS,
        u1_0.updated_at 
    from
        users u1_0 
    where
        u1_0.Userid=?
Hibernate: 
    select
        tll1_0.id,
        tll1_0.accuracy,
        tll1_0.created_at,
        tll1_0.last_update,
        tll1_0.latitude,
        tll1_0.longitude,
        tll1_0.technician_id 
    from
        technician_live_locations tll1_0 
    where
        tll1_0.technician_id=?
Hibernate: 
    select
        tll1_0.id,
        tll1_0.accuracy,
        tll1_0.created_at,
        tll1_0.last_update,
        tll1_0.latitude,
        tll1_0.longitude,
        tll1_0.technician_id 
    from
        technician_live_locations tll1_0 
    where
        tll1_0.technician_id=?
Hibernate: 
    select
        tll1_0.id,
        tll1_0.accuracy,
        tll1_0.created_at,
        tll1_0.last_update,
        tll1_0.latitude,
        tll1_0.longitude,
        tll1_0.technician_id 
    from
        technician_live_locations tll1_0 
    where
        tll1_0.technician_id=?
Hibernate: 
    select
        t1_0.technician_id,
        t1_0.approval_status,
        t1_0.approved_at,
        t1_0.availability_status,
        t1_0.average_rating,
        t1_0.business_name,
        t1_0.category_id,
        t1_0.created_at,
        t1_0.description,
        t1_0.experience_year,
        t1_0.opening_hours,
        t1_0.photo,
        t1_0.photo_content_type,
        t1_0.rating_count,
        t1_0.rejection_reason,
        t1_0.service_area,
        t1_0.updated_at,
        t1_0.user_id,
        t1_0.verified 
    from
        technician t1_0 
    where
        t1_0.technician_id=?
Hibernate: 
    select
        u1_0.Userid,
        u1_0.created_at,
        u1_0.DateofBirth,
        u1_0.Email,
        u1_0.Full_name,
        u1_0.Last_name,
        u1_0.Password_hash,
        u1_0.Phone_number,
        u1_0.Profile_image,
        u1_0.ROLE,
        u1_0.STATUS,
        u1_0.updated_at 
    from
        users u1_0 
    where
        u1_0.Userid=?
Hibernate: 
    select
        tll1_0.id,
        tll1_0.accuracy,
        tll1_0.created_at,
        tll1_0.last_update,
        tll1_0.latitude,
        tll1_0.longitude,
        tll1_0.technician_id 
    from
        technician_live_locations tll1_0 
    where
        tll1_0.technician_id=?
Hibernate: 
    select
        t1_0.technician_id,
        t1_0.approval_status,
        t1_0.approved_at,
        t1_0.availability_status,
        t1_0.average_rating,
        t1_0.business_name,
        t1_0.category_id,
        t1_0.created_at,
        t1_0.description,
        t1_0.experience_year,
        t1_0.opening_hours,
        t1_0.photo,
        t1_0.photo_content_type,
        t1_0.rating_count,
        t1_0.rejection_reason,
        t1_0.service_area,
        t1_0.updated_at,
        t1_0.user_id,
        t1_0.verified 
    from
        technician t1_0 
    where
        t1_0.technician_id=?
Hibernate: 
    select
        u1_0.Userid,
        u1_0.created_at,
        u1_0.DateofBirth,
        u1_0.Email,
        u1_0.Full_name,
        u1_0.Last_name,
        u1_0.Password_hash,
        u1_0.Phone_number,
        u1_0.Profile_image,
        u1_0.ROLE,
        u1_0.STATUS,
        u1_0.updated_at 
    from
        users u1_0 
    where
        u1_0.Userid=?
Hibernate: 
    select
        tll1_0.id,
        tll1_0.accuracy,
        tll1_0.created_at,
        tll1_0.last_update,
        tll1_0.latitude,
        tll1_0.longitude,
        tll1_0.technician_id 
    from
        technician_live_locations tll1_0 
    where
        tll1_0.technician_id=?
Hibernate: 
    select
        t1_0.technician_id,
        t1_0.approval_status,
        t1_0.approved_at,
        t1_0.availability_status,
        t1_0.average_rating,
        t1_0.business_name,
        t1_0.category_id,
        t1_0.created_at,
        t1_0.description,
        t1_0.experience_year,
        t1_0.opening_hours,
        t1_0.photo,
        t1_0.photo_content_type,
        t1_0.rating_count,
        t1_0.rejection_reason,
        t1_0.service_area,
        t1_0.updated_at,
        t1_0.user_id,
        t1_0.verified 
    from
        technician t1_0 
    where
        t1_0.technician_id=?
Hibernate: 
    select
        u1_0.Userid,
        u1_0.created_at,
        u1_0.DateofBirth,
        u1_0.Email,
        u1_0.Full_name,
        u1_0.Last_name,
        u1_0.Password_hash,
        u1_0.Phone_number,
        u1_0.Profile_image,
        u1_0.ROLE,
        u1_0.STATUS,
        u1_0.updated_at 
    from
        users u1_0 
    where
        u1_0.Userid=?
Hibernate: 
    select
        tll1_0.id,
        tll1_0.accuracy,
        tll1_0.created_at,
        tll1_0.last_update,
        tll1_0.latitude,
        tll1_0.longitude,
        tll1_0.technician_id 
    from
        technician_live_locations tll1_0 
    where
        tll1_0.technician_id=?
Hibernate: 
    select
        u1_0.Userid,
        u1_0.created_at,
        u1_0.DateofBirth,
        u1_0.Email,
        u1_0.Full_name,
        u1_0.Last_name,
        u1_0.Password_hash,
        u1_0.Phone_number,
        u1_0.Profile_image,
        u1_0.ROLE,
        u1_0.STATUS,
        u1_0.updated_at 
    from
        users u1_0 
    where
        u1_0.Email=?
Hibernate: 
    select
        n1_0.notification_id,
        n1_0.created_at,
        n1_0.is_read,
        n1_0.job_id,
        n1_0.message,
        n1_0.message_km,
        n1_0.title,
        n1_0.title_km,
        n1_0.type,
        n1_0.user_id 
    from
        notification n1_0 
    where
        n1_0.user_id=? 
    order by
        n1_0.created_at desc
Hibernate: 
    select
        u1_0.Userid,
        u1_0.created_at,
        u1_0.DateofBirth,
        u1_0.Email,
        u1_0.Full_name,
        u1_0.Last_name,
        u1_0.Password_hash,
        u1_0.Phone_number,
        u1_0.Profile_image,
        u1_0.ROLE,
        u1_0.STATUS,
        u1_0.updated_at 
    from
        users u1_0 
    where
        u1_0.Email=?
Hibernate: 
    select
        j1_0.id,
        j1_0.address,
        j1_0.assigned_at,
        j1_0.booking_type,
        j1_0.category,
        j1_0.completed_at,
        j1_0.created_at,
        j1_0.customer_name,
        j1_0.customer_phone,
        j1_0.customer_user_id,
        j1_0.description,
        j1_0.lat,
        j1_0.lng,
        j1_0.notes,
        j1_0.scheduled_at,
        j1_0.starting_price,
        j1_0.status,
        j1_0.technician_id 
    from
        job j1_0
Hibernate: 
    select
        t1_0.technician_id,
        t1_0.approval_status,
        t1_0.approved_at,
        t1_0.availability_status,
        t1_0.average_rating,
        t1_0.business_name,
        t1_0.category_id,
        t1_0.created_at,
        t1_0.description,
        t1_0.experience_year,
        t1_0.opening_hours,
        t1_0.photo,
        t1_0.photo_content_type,
        t1_0.rating_count,
        t1_0.rejection_reason,
        t1_0.service_area,
        t1_0.updated_at,
        t1_0.user_id,
        t1_0.verified 
    from
        technician t1_0 
    where
        t1_0.technician_id=?
Hibernate: 
    select
        u1_0.Userid,
        u1_0.created_at,
        u1_0.DateofBirth,
        u1_0.Email,
        u1_0.Full_name,
        u1_0.Last_name,
        u1_0.Password_hash,
        u1_0.Phone_number,
        u1_0.Profile_image,
        u1_0.ROLE,
        u1_0.STATUS,
        u1_0.updated_at 
    from
        users u1_0 
    where
        u1_0.Userid=?
Hibernate: 
    select
        tll1_0.id,
        tll1_0.accuracy,
        tll1_0.created_at,
        tll1_0.last_update,
        tll1_0.latitude,
        tll1_0.longitude,
        tll1_0.technician_id 
    from
        technician_live_locations tll1_0 
    where
        tll1_0.technician_id=?
Hibernate: 
    select
        tll1_0.id,
        tll1_0.accuracy,
        tll1_0.created_at,
        tll1_0.last_update,
        tll1_0.latitude,
        tll1_0.longitude,
        tll1_0.technician_id 
    from
        technician_live_locations tll1_0 
    where
        tll1_0.technician_id=?
Hibernate: 
    select
        t1_0.technician_id,
        t1_0.approval_status,
        t1_0.approved_at,
        t1_0.availability_status,
        t1_0.average_rating,
        t1_0.business_name,
        t1_0.category_id,
        t1_0.created_at,
        t1_0.description,
        t1_0.experience_year,
        t1_0.opening_hours,
        t1_0.photo,
        t1_0.photo_content_type,
        t1_0.rating_count,
        t1_0.rejection_reason,
        t1_0.service_area,
        t1_0.updated_at,
        t1_0.user_id,
        t1_0.verified 
    from
        technician t1_0 
    where
        t1_0.technician_id=?
Hibernate: 
    select
        u1_0.Userid,
        u1_0.created_at,
        u1_0.DateofBirth,
        u1_0.Email,
        u1_0.Full_name,
        u1_0.Last_name,
        u1_0.Password_hash,
        u1_0.Phone_number,
        u1_0.Profile_image,
        u1_0.ROLE,
        u1_0.STATUS,
        u1_0.updated_at 
    from
        users u1_0 
    where
        u1_0.Userid=?
Hibernate: 
    select
        tll1_0.id,
        tll1_0.accuracy,
        tll1_0.created_at,
        tll1_0.last_update,
        tll1_0.latitude,
        tll1_0.longitude,
        tll1_0.technician_id 
    from
        technician_live_locations tll1_0 
    where
        tll1_0.technician_id=?
Hibernate: 
    select
        t1_0.technician_id,
        t1_0.approval_status,
        t1_0.approved_at,
        t1_0.availability_status,
        t1_0.average_rating,
        t1_0.business_name,
        t1_0.category_id,
        t1_0.created_at,
        t1_0.description,
        t1_0.experience_year,
        t1_0.opening_hours,
        t1_0.photo,
        t1_0.photo_content_type,
        t1_0.rating_count,
        t1_0.rejection_reason,
        t1_0.service_area,
        t1_0.updated_at,
        t1_0.user_id,
        t1_0.verified 
    from
        technician t1_0 
    where
        t1_0.technician_id=?
Hibernate: 
    select
        u1_0.Userid,
        u1_0.created_at,
        u1_0.DateofBirth,
        u1_0.Email,
        u1_0.Full_name,
        u1_0.Last_name,
        u1_0.Password_hash,
        u1_0.Phone_number,
        u1_0.Profile_image,
        u1_0.ROLE,
        u1_0.STATUS,
        u1_0.updated_at 
    from
        users u1_0 
    where
        u1_0.Userid=?
Hibernate: 
    select
        tll1_0.id,
        tll1_0.accuracy,
        tll1_0.created_at,
        tll1_0.last_update,
        tll1_0.latitude,
        tll1_0.longitude,
        tll1_0.technician_id 
    from
        technician_live_locations tll1_0 
    where
        tll1_0.technician_id=?
Hibernate: 
    select
        t1_0.technician_id,
        t1_0.approval_status,
        t1_0.approved_at,
        t1_0.availability_status,
        t1_0.average_rating,
        t1_0.business_name,
        t1_0.category_id,
        t1_0.created_at,
        t1_0.description,
        t1_0.experience_year,
        t1_0.opening_hours,
        t1_0.photo,
        t1_0.photo_content_type,
        t1_0.rating_count,
        t1_0.rejection_reason,
        t1_0.service_area,
        t1_0.updated_at,
        t1_0.user_id,
        t1_0.verified 
    from
        technician t1_0 
    where
        t1_0.technician_id=?
Hibernate: 
    select
        u1_0.Userid,
        u1_0.created_at,
        u1_0.DateofBirth,
        u1_0.Email,
        u1_0.Full_name,
        u1_0.Last_name,
        u1_0.Password_hash,
        u1_0.Phone_number,
        u1_0.Profile_image,
        u1_0.ROLE,
        u1_0.STATUS,
        u1_0.updated_at 
    from
        users u1_0 
    where
        u1_0.Userid=?
Hibernate: 
    select
        tll1_0.id,
        tll1_0.accuracy,
        tll1_0.created_at,
        tll1_0.last_update,
        tll1_0.latitude,
        tll1_0.longitude,
        tll1_0.technician_id 
    from
        technician_live_locations tll1_0 
    where
        tll1_0.technician_id=?
Hibernate: 
    select
        tll1_0.id,
        tll1_0.accuracy,
        tll1_0.created_at,
        tll1_0.last_update,
        tll1_0.latitude,
        tll1_0.longitude,
        tll1_0.technician_id 
    from
        technician_live_locations tll1_0 
    where
        tll1_0.technician_id=?
Hibernate: 
    select
        tll1_0.id,
        tll1_0.accuracy,
        tll1_0.created_at,
        tll1_0.last_update,
        tll1_0.latitude,
        tll1_0.longitude,
        tll1_0.technician_id 
    from
        technician_live_locations tll1_0 
    where
        tll1_0.technician_id=?
Hibernate: 
    select
        t1_0.technician_id,
        t1_0.approval_status,
        t1_0.approved_at,
        t1_0.availability_status,
        t1_0.average_rating,
        t1_0.business_name,
        t1_0.category_id,
        t1_0.created_at,
        t1_0.description,
        t1_0.experience_year,
        t1_0.opening_hours,
        t1_0.photo,
        t1_0.photo_content_type,
        t1_0.rating_count,
        t1_0.rejection_reason,
        t1_0.service_area,
        t1_0.updated_at,
        t1_0.user_id,
        t1_0.verified 
    from
        technician t1_0 
    where
        t1_0.technician_id=?
Hibernate: 
    select
        u1_0.Userid,
        u1_0.created_at,
        u1_0.DateofBirth,
        u1_0.Email,
        u1_0.Full_name,
        u1_0.Last_name,
        u1_0.Password_hash,
        u1_0.Phone_number,
        u1_0.Profile_image,
        u1_0.ROLE,
        u1_0.STATUS,
        u1_0.updated_at 
    from
        users u1_0 
    where
        u1_0.Userid=?
Hibernate: 
    select
        tll1_0.id,
        tll1_0.accuracy,
        tll1_0.created_at,
        tll1_0.last_update,
        tll1_0.latitude,
        tll1_0.longitude,
        tll1_0.technician_id 
    from
        technician_live_locations tll1_0 
    where
        tll1_0.technician_id=?
Hibernate: 
    select
        t1_0.technician_id,
        t1_0.approval_status,
        t1_0.approved_at,
        t1_0.availability_status,
        t1_0.average_rating,
        t1_0.business_name,
        t1_0.category_id,
        t1_0.created_at,
        t1_0.description,
        t1_0.experience_year,
        t1_0.opening_hours,
        t1_0.photo,
        t1_0.photo_content_type,
        t1_0.rating_count,
        t1_0.rejection_reason,
        t1_0.service_area,
        t1_0.updated_at,
        t1_0.user_id,
        t1_0.verified 
    from
        technician t1_0 
    where
        t1_0.technician_id=?
Hibernate: 
    select
        u1_0.Userid,
        u1_0.created_at,
        u1_0.DateofBirth,
        u1_0.Email,
        u1_0.Full_name,
        u1_0.Last_name,
        u1_0.Password_hash,
        u1_0.Phone_number,
        u1_0.Profile_image,
        u1_0.ROLE,
        u1_0.STATUS,
        u1_0.updated_at 
    from
        users u1_0 
    where
        u1_0.Userid=?
Hibernate: 
    select
        tll1_0.id,
        tll1_0.accuracy,
        tll1_0.created_at,
        tll1_0.last_update,
        tll1_0.latitude,
        tll1_0.longitude,
        tll1_0.technician_id 
    from
        technician_live_locations tll1_0 
    where
        tll1_0.technician_id=?
Hibernate: 
    select
        t1_0.technician_id,
        t1_0.approval_status,
        t1_0.approved_at,
        t1_0.availability_status,
        t1_0.average_rating,
        t1_0.business_name,
        t1_0.category_id,
        t1_0.created_at,
        t1_0.description,
        t1_0.experience_year,
        t1_0.opening_hours,
        t1_0.photo,
        t1_0.photo_content_type,
        t1_0.rating_count,
        t1_0.rejection_reason,
        t1_0.service_area,
        t1_0.updated_at,
        t1_0.user_id,
        t1_0.verified 
    from
        technician t1_0 
    where
        t1_0.technician_id=?
Hibernate: 
    select
        u1_0.Userid,
        u1_0.created_at,
        u1_0.DateofBirth,
        u1_0.Email,
        u1_0.Full_name,
        u1_0.Last_name,
        u1_0.Password_hash,
        u1_0.Phone_number,
        u1_0.Profile_image,
        u1_0.ROLE,
        u1_0.STATUS,
        u1_0.updated_at 
    from
        users u1_0 
    where
        u1_0.Userid=?
Hibernate: 
    select
        tll1_0.id,
        tll1_0.accuracy,
        tll1_0.created_at,
        tll1_0.last_update,
        tll1_0.latitude,
        tll1_0.longitude,
        tll1_0.technician_id 
    from
        technician_live_locations tll1_0 
    where
        tll1_0.technician_id=?
2026-09-12T10:17:58.354+07:00  INFO 24128 --- [api] [   File Watcher] rtingClassPathChangeChangedEventListener : Restarting due to 47 class path changes (0 additions, 47 deletions, 0 modifications)
2026-09-12T10:17:58.622+07:00  INFO 24128 --- [api] [       Thread-1] o.s.boot.tomcat.GracefulShutdown         : Commencing graceful shutdown. Waiting for active requests to complete
2026-09-12T10:17:58.786+07:00  INFO 24128 --- [api] [tomcat-shutdown] o.s.boot.tomcat.GracefulShutdown         : Graceful shutdown complete
2026-09-12T10:17:58.852+07:00  INFO 24128 --- [api] [       Thread-1] j.LocalContainerEntityManagerFactoryBean : Closing JPA EntityManagerFactory for persistence unit 'default'
2026-09-12T10:17:58.957+07:00  INFO 24128 --- [api] [       Thread-1] com.zaxxer.hikari.HikariDataSource       : HikariPool-1 - Shutdown initiated...
2026-09-12T10:17:59.126+07:00  INFO 24128 --- [api] [       Thread-1] com.zaxxer.hikari.HikariDataSource       : HikariPool-1 - Shutdown completed.

  .   ____          _            __ _ _
 /\\ / ___'_ __ _ _(_)_ __  __ _ \ \ \ \
( ( )\___ | '_ | '_| | '_ \/ _` | \ \ \ \
 \\/  ___)| |_)| | | | | || (_| |  ) ) ) )
  '  |____| .__|_| |_|_| |_\__, | / / / /
 =========|_|==============|___/=/_/_/_/

 :: Spring Boot ::                (v4.1.0)

2026-09-12T10:18:00.188+07:00  INFO 24128 --- [api] [  restartedMain] com.api.ApiApplication                   : Starting ApiApplication using Java 24.0.1 with PID 24128 (C:\Users\USer\team\CamFix\Backend\target\classes started by USer in C:\Users\USer\team\CamFix\Backend)
2026-09-12T10:18:00.189+07:00  INFO 24128 --- [api] [  restartedMain] com.api.ApiApplication                   : No active profile set, falling back to 1 default profile: "default"
2026-09-12T10:18:01.571+07:00  INFO 24128 --- [api] [  restartedMain] .s.d.r.c.RepositoryConfigurationDelegate : Bootstrapping Spring Data JPA repositories in DEFAULT mode.
2026-09-12T10:18:01.751+07:00  INFO 24128 --- [api] [  restartedMain] .s.d.r.c.RepositoryConfigurationDelegate : Finished Spring Data repository scanning in 172 ms. Found 10 JPA repository interfaces.
2026-09-12T10:18:02.571+07:00  INFO 24128 --- [api] [  restartedMain] o.s.boot.tomcat.TomcatWebServer          : Tomcat initialized with port 8081 (http)
2026-09-12T10:18:02.585+07:00  INFO 24128 --- [api] [  restartedMain] o.apache.catalina.core.StandardService   : Starting service [Tomcat]
2026-09-12T10:18:02.586+07:00  INFO 24128 --- [api] [  restartedMain] o.apache.catalina.core.StandardEngine    : Starting Servlet engine: [Apache Tomcat/11.0.22]
2026-09-12T10:18:02.770+07:00  INFO 24128 --- [api] [  restartedMain] b.w.c.s.WebApplicationContextInitializer : Root WebApplicationContext: initialization completed in 2568 ms
2026-09-12T10:18:03.010+07:00  INFO 24128 --- [api] [  restartedMain] org.hibernate.orm.jpa                    : HHH008540: Processing PersistenceUnitInfo [name: default]
2026-09-12T10:18:03.181+07:00  INFO 24128 --- [api] [  restartedMain] o.s.o.j.p.SpringPersistenceUnitInfo      : No LoadTimeWeaver setup: ignoring JPA class transformer
2026-09-12T10:18:03.188+07:00  INFO 24128 --- [api] [  restartedMain] com.zaxxer.hikari.HikariDataSource       : HikariPool-2 - Starting...
2026-09-12T10:18:03.219+07:00  INFO 24128 --- [api] [  restartedMain] com.zaxxer.hikari.pool.HikariPool        : HikariPool-2 - Added connection com.mysql.cj.jdbc.ConnectionImpl@71b36f8c
2026-09-12T10:18:03.221+07:00  INFO 24128 --- [api] [  restartedMain] com.zaxxer.hikari.HikariDataSource       : HikariPool-2 - Start completed.
2026-09-12T10:18:03.228+07:00  WARN 24128 --- [api] [  restartedMain] org.hibernate.orm.core                   : HHH000511: The 5.5.5 version for [org.hibernate.dialect.MySQLDialect] is no longer supported, hence certain features may not work properly.The minimum supported version is 8.0.0. Check the community dialects project for available legacy versions.
2026-09-12T10:18:03.233+07:00  INFO 24128 --- [api] [  restartedMain] org.hibernate.orm.connections.pooling    : HHH10001005: Database info:
	Database JDBC URL [jdbc:mysql://localhost:3306/CamFix?useSSL=false&allowPublicKeyRetrieval=true&serverTimezone=UTC]
	Database driver: MySQL Connector/J
	Database dialect: MySQLDialect
	Database version: 5.5.5
	Default catalog/schema: CamFix/undefined
	Autocommit mode: undefined/unknown
	Isolation level: REPEATABLE_READ [default REPEATABLE_READ]
	JDBC fetch size: none
	Pool: DataSourceConnectionProvider
	Minimum pool size: undefined/unknown
	Maximum pool size: undefined/unknown
2026-09-12T10:18:04.213+07:00  INFO 24128 --- [api] [  restartedMain] org.hibernate.orm.core                   : HHH000182: No default (no-argument) constructor for class [com.api.Entity.Reviews] (class must be instantiated by Interceptor)
2026-09-12T10:18:04.434+07:00  INFO 24128 --- [api] [  restartedMain] org.hibernate.orm.core                   : HHH000489: No JTA platform available (set 'hibernate.transaction.jta.platform' to enable JTA platform integration)
2026-09-12T10:18:06.099+07:00  INFO 24128 --- [api] [  restartedMain] j.LocalContainerEntityManagerFactoryBean : Initialized JPA EntityManagerFactory for persistence unit 'default'
2026-09-12T10:18:06.166+07:00  WARN 24128 --- [api] [  restartedMain] ConfigServletWebServerApplicationContext : Exception encountered during context initialization - cancelling refresh attempt: org.springframework.beans.factory.BeanCreationException: Error creating bean with name 'authController': Lookup method resolution failed
2026-09-12T10:18:06.166+07:00  INFO 24128 --- [api] [  restartedMain] j.LocalContainerEntityManagerFactoryBean : Closing JPA EntityManagerFactory for persistence unit 'default'
2026-09-12T10:18:06.168+07:00  INFO 24128 --- [api] [  restartedMain] com.zaxxer.hikari.HikariDataSource       : HikariPool-2 - Shutdown initiated...
2026-09-12T10:18:06.200+07:00  INFO 24128 --- [api] [  restartedMain] com.zaxxer.hikari.HikariDataSource       : HikariPool-2 - Shutdown completed.
2026-09-12T10:18:06.201+07:00  INFO 24128 --- [api] [  restartedMain] o.apache.catalina.core.StandardService   : Stopping service [Tomcat]
2026-09-12T10:18:06.224+07:00  INFO 24128 --- [api] [  restartedMain] .s.b.a.l.ConditionEvaluationReportLogger : 

Error starting ApplicationContext. To display the condition evaluation report re-run your application with 'debug' enabled.
2026-09-12T10:18:06.301+07:00 ERROR 24128 --- [api] [  restartedMain] o.s.boot.SpringApplication               : Application run failed

org.springframework.beans.factory.BeanCreationException: Error creating bean with name 'authController': Lookup method resolution failed
	at org.springframework.beans.factory.annotation.AutowiredAnnotationBeanPostProcessor.checkLookupMethods(AutowiredAnnotationBeanPostProcessor.java:482) ~[spring-beans-7.0.8.jar:7.0.8]
	at org.springframework.beans.factory.annotation.AutowiredAnnotationBeanPostProcessor.determineCandidateConstructors(AutowiredAnnotationBeanPostProcessor.java:352) ~[spring-beans-7.0.8.jar:7.0.8]
	at org.springframework.beans.factory.support.AbstractAutowireCapableBeanFactory.determineConstructorsFromBeanPostProcessors(AbstractAutowireCapableBeanFactory.java:1319) ~[spring-beans-7.0.8.jar:7.0.8]
	at org.springframework.beans.factory.support.AbstractAutowireCapableBeanFactory.createBeanInstance(AbstractAutowireCapableBeanFactory.java:1216) ~[spring-beans-7.0.8.jar:7.0.8]
	at org.springframework.beans.factory.support.AbstractAutowireCapableBeanFactory.doCreateBean(AbstractAutowireCapableBeanFactory.java:565) ~[spring-beans-7.0.8.jar:7.0.8]
	at org.springframework.beans.factory.support.AbstractAutowireCapableBeanFactory.createBean(AbstractAutowireCapableBeanFactory.java:525) ~[spring-beans-7.0.8.jar:7.0.8]
	at org.springframework.beans.factory.support.AbstractBeanFactory.lambda$doGetBean$0(AbstractBeanFactory.java:333) ~[spring-beans-7.0.8.jar:7.0.8]
	at org.springframework.beans.factory.support.DefaultSingletonBeanRegistry.getSingleton(DefaultSingletonBeanRegistry.java:371) ~[spring-beans-7.0.8.jar:7.0.8]
	at org.springframework.beans.factory.support.AbstractBeanFactory.doGetBean(AbstractBeanFactory.java:331) ~[spring-beans-7.0.8.jar:7.0.8]
	at org.springframework.beans.factory.support.AbstractBeanFactory.getBean(AbstractBeanFactory.java:196) ~[spring-beans-7.0.8.jar:7.0.8]
	at org.springframework.beans.factory.support.DefaultListableBeanFactory.instantiateSingleton(DefaultListableBeanFactory.java:1225) ~[spring-beans-7.0.8.jar:7.0.8]
	at org.springframework.beans.factory.support.DefaultListableBeanFactory.preInstantiateSingleton(DefaultListableBeanFactory.java:1191) ~[spring-beans-7.0.8.jar:7.0.8]
	at org.springframework.beans.factory.support.DefaultListableBeanFactory.preInstantiateSingletons(DefaultListableBeanFactory.java:1121) ~[spring-beans-7.0.8.jar:7.0.8]
	at org.springframework.context.support.AbstractApplicationContext.finishBeanFactoryInitialization(AbstractApplicationContext.java:994) ~[spring-context-7.0.8.jar:7.0.8]
	at org.springframework.context.support.AbstractApplicationContext.refresh(AbstractApplicationContext.java:621) ~[spring-context-7.0.8.jar:7.0.8]
	at org.springframework.boot.web.server.servlet.context.ServletWebServerApplicationContext.refresh(ServletWebServerApplicationContext.java:143) ~[spring-boot-web-server-4.1.0.jar:4.1.0]
	at org.springframework.boot.SpringApplication.refresh(SpringApplication.java:756) ~[spring-boot-4.1.0.jar:4.1.0]
	at org.springframework.boot.SpringApplication.refreshContext(SpringApplication.java:445) ~[spring-boot-4.1.0.jar:4.1.0]
	at org.springframework.boot.SpringApplication.run(SpringApplication.java:321) ~[spring-boot-4.1.0.jar:4.1.0]
	at org.springframework.boot.SpringApplication.run(SpringApplication.java:1365) ~[spring-boot-4.1.0.jar:4.1.0]
	at org.springframework.boot.SpringApplication.run(SpringApplication.java:1354) ~[spring-boot-4.1.0.jar:4.1.0]
	at com.api.ApiApplication.main(ApiApplication.java:11) ~[classes/:na]
	at java.base/jdk.internal.reflect.DirectMethodHandleAccessor.invoke(DirectMethodHandleAccessor.java:104) ~[na:na]
	at java.base/java.lang.reflect.Method.invoke(Method.java:565) ~[na:na]
	at org.springframework.boot.devtools.restart.RestartLauncher.run(RestartLauncher.java:52) ~[spring-boot-devtools-4.1.0.jar:4.1.0]
Caused by: java.lang.IllegalStateException: Failed to introspect Class [com.api.Controller.AuthController] from ClassLoader [org.springframework.boot.devtools.restart.classloader.RestartClassLoader@282774cd]
	at org.springframework.util.ReflectionUtils.getDeclaredMethods(ReflectionUtils.java:483) ~[spring-core-7.0.8.jar:7.0.8]
	at org.springframework.util.ReflectionUtils.doWithLocalMethods(ReflectionUtils.java:320) ~[spring-core-7.0.8.jar:7.0.8]
	at org.springframework.beans.factory.annotation.AutowiredAnnotationBeanPostProcessor.checkLookupMethods(AutowiredAnnotationBeanPostProcessor.java:460) ~[spring-beans-7.0.8.jar:7.0.8]
	... 24 common frames omitted
Caused by: java.lang.NoClassDefFoundError: com/api/dto/Auth/SetPasswordRequest
	at java.base/java.lang.Class.getDeclaredMethods0(Native Method) ~[na:na]
	at java.base/java.lang.Class.privateGetDeclaredMethods(Class.java:3035) ~[na:na]
	at java.base/java.lang.Class.getDeclaredMethods(Class.java:2331) ~[na:na]
	at org.springframework.util.ReflectionUtils.getDeclaredMethods(ReflectionUtils.java:465) ~[spring-core-7.0.8.jar:7.0.8]
	... 26 common frames omitted
Caused by: java.lang.ClassNotFoundException: com.api.dto.Auth.SetPasswordRequest
	at java.base/jdk.internal.loader.BuiltinClassLoader.loadClass(BuiltinClassLoader.java:580) ~[na:na]
	at java.base/java.lang.ClassLoader.loadClass(ClassLoader.java:490) ~[na:na]
	at java.base/java.lang.Class.forName0(Native Method) ~[na:na]
	at java.base/java.lang.Class.forName(Class.java:543) ~[na:na]
	at org.springframework.boot.devtools.restart.classloader.RestartClassLoader.loadClass(RestartClassLoader.java:123) ~[spring-boot-devtools-4.1.0.jar:4.1.0]
	at java.base/java.lang.ClassLoader.loadClass(ClassLoader.java:490) ~[na:na]
	... 30 common frames omitted


  .   ____          _            __ _ _
 /\\ / ___'_ __ _ _(_)_ __  __ _ \ \ \ \
( ( )\___ | '_ | '_| | '_ \/ _` | \ \ \ \
 \\/  ___)| |_)| | | | | || (_| |  ) ) ) )
  '  |____| .__|_| |_|_| |_\__, | / / / /
 =========|_|==============|___/=/_/_/_/

 :: Spring Boot ::                (v4.1.0)

2026-09-12T10:18:12.004+07:00  INFO 24128 --- [api] [  restartedMain] com.api.ApiApplication                   : Starting ApiApplication using Java 24.0.1 with PID 24128 (C:\Users\USer\team\CamFix\Backend\target\classes started by USer in C:\Users\USer\team\CamFix\Backend)
2026-09-12T10:18:12.005+07:00  INFO 24128 --- [api] [  restartedMain] com.api.ApiApplication                   : No active profile set, falling back to 1 default profile: "default"
2026-09-12T10:18:13.251+07:00  INFO 24128 --- [api] [  restartedMain] .s.d.r.c.RepositoryConfigurationDelegate : Bootstrapping Spring Data JPA repositories in DEFAULT mode.
2026-09-12T10:18:13.457+07:00  INFO 24128 --- [api] [  restartedMain] .s.d.r.c.RepositoryConfigurationDelegate : Finished Spring Data repository scanning in 201 ms. Found 13 JPA repository interfaces.
2026-09-12T10:18:13.882+07:00  INFO 24128 --- [api] [  restartedMain] o.s.boot.tomcat.TomcatWebServer          : Tomcat initialized with port 8081 (http)
2026-09-12T10:18:13.886+07:00  INFO 24128 --- [api] [  restartedMain] o.apache.catalina.core.StandardService   : Starting service [Tomcat]
2026-09-12T10:18:13.886+07:00  INFO 24128 --- [api] [  restartedMain] o.apache.catalina.core.StandardEngine    : Starting Servlet engine: [Apache Tomcat/11.0.22]
2026-09-12T10:18:14.028+07:00  INFO 24128 --- [api] [  restartedMain] b.w.c.s.WebApplicationContextInitializer : Root WebApplicationContext: initialization completed in 2013 ms
2026-09-12T10:18:14.236+07:00  INFO 24128 --- [api] [  restartedMain] org.hibernate.orm.jpa                    : HHH008540: Processing PersistenceUnitInfo [name: default]
2026-09-12T10:18:14.405+07:00  INFO 24128 --- [api] [  restartedMain] o.s.o.j.p.SpringPersistenceUnitInfo      : No LoadTimeWeaver setup: ignoring JPA class transformer
2026-09-12T10:18:14.410+07:00  INFO 24128 --- [api] [  restartedMain] com.zaxxer.hikari.HikariDataSource       : HikariPool-3 - Starting...
2026-09-12T10:18:14.420+07:00  INFO 24128 --- [api] [  restartedMain] com.zaxxer.hikari.pool.HikariPool        : HikariPool-3 - Added connection com.mysql.cj.jdbc.ConnectionImpl@38431aab
2026-09-12T10:18:14.421+07:00  INFO 24128 --- [api] [  restartedMain] com.zaxxer.hikari.HikariDataSource       : HikariPool-3 - Start completed.
2026-09-12T10:18:14.426+07:00  WARN 24128 --- [api] [  restartedMain] org.hibernate.orm.core                   : HHH000511: The 5.5.5 version for [org.hibernate.dialect.MySQLDialect] is no longer supported, hence certain features may not work properly.The minimum supported version is 8.0.0. Check the community dialects project for available legacy versions.
2026-09-12T10:18:14.428+07:00  INFO 24128 --- [api] [  restartedMain] org.hibernate.orm.connections.pooling    : HHH10001005: Database info:
	Database JDBC URL [jdbc:mysql://localhost:3306/CamFix?useSSL=false&allowPublicKeyRetrieval=true&serverTimezone=UTC]
	Database driver: MySQL Connector/J
	Database dialect: MySQLDialect
	Database version: 5.5.5
	Default catalog/schema: CamFix/undefined
	Autocommit mode: undefined/unknown
	Isolation level: REPEATABLE_READ [default REPEATABLE_READ]
	JDBC fetch size: none
	Pool: DataSourceConnectionProvider
	Minimum pool size: undefined/unknown
	Maximum pool size: undefined/unknown
2026-09-12T10:18:15.547+07:00  INFO 24128 --- [api] [  restartedMain] org.hibernate.orm.core                   : HHH000182: No default (no-argument) constructor for class [com.api.Entity.Reviews] (class must be instantiated by Interceptor)
2026-09-12T10:18:15.688+07:00  INFO 24128 --- [api] [  restartedMain] org.hibernate.orm.core                   : HHH000489: No JTA platform available (set 'hibernate.transaction.jta.platform' to enable JTA platform integration)
2026-09-12T10:18:17.367+07:00  INFO 24128 --- [api] [  restartedMain] j.LocalContainerEntityManagerFactoryBean : Initialized JPA EntityManagerFactory for persistence unit 'default'
2026-09-12T10:18:17.725+07:00  WARN 24128 --- [api] [  restartedMain] ConfigServletWebServerApplicationContext : Exception encountered during context initialization - cancelling refresh attempt: org.springframework.beans.factory.UnsatisfiedDependencyException: Error creating bean with name 'adminController' defined in file [C:\Users\USer\team\CamFix\Backend\target\classes\com\api\Controller\AdminController.class]: Unsatisfied dependency expressed through constructor parameter 0: Error creating bean with name 'adminService' defined in file [C:\Users\USer\team\CamFix\Backend\target\classes\com\api\Service\AdminService.class]: Unsatisfied dependency expressed through constructor parameter 7: No qualifying bean of type 'com.api.Service.NotificationDispatcher' available: expected at least 1 bean which qualifies as autowire candidate. Dependency annotations: {}
2026-09-12T10:18:17.727+07:00  INFO 24128 --- [api] [  restartedMain] j.LocalContainerEntityManagerFactoryBean : Closing JPA EntityManagerFactory for persistence unit 'default'
2026-09-12T10:18:17.727+07:00  INFO 24128 --- [api] [  restartedMain] com.zaxxer.hikari.HikariDataSource       : HikariPool-3 - Shutdown initiated...
2026-09-12T10:18:17.736+07:00  INFO 24128 --- [api] [  restartedMain] com.zaxxer.hikari.HikariDataSource       : HikariPool-3 - Shutdown completed.
2026-09-12T10:18:17.737+07:00  INFO 24128 --- [api] [  restartedMain] o.apache.catalina.core.StandardService   : Stopping service [Tomcat]
2026-09-12T10:18:17.756+07:00  INFO 24128 --- [api] [  restartedMain] .s.b.a.l.ConditionEvaluationReportLogger : 

Error starting ApplicationContext. To display the condition evaluation report re-run your application with 'debug' enabled.
2026-09-12T10:18:17.779+07:00 ERROR 24128 --- [api] [  restartedMain] o.s.b.d.LoggingFailureAnalysisReporter   : 

***************************
APPLICATION FAILED TO START
***************************

Description:

Parameter 7 of constructor in com.api.Service.AdminService required a bean of type 'com.api.Service.NotificationDispatcher' that could not be found.


Action:

Consider defining a bean of type 'com.api.Service.NotificationDispatcher' in your configuration.

