
  .   ____          _            __ _ _
 /\\ / ___'_ __ _ _(_)_ __  __ _ \ \ \ \
( ( )\___ | '_ | '_| | '_ \/ _` | \ \ \ \
 \\/  ___)| |_)| | | | | || (_| |  ) ) ) )
  '  |____| .__|_| |_|_| |_\__, | / / / /
 =========|_|==============|___/=/_/_/_/

 :: Spring Boot ::                (v4.1.0)

2026-09-25T16:35:24.285+07:00  INFO 23000 --- [api] [           main] com.api.ApiApplication                   : Starting ApiApplication v0.0.1-SNAPSHOT using Java 21.0.12 with PID 23000 (C:\CamV4\CamFix\Backend\build\libs\api.jar started by Oxy in C:\CamV4\CamFix\Backend)
2026-09-25T16:35:24.292+07:00  INFO 23000 --- [api] [           main] com.api.ApiApplication                   : No active profile set, falling back to 1 default profile: "default"
2026-09-25T16:35:26.227+07:00  INFO 23000 --- [api] [           main] .s.d.r.c.RepositoryConfigurationDelegate : Bootstrapping Spring Data JPA repositories in DEFAULT mode.
2026-09-25T16:35:26.387+07:00  INFO 23000 --- [api] [           main] .s.d.r.c.RepositoryConfigurationDelegate : Finished Spring Data repository scanning in 149 ms. Found 15 JPA repository interfaces.
2026-09-25T16:35:27.730+07:00  INFO 23000 --- [api] [           main] o.s.boot.tomcat.TomcatWebServer          : Tomcat initialized with port 8081 (http)
2026-09-25T16:35:27.752+07:00  INFO 23000 --- [api] [           main] o.apache.catalina.core.StandardService   : Starting service [Tomcat]
2026-09-25T16:35:27.752+07:00  INFO 23000 --- [api] [           main] o.apache.catalina.core.StandardEngine    : Starting Servlet engine: [Apache Tomcat/11.0.22]
2026-09-25T16:35:27.814+07:00  INFO 23000 --- [api] [           main] b.w.c.s.WebApplicationContextInitializer : Root WebApplicationContext: initialization completed in 3410 ms
2026-09-25T16:35:28.343+07:00  INFO 23000 --- [api] [           main] org.hibernate.orm.jpa                    : HHH008540: Processing PersistenceUnitInfo [name: default]
2026-09-25T16:35:28.668+07:00  INFO 23000 --- [api] [           main] org.hibernate.orm.core                   : HHH000001: Hibernate ORM core version 7.4.1.Final
2026-09-25T16:35:29.766+07:00  INFO 23000 --- [api] [           main] o.s.o.j.p.SpringPersistenceUnitInfo      : No LoadTimeWeaver setup: ignoring JPA class transformer
2026-09-25T16:35:29.830+07:00  INFO 23000 --- [api] [           main] com.zaxxer.hikari.HikariDataSource       : HikariPool-1 - Starting...
2026-09-25T16:35:30.108+07:00  INFO 23000 --- [api] [           main] com.zaxxer.hikari.pool.HikariPool        : HikariPool-1 - Added connection com.mysql.cj.jdbc.ConnectionImpl@6604f246
2026-09-25T16:35:30.108+07:00  INFO 23000 --- [api] [           main] com.zaxxer.hikari.HikariDataSource       : HikariPool-1 - Start completed.
2026-09-25T16:35:30.259+07:00  INFO 23000 --- [api] [           main] org.hibernate.orm.connections.pooling    : HHH10001005: Database info:
	Database JDBC URL [jdbc:mysql://localhost:3306/CamFix?useSSL=false&allowPublicKeyRetrieval=true&serverTimezone=UTC]
	Database driver: MySQL Connector/J
	Database dialect: MySQLDialect
	Database version: 8.0.46
	Default catalog/schema: CamFix/undefined
	Autocommit mode: undefined/unknown
	Isolation level: REPEATABLE_READ [default REPEATABLE_READ]
	JDBC fetch size: none
	Pool: DataSourceConnectionProvider
	Minimum pool size: undefined/unknown
	Maximum pool size: undefined/unknown
2026-09-25T16:35:32.736+07:00  INFO 23000 --- [api] [           main] org.hibernate.orm.core                   : HHH000489: No JTA platform available (set 'hibernate.transaction.jta.platform' to enable JTA platform integration)
2026-09-25T16:35:33.023+07:00  INFO 23000 --- [api] [           main] j.LocalContainerEntityManagerFactoryBean : Initialized JPA EntityManagerFactory for persistence unit 'default'
2026-09-25T16:35:33.203+07:00  INFO 23000 --- [api] [           main] o.s.d.j.r.query.QueryEnhancerFactories   : Hibernate is in classpath; If applicable, HQL parser will be used.
2026-09-25T16:35:35.420+07:00  WARN 23000 --- [api] [           main] com.api.Config.SmsConfig                 : SMS: no provider configured - OTP codes will only be logged. Set app.sms.twilio.* (env TWILIO_*) or app.sms.textbelt.key (env TEXTBELT_KEY).
2026-09-25T16:35:35.488+07:00  WARN 23000 --- [api] [           main] com.api.Config.MailConfig                : Mail: no SMTP configured - OTP emails will only be logged. Set spring.mail.host / spring.mail.username / spring.mail.password (env MAIL_USERNAME / MAIL_PASSWORD for Gmail).
2026-09-25T16:35:36.465+07:00  WARN 23000 --- [api] [           main] .s.a.UserDetailsServiceAutoConfiguration : 

Using generated security password: ca484733-28f8-4300-902c-7a8639b1216f

This generated password is for development use only. Your security configuration must be updated before running your application in production.

2026-09-25T16:35:36.493+07:00  INFO 23000 --- [api] [           main] r$InitializeUserDetailsManagerConfigurer : Global AuthenticationManager configured with UserDetailsService bean with name inMemoryUserDetailsManager
2026-09-25T16:35:37.973+07:00  INFO 23000 --- [api] [           main] o.s.boot.tomcat.TomcatWebServer          : Tomcat started on port 8081 (http) with context path '/'
2026-09-25T16:35:38.014+07:00  INFO 23000 --- [api] [           main] com.api.ApiApplication                   : Started ApiApplication in 14.475 seconds (process running for 15.7)
2026-09-25T16:35:38.023+07:00  WARN 23000 --- [api] [           main] o.s.core.events.SpringDocAppInitializer  : SpringDoc /v3/api-docs endpoint is enabled by default. To disable it in production, set the property 'springdoc.api-docs.enabled=false'
2026-09-25T16:35:38.024+07:00  WARN 23000 --- [api] [           main] o.s.core.events.SpringDocAppInitializer  : SpringDoc /swagger-ui.html endpoint is enabled by default. To disable it in production, set the property 'springdoc.swagger-ui.enabled=false'
2026-09-25T16:46:23.850+07:00  INFO 23000 --- [api] [nio-8081-exec-1] o.a.c.c.C.[Tomcat].[localhost].[/]       : Initializing Spring DispatcherServlet 'dispatcherServlet'
2026-09-25T16:46:23.860+07:00  INFO 23000 --- [api] [nio-8081-exec-1] o.s.web.servlet.DispatcherServlet        : Initializing Servlet 'dispatcherServlet'
2026-09-25T16:46:23.926+07:00  INFO 23000 --- [api] [nio-8081-exec-1] o.s.web.servlet.DispatcherServlet        : Completed initialization in 65 ms
2026-09-25T16:46:24.610+07:00  INFO 23000 --- [api] [nio-8081-exec-1] com.api.Service.sms.LogSmsSender         : [SMS -> +85596123574] Your CAM FIX verification code is 756579. It expires in 5 minutes.
Hibernate: 
    select
        u1_0.Userid,
        u1_0.created_at,
        u1_0.DateofBirth,
        u1_0.Email,
        u1_0.Full_name,
        u1_0.Last_name,
        u1_0.Password_hash,
        u1_0.Phone_number,
        u1_0.Profile_image,
        u1_0.ROLE,
        u1_0.STATUS,
        u1_0.updated_at 
    from
        users u1_0 
    where
        u1_0.Phone_number=?
Hibernate: 
    select
        u1_0.Userid,
        u1_0.created_at,
        u1_0.DateofBirth,
        u1_0.Email,
        u1_0.Full_name,
        u1_0.Last_name,
        u1_0.Password_hash,
        u1_0.Phone_number,
        u1_0.Profile_image,
        u1_0.ROLE,
        u1_0.STATUS,
        u1_0.updated_at 
    from
        users u1_0 
    where
        u1_0.Email=?
Hibernate: 
    insert 
    into
        users
        (created_at, DateofBirth, Email, Full_name, Last_name, Password_hash, Phone_number, Profile_image, ROLE, STATUS, updated_at) 
    values
        (?, ?, ?, ?, ?, ?, ?, ?, ?, ?, ?)
Hibernate: 
    select
        u1_0.Userid,
        u1_0.created_at,
        u1_0.DateofBirth,
        u1_0.Email,
        u1_0.Full_name,
        u1_0.Last_name,
        u1_0.Password_hash,
        u1_0.Phone_number,
        u1_0.Profile_image,
        u1_0.ROLE,
        u1_0.STATUS,
        u1_0.updated_at 
    from
        users u1_0 
    where
        u1_0.Email=?
Hibernate: 
    select
        u1_0.Userid,
        u1_0.created_at,
        u1_0.DateofBirth,
        u1_0.Email,
        u1_0.Full_name,
        u1_0.Last_name,
        u1_0.Password_hash,
        u1_0.Phone_number,
        u1_0.Profile_image,
        u1_0.ROLE,
        u1_0.STATUS,
        u1_0.updated_at 
    from
        users u1_0 
    where
        u1_0.Email=?
Hibernate: 
    select
        u1_0.Userid,
        u1_0.created_at,
        u1_0.DateofBirth,
        u1_0.Email,
        u1_0.Full_name,
        u1_0.Last_name,
        u1_0.Password_hash,
        u1_0.Phone_number,
        u1_0.Profile_image,
        u1_0.ROLE,
        u1_0.STATUS,
        u1_0.updated_at 
    from
        users u1_0 
    where
        u1_0.Email=?
Hibernate: 
    select
        u1_0.Userid,
        u1_0.created_at,
        u1_0.DateofBirth,
        u1_0.Email,
        u1_0.Full_name,
        u1_0.Last_name,
        u1_0.Password_hash,
        u1_0.Phone_number,
        u1_0.Profile_image,
        u1_0.ROLE,
        u1_0.STATUS,
        u1_0.updated_at 
    from
        users u1_0 
    where
        u1_0.Email=?
Hibernate: 
    select
        u1_0.Userid,
        u1_0.created_at,
        u1_0.DateofBirth,
        u1_0.Email,
        u1_0.Full_name,
        u1_0.Last_name,
        u1_0.Password_hash,
        u1_0.Phone_number,
        u1_0.Profile_image,
        u1_0.ROLE,
        u1_0.STATUS,
        u1_0.updated_at 
    from
        users u1_0 
    where
        u1_0.Email=?
Hibernate: 
    select
        sp1_0.id,
        sp1_0.category_id,
        sp1_0.created_at,
        sp1_0.description,
        sp1_0.starting_price,
        sp1_0.updated_at 
    from
        service_price sp1_0
Hibernate: 
    select
        j1_0.id,
        j1_0.address,
        j1_0.assigned_at,
        j1_0.booking_type,
        j1_0.category,
        j1_0.completed_at,
        j1_0.created_at,
        j1_0.customer_name,
        j1_0.customer_phone,
        j1_0.customer_user_id,
        j1_0.description,
        j1_0.lat,
        j1_0.lng,
        j1_0.notes,
        j1_0.scheduled_at,
        j1_0.starting_price,
        j1_0.status,
        j1_0.technician_id 
    from
        job j1_0
Hibernate: 
    select
        u1_0.Userid,
        u1_0.created_at,
        u1_0.DateofBirth,
        u1_0.Email,
        u1_0.Full_name,
        u1_0.Last_name,
        u1_0.Password_hash,
        u1_0.Phone_number,
        u1_0.Profile_image,
        u1_0.ROLE,
        u1_0.STATUS,
        u1_0.updated_at 
    from
        users u1_0 
    where
        u1_0.Email=?
Hibernate: 
    select
        t1_0.technician_id,
        t1_0.approval_status,
        t1_0.approved_at,
        t1_0.availability_status,
        t1_0.average_rating,
        t1_0.banner,
        t1_0.banner_content_type,
        t1_0.banner_title,
        t1_0.business_name,
        t1_0.category_id,
        t1_0.created_at,
        t1_0.description,
        t1_0.experience_year,
        t1_0.face_photo,
        t1_0.id_card,
        t1_0.identity_email_verified,
        t1_0.opening_hours,
        t1_0.photo,
        t1_0.photo_content_type,
        t1_0.rating_count,
        t1_0.rejection_reason,
        t1_0.service_area,
        t1_0.updated_at,
        t1_0.user_id,
        t1_0.verified 
    from
        technician t1_0
Hibernate: 
    select
        j1_0.id,
        j1_0.address,
        j1_0.assigned_at,
        j1_0.booking_type,
        j1_0.category,
        j1_0.completed_at,
        j1_0.created_at,
        j1_0.customer_name,
        j1_0.customer_phone,
        j1_0.customer_user_id,
        j1_0.description,
        j1_0.lat,
        j1_0.lng,
        j1_0.notes,
        j1_0.scheduled_at,
        j1_0.starting_price,
        j1_0.status,
        j1_0.technician_id 
    from
        job j1_0
Hibernate: 
    select
        n1_0.notification_id,
        n1_0.created_at,
        n1_0.is_read,
        n1_0.job_id,
        n1_0.message,
        n1_0.message_km,
        n1_0.title,
        n1_0.title_km,
        n1_0.type,
        n1_0.user_id 
    from
        notification n1_0 
    where
        n1_0.user_id=? 
    order by
        n1_0.created_at desc
Hibernate: 
    select
        f1_0.FavoriteID,
        f1_0.Created_At,
        f1_0.TechnicianID,
        t1_0.technician_id,
        t1_0.approval_status,
        t1_0.approved_at,
        t1_0.availability_status,
        t1_0.average_rating,
        t1_0.banner,
        t1_0.banner_content_type,
        t1_0.banner_title,
        t1_0.business_name,
        t1_0.category_id,
        t1_0.created_at,
        t1_0.description,
        t1_0.experience_year,
        t1_0.face_photo,
        t1_0.id_card,
        t1_0.identity_email_verified,
        t1_0.opening_hours,
        t1_0.photo,
        t1_0.photo_content_type,
        t1_0.rating_count,
        t1_0.rejection_reason,
        t1_0.service_area,
        t1_0.updated_at,
        t1_0.user_id,
        t1_0.verified,
        f1_0.UserID 
    from
        favorites f1_0 
    join
        technician t1_0 
            on t1_0.technician_id=f1_0.TechnicianID 
    where
        f1_0.UserID=?
Hibernate: 
    select
        c1_0.category_id,
        c1_0.categoryName,
        c1_0.description,
        c1_0.icon 
    from
        category c1_0 
    where
        c1_0.category_id=?
Hibernate: 
    select
        u1_0.Userid,
        u1_0.created_at,
        u1_0.DateofBirth,
        u1_0.Email,
        u1_0.Full_name,
        u1_0.Last_name,
        u1_0.Password_hash,
        u1_0.Phone_number,
        u1_0.Profile_image,
        u1_0.ROLE,
        u1_0.STATUS,
        u1_0.updated_at 
    from
        users u1_0 
    where
        u1_0.Email=?
Hibernate: 
    select
        u1_0.Userid,
        u1_0.created_at,
        u1_0.DateofBirth,
        u1_0.Email,
        u1_0.Full_name,
        u1_0.Last_name,
        u1_0.Password_hash,
        u1_0.Phone_number,
        u1_0.Profile_image,
        u1_0.ROLE,
        u1_0.STATUS,
        u1_0.updated_at 
    from
        users u1_0 
    where
        u1_0.Email=?
Hibernate: 
    select
        j1_0.id,
        j1_0.address,
        j1_0.assigned_at,
        j1_0.booking_type,
        j1_0.category,
        j1_0.completed_at,
        j1_0.created_at,
        j1_0.customer_name,
        j1_0.customer_phone,
        j1_0.customer_user_id,
        j1_0.description,
        j1_0.lat,
        j1_0.lng,
        j1_0.notes,
        j1_0.scheduled_at,
        j1_0.starting_price,
        j1_0.status,
        j1_0.technician_id 
    from
        job j1_0
Hibernate: 
    select
        c1_0.category_id,
        c1_0.categoryName,
        c1_0.description,
        c1_0.icon 
    from
        category c1_0 
    where
        c1_0.category_id=?
Hibernate: 
    select
        u1_0.Userid,
        u1_0.created_at,
        u1_0.DateofBirth,
        u1_0.Email,
        u1_0.Full_name,
        u1_0.Last_name,
        u1_0.Password_hash,
        u1_0.Phone_number,
        u1_0.Profile_image,
        u1_0.ROLE,
        u1_0.STATUS,
        u1_0.updated_at 
    from
        users u1_0 
    where
        u1_0.Userid=?
Hibernate: 
    select
        c1_0.category_id,
        c1_0.categoryName,
        c1_0.description,
        c1_0.icon 
    from
        category c1_0 
    where
        c1_0.category_id=?
Hibernate: 
    select
        c1_0.category_id,
        c1_0.categoryName,
        c1_0.description,
        c1_0.icon 
    from
        category c1_0 
    where
        c1_0.category_id=?
Hibernate: 
    select
        c1_0.category_id,
        c1_0.categoryName,
        c1_0.description,
        c1_0.icon 
    from
        category c1_0 
    where
        c1_0.category_id=?
Hibernate: 
    select
        c1_0.category_id,
        c1_0.categoryName,
        c1_0.description,
        c1_0.icon 
    from
        category c1_0 
    where
        c1_0.category_id=?
Hibernate: 
    select
        tll1_0.id,
        tll1_0.accuracy,
        tll1_0.created_at,
        tll1_0.last_update,
        tll1_0.latitude,
        tll1_0.longitude,
        tll1_0.technician_id 
    from
        technician_live_locations tll1_0 
    where
        tll1_0.technician_id=?
Hibernate: 
    select
        u1_0.Userid,
        u1_0.created_at,
        u1_0.DateofBirth,
        u1_0.Email,
        u1_0.Full_name,
        u1_0.Last_name,
        u1_0.Password_hash,
        u1_0.Phone_number,
        u1_0.Profile_image,
        u1_0.ROLE,
        u1_0.STATUS,
        u1_0.updated_at 
    from
        users u1_0 
    where
        u1_0.Email=?
Hibernate: 
    select
        u1_0.Userid,
        u1_0.created_at,
        u1_0.DateofBirth,
        u1_0.Email,
        u1_0.Full_name,
        u1_0.Last_name,
        u1_0.Password_hash,
        u1_0.Phone_number,
        u1_0.Profile_image,
        u1_0.ROLE,
        u1_0.STATUS,
        u1_0.updated_at 
    from
        users u1_0 
    where
        u1_0.Userid=?
Hibernate: 
    select
        j1_0.id,
        j1_0.address,
        j1_0.assigned_at,
        j1_0.booking_type,
        j1_0.category,
        j1_0.completed_at,
        j1_0.created_at,
        j1_0.customer_name,
        j1_0.customer_phone,
        j1_0.customer_user_id,
        j1_0.description,
        j1_0.lat,
        j1_0.lng,
        j1_0.notes,
        j1_0.scheduled_at,
        j1_0.starting_price,
        j1_0.status,
        j1_0.technician_id 
    from
        job j1_0
Hibernate: 
    select
        c1_0.category_id,
        c1_0.categoryName,
        c1_0.description,
        c1_0.icon 
    from
        category c1_0 
    where
        c1_0.category_id=?
Hibernate: 
    select
        tll1_0.id,
        tll1_0.accuracy,
        tll1_0.created_at,
        tll1_0.last_update,
        tll1_0.latitude,
        tll1_0.longitude,
        tll1_0.technician_id 
    from
        technician_live_locations tll1_0 
    where
        tll1_0.technician_id=?
Hibernate: 
    select
        u1_0.Userid,
        u1_0.created_at,
        u1_0.DateofBirth,
        u1_0.Email,
        u1_0.Full_name,
        u1_0.Last_name,
        u1_0.Password_hash,
        u1_0.Phone_number,
        u1_0.Profile_image,
        u1_0.ROLE,
        u1_0.STATUS,
        u1_0.updated_at 
    from
        users u1_0 
    where
        u1_0.Userid=?
Hibernate: 
    select
        c1_0.category_id,
        c1_0.categoryName,
        c1_0.description,
        c1_0.icon 
    from
        category c1_0 
    where
        c1_0.category_id=?
Hibernate: 
    select
        sp1_0.id,
        sp1_0.category_id,
        sp1_0.created_at,
        sp1_0.description,
        sp1_0.starting_price,
        sp1_0.updated_at 
    from
        service_price sp1_0
Hibernate: 
    select
        tll1_0.id,
        tll1_0.accuracy,
        tll1_0.created_at,
        tll1_0.last_update,
        tll1_0.latitude,
        tll1_0.longitude,
        tll1_0.technician_id 
    from
        technician_live_locations tll1_0 
    where
        tll1_0.technician_id=?
Hibernate: 
    select
        u1_0.Userid,
        u1_0.created_at,
        u1_0.DateofBirth,
        u1_0.Email,
        u1_0.Full_name,
        u1_0.Last_name,
        u1_0.Password_hash,
        u1_0.Phone_number,
        u1_0.Profile_image,
        u1_0.ROLE,
        u1_0.STATUS,
        u1_0.updated_at 
    from
        users u1_0 
    where
        u1_0.Userid=?
Hibernate: 
    select
        c1_0.category_id,
        c1_0.categoryName,
        c1_0.description,
        c1_0.icon 
    from
        category c1_0 
    where
        c1_0.category_id=?
Hibernate: 
    select
        c1_0.category_id,
        c1_0.categoryName,
        c1_0.description,
        c1_0.icon 
    from
        category c1_0 
    where
        c1_0.category_id=?
Hibernate: 
    select
        c1_0.category_id,
        c1_0.categoryName,
        c1_0.description,
        c1_0.icon 
    from
        category c1_0 
    where
        c1_0.category_id=?
Hibernate: 
    select
        c1_0.category_id,
        c1_0.categoryName,
        c1_0.description,
        c1_0.icon 
    from
        category c1_0 
    where
        c1_0.category_id=?
Hibernate: 
    select
        tll1_0.id,
        tll1_0.accuracy,
        tll1_0.created_at,
        tll1_0.last_update,
        tll1_0.latitude,
        tll1_0.longitude,
        tll1_0.technician_id 
    from
        technician_live_locations tll1_0 
    where
        tll1_0.technician_id=?
Hibernate: 
    select
        c1_0.category_id,
        c1_0.categoryName,
        c1_0.description,
        c1_0.icon 
    from
        category c1_0 
    where
        c1_0.category_id=?
Hibernate: 
    select
        u1_0.Userid,
        u1_0.created_at,
        u1_0.DateofBirth,
        u1_0.Email,
        u1_0.Full_name,
        u1_0.Last_name,
        u1_0.Password_hash,
        u1_0.Phone_number,
        u1_0.Profile_image,
        u1_0.ROLE,
        u1_0.STATUS,
        u1_0.updated_at 
    from
        users u1_0 
    where
        u1_0.Userid=?
Hibernate: 
    select
        c1_0.category_id,
        c1_0.categoryName,
        c1_0.description,
        c1_0.icon 
    from
        category c1_0 
    where
        c1_0.category_id=?
Hibernate: 
    select
        c1_0.category_id,
        c1_0.categoryName,
        c1_0.description,
        c1_0.icon 
    from
        category c1_0 
    where
        c1_0.category_id=?
Hibernate: 
    select
        tll1_0.id,
        tll1_0.accuracy,
        tll1_0.created_at,
        tll1_0.last_update,
        tll1_0.latitude,
        tll1_0.longitude,
        tll1_0.technician_id 
    from
        technician_live_locations tll1_0 
    where
        tll1_0.technician_id=?
Hibernate: 
    select
        u1_0.Userid,
        u1_0.created_at,
        u1_0.DateofBirth,
        u1_0.Email,
        u1_0.Full_name,
        u1_0.Last_name,
        u1_0.Password_hash,
        u1_0.Phone_number,
        u1_0.Profile_image,
        u1_0.ROLE,
        u1_0.STATUS,
        u1_0.updated_at 
    from
        users u1_0 
    where
        u1_0.Userid=?
Hibernate: 
    select
        c1_0.category_id,
        c1_0.categoryName,
        c1_0.description,
        c1_0.icon 
    from
        category c1_0 
    where
        c1_0.category_id=?
Hibernate: 
    select
        tll1_0.id,
        tll1_0.accuracy,
        tll1_0.created_at,
        tll1_0.last_update,
        tll1_0.latitude,
        tll1_0.longitude,
        tll1_0.technician_id 
    from
        technician_live_locations tll1_0 
    where
        tll1_0.technician_id=?
Hibernate: 
    select
        sp1_0.id,
        sp1_0.category_id,
        sp1_0.created_at,
        sp1_0.description,
        sp1_0.starting_price,
        sp1_0.updated_at 
    from
        service_price sp1_0
Hibernate: 
    select
        c1_0.category_id,
        c1_0.categoryName,
        c1_0.description,
        c1_0.icon 
    from
        category c1_0 
    where
        c1_0.category_id=?
Hibernate: 
    select
        c1_0.category_id,
        c1_0.categoryName,
        c1_0.description,
        c1_0.icon 
    from
        category c1_0 
    where
        c1_0.category_id=?
Hibernate: 
    select
        c1_0.category_id,
        c1_0.categoryName,
        c1_0.description,
        c1_0.icon 
    from
        category c1_0 
    where
        c1_0.category_id=?
Hibernate: 
    select
        c1_0.category_id,
        c1_0.categoryName,
        c1_0.description,
        c1_0.icon 
    from
        category c1_0 
    where
        c1_0.category_id=?
Hibernate: 
    select
        c1_0.category_id,
        c1_0.categoryName,
        c1_0.description,
        c1_0.icon 
    from
        category c1_0 
    where
        c1_0.category_id=?
Hibernate: 
    select
        sp1_0.id,
        sp1_0.category_id,
        sp1_0.created_at,
        sp1_0.description,
        sp1_0.starting_price,
        sp1_0.updated_at 
    from
        service_price sp1_0
Hibernate: 
    select
        c1_0.category_id,
        c1_0.categoryName,
        c1_0.description,
        c1_0.icon 
    from
        category c1_0 
    where
        c1_0.category_id=?
Hibernate: 
    select
        c1_0.category_id,
        c1_0.categoryName,
        c1_0.description,
        c1_0.icon 
    from
        category c1_0 
    where
        c1_0.category_id=?
Hibernate: 
    select
        c1_0.category_id,
        c1_0.categoryName,
        c1_0.description,
        c1_0.icon 
    from
        category c1_0 
    where
        c1_0.category_id=?
Hibernate: 
    select
        c1_0.category_id,
        c1_0.categoryName,
        c1_0.description,
        c1_0.icon 
    from
        category c1_0 
    where
        c1_0.category_id=?
Hibernate: 
    select
        c1_0.category_id,
        c1_0.categoryName,
        c1_0.description,
        c1_0.icon 
    from
        category c1_0 
    where
        c1_0.category_id=?
Hibernate: 
    select
        u1_0.Userid,
        u1_0.created_at,
        u1_0.DateofBirth,
        u1_0.Email,
        u1_0.Full_name,
        u1_0.Last_name,
        u1_0.Password_hash,
        u1_0.Phone_number,
        u1_0.Profile_image,
        u1_0.ROLE,
        u1_0.STATUS,
        u1_0.updated_at 
    from
        users u1_0 
    where
        u1_0.Email=?
Hibernate: 
    select
        f1_0.FavoriteID,
        f1_0.Created_At,
        f1_0.TechnicianID,
        t1_0.technician_id,
        t1_0.approval_status,
        t1_0.approved_at,
        t1_0.availability_status,
        t1_0.average_rating,
        t1_0.banner,
        t1_0.banner_content_type,
        t1_0.banner_title,
        t1_0.business_name,
        t1_0.category_id,
        t1_0.created_at,
        t1_0.description,
        t1_0.experience_year,
        t1_0.face_photo,
        t1_0.id_card,
        t1_0.identity_email_verified,
        t1_0.opening_hours,
        t1_0.photo,
        t1_0.photo_content_type,
        t1_0.rating_count,
        t1_0.rejection_reason,
        t1_0.service_area,
        t1_0.updated_at,
        t1_0.user_id,
        t1_0.verified,
        f1_0.UserID 
    from
        favorites f1_0 
    join
        technician t1_0 
            on t1_0.technician_id=f1_0.TechnicianID 
    where
        f1_0.UserID=?
Hibernate: 
    select
        t1_0.technician_id,
        t1_0.approval_status,
        t1_0.approved_at,
        t1_0.availability_status,
        t1_0.average_rating,
        t1_0.banner,
        t1_0.banner_content_type,
        t1_0.banner_title,
        t1_0.business_name,
        t1_0.category_id,
        t1_0.created_at,
        t1_0.description,
        t1_0.experience_year,
        t1_0.face_photo,
        t1_0.id_card,
        t1_0.identity_email_verified,
        t1_0.opening_hours,
        t1_0.photo,
        t1_0.photo_content_type,
        t1_0.rating_count,
        t1_0.rejection_reason,
        t1_0.service_area,
        t1_0.updated_at,
        t1_0.user_id,
        t1_0.verified 
    from
        technician t1_0 
    where
        t1_0.technician_id=?
Hibernate: 
    select
        t1_0.technician_id,
        t1_0.approval_status,
        t1_0.approved_at,
        t1_0.availability_status,
        t1_0.average_rating,
        t1_0.banner,
        t1_0.banner_content_type,
        t1_0.banner_title,
        t1_0.business_name,
        t1_0.category_id,
        t1_0.created_at,
        t1_0.description,
        t1_0.experience_year,
        t1_0.face_photo,
        t1_0.id_card,
        t1_0.identity_email_verified,
        t1_0.opening_hours,
        t1_0.photo,
        t1_0.photo_content_type,
        t1_0.rating_count,
        t1_0.rejection_reason,
        t1_0.service_area,
        t1_0.updated_at,
        t1_0.user_id,
        t1_0.verified 
    from
        technician t1_0
Hibernate: 
    select
        u1_0.Userid,
        u1_0.created_at,
        u1_0.DateofBirth,
        u1_0.Email,
        u1_0.Full_name,
        u1_0.Last_name,
        u1_0.Password_hash,
        u1_0.Phone_number,
        u1_0.Profile_image,
        u1_0.ROLE,
        u1_0.STATUS,
        u1_0.updated_at 
    from
        users u1_0 
    where
        u1_0.Userid=?
Hibernate: 
    select
        c1_0.category_id,
        c1_0.categoryName,
        c1_0.description,
        c1_0.icon 
    from
        category c1_0 
    where
        c1_0.category_id=?
Hibernate: 
    select
        tll1_0.id,
        tll1_0.accuracy,
        tll1_0.created_at,
        tll1_0.last_update,
        tll1_0.latitude,
        tll1_0.longitude,
        tll1_0.technician_id 
    from
        technician_live_locations tll1_0 
    where
        tll1_0.technician_id=?
Hibernate: 
    select
        u1_0.Userid,
        u1_0.created_at,
        u1_0.DateofBirth,
        u1_0.Email,
        u1_0.Full_name,
        u1_0.Last_name,
        u1_0.Password_hash,
        u1_0.Phone_number,
        u1_0.Profile_image,
        u1_0.ROLE,
        u1_0.STATUS,
        u1_0.updated_at 
    from
        users u1_0 
    where
        u1_0.Userid=?
Hibernate: 
    select
        c1_0.category_id,
        c1_0.categoryName,
        c1_0.description,
        c1_0.icon 
    from
        category c1_0 
    where
        c1_0.category_id=?
Hibernate: 
    select
        tll1_0.id,
        tll1_0.accuracy,
        tll1_0.created_at,
        tll1_0.last_update,
        tll1_0.latitude,
        tll1_0.longitude,
        tll1_0.technician_id 
    from
        technician_live_locations tll1_0 
    where
        tll1_0.technician_id=?
Hibernate: 
    select
        u1_0.Userid,
        u1_0.created_at,
        u1_0.DateofBirth,
        u1_0.Email,
        u1_0.Full_name,
        u1_0.Last_name,
        u1_0.Password_hash,
        u1_0.Phone_number,
        u1_0.Profile_image,
        u1_0.ROLE,
        u1_0.STATUS,
        u1_0.updated_at 
    from
        users u1_0 
    where
        u1_0.Userid=?
Hibernate: 
    select
        c1_0.category_id,
        c1_0.categoryName,
        c1_0.description,
        c1_0.icon 
    from
        category c1_0 
    where
        c1_0.category_id=?
Hibernate: 
    select
        tll1_0.id,
        tll1_0.accuracy,
        tll1_0.created_at,
        tll1_0.last_update,
        tll1_0.latitude,
        tll1_0.longitude,
        tll1_0.technician_id 
    from
        technician_live_locations tll1_0 
    where
        tll1_0.technician_id=?
Hibernate: 
    select
        u1_0.Userid,
        u1_0.created_at,
        u1_0.DateofBirth,
        u1_0.Email,
        u1_0.Full_name,
        u1_0.Last_name,
        u1_0.Password_hash,
        u1_0.Phone_number,
        u1_0.Profile_image,
        u1_0.ROLE,
        u1_0.STATUS,
        u1_0.updated_at 
    from
        users u1_0 
    where
        u1_0.Userid=?
Hibernate: 
    select
        c1_0.category_id,
        c1_0.categoryName,
        c1_0.description,
        c1_0.icon 
    from
        category c1_0 
    where
        c1_0.category_id=?
Hibernate: 
    select
        tll1_0.id,
        tll1_0.accuracy,
        tll1_0.created_at,
        tll1_0.last_update,
        tll1_0.latitude,
        tll1_0.longitude,
        tll1_0.technician_id 
    from
        technician_live_locations tll1_0 
    where
        tll1_0.technician_id=?
Hibernate: 
    select
        u1_0.Userid,
        u1_0.created_at,
        u1_0.DateofBirth,
        u1_0.Email,
        u1_0.Full_name,
        u1_0.Last_name,
        u1_0.Password_hash,
        u1_0.Phone_number,
        u1_0.Profile_image,
        u1_0.ROLE,
        u1_0.STATUS,
        u1_0.updated_at 
    from
        users u1_0 
    where
        u1_0.Userid=?
Hibernate: 
    select
        c1_0.category_id,
        c1_0.categoryName,
        c1_0.description,
        c1_0.icon 
    from
        category c1_0 
    where
        c1_0.category_id=?
Hibernate: 
    select
        tll1_0.id,
        tll1_0.accuracy,
        tll1_0.created_at,
        tll1_0.last_update,
        tll1_0.latitude,
        tll1_0.longitude,
        tll1_0.technician_id 
    from
        technician_live_locations tll1_0 
    where
        tll1_0.technician_id=?
Hibernate: 
    select
        u1_0.Userid,
        u1_0.created_at,
        u1_0.DateofBirth,
        u1_0.Email,
        u1_0.Full_name,
        u1_0.Last_name,
        u1_0.Password_hash,
        u1_0.Phone_number,
        u1_0.Profile_image,
        u1_0.ROLE,
        u1_0.STATUS,
        u1_0.updated_at 
    from
        users u1_0 
    where
        u1_0.Userid=?
Hibernate: 
    select
        c1_0.category_id,
        c1_0.categoryName,
        c1_0.description,
        c1_0.icon 
    from
        category c1_0 
    where
        c1_0.category_id=?
Hibernate: 
    select
        tll1_0.id,
        tll1_0.accuracy,
        tll1_0.created_at,
        tll1_0.last_update,
        tll1_0.latitude,
        tll1_0.longitude,
        tll1_0.technician_id 
    from
        technician_live_locations tll1_0 
    where
        tll1_0.technician_id=?
Hibernate: 
    select
        r1_0.id,
        r1_0.comment,
        r1_0.created_at,
        r1_0.customer_user_id,
        r1_0.job_id,
        r1_0.rating,
        r1_0.technician_id,
        r1_0.updated_at 
    from
        review r1_0 
    where
        r1_0.technician_id=? 
    order by
        r1_0.created_at desc
Hibernate: 
    select
        j1_0.id,
        j1_0.address,
        j1_0.assigned_at,
        j1_0.booking_type,
        j1_0.category,
        j1_0.completed_at,
        j1_0.created_at,
        j1_0.customer_name,
        j1_0.customer_phone,
        j1_0.customer_user_id,
        j1_0.description,
        j1_0.lat,
        j1_0.lng,
        j1_0.notes,
        j1_0.scheduled_at,
        j1_0.starting_price,
        j1_0.status,
        j1_0.technician_id 
    from
        job j1_0 
    where
        j1_0.id=?
Hibernate: 
    select
        t1_0.technician_id,
        t1_0.approval_status,
        t1_0.approved_at,
        t1_0.availability_status,
        t1_0.average_rating,
        t1_0.banner,
        t1_0.banner_content_type,
        t1_0.banner_title,
        t1_0.business_name,
        t1_0.category_id,
        t1_0.created_at,
        t1_0.description,
        t1_0.experience_year,
        t1_0.face_photo,
        t1_0.id_card,
        t1_0.identity_email_verified,
        t1_0.opening_hours,
        t1_0.photo,
        t1_0.photo_content_type,
        t1_0.rating_count,
        t1_0.rejection_reason,
        t1_0.service_area,
        t1_0.updated_at,
        t1_0.user_id,
        t1_0.verified 
    from
        technician t1_0 
    where
        t1_0.technician_id=?
Hibernate: 
    select
        t1_0.technician_id,
        t1_0.approval_status,
        t1_0.approved_at,
        t1_0.availability_status,
        t1_0.average_rating,
        t1_0.banner,
        t1_0.banner_content_type,
        t1_0.banner_title,
        t1_0.business_name,
        t1_0.category_id,
        t1_0.created_at,
        t1_0.description,
        t1_0.experience_year,
        t1_0.face_photo,
        t1_0.id_card,
        t1_0.identity_email_verified,
        t1_0.opening_hours,
        t1_0.photo,
        t1_0.photo_content_type,
        t1_0.rating_count,
        t1_0.rejection_reason,
        t1_0.service_area,
        t1_0.updated_at,
        t1_0.user_id,
        t1_0.verified 
    from
        technician t1_0 
    where
        t1_0.technician_id=?
Hibernate: 
    select
        r1_0.id,
        r1_0.comment,
        r1_0.created_at,
        r1_0.customer_user_id,
        r1_0.job_id,
        r1_0.rating,
        r1_0.technician_id,
        r1_0.updated_at 
    from
        review r1_0 
    where
        r1_0.technician_id=? 
    order by
        r1_0.created_at desc
Hibernate: 
    select
        j1_0.id,
        j1_0.address,
        j1_0.assigned_at,
        j1_0.booking_type,
        j1_0.category,
        j1_0.completed_at,
        j1_0.created_at,
        j1_0.customer_name,
        j1_0.customer_phone,
        j1_0.customer_user_id,
        j1_0.description,
        j1_0.lat,
        j1_0.lng,
        j1_0.notes,
        j1_0.scheduled_at,
        j1_0.starting_price,
        j1_0.status,
        j1_0.technician_id 
    from
        job j1_0 
    where
        j1_0.id=?
Hibernate: 
    select
        j1_0.id,
        j1_0.address,
        j1_0.assigned_at,
        j1_0.booking_type,
        j1_0.category,
        j1_0.completed_at,
        j1_0.created_at,
        j1_0.customer_name,
        j1_0.customer_phone,
        j1_0.customer_user_id,
        j1_0.description,
        j1_0.lat,
        j1_0.lng,
        j1_0.notes,
        j1_0.scheduled_at,
        j1_0.starting_price,
        j1_0.status,
        j1_0.technician_id 
    from
        job j1_0 
    where
        j1_0.id=?
Hibernate: 
    select
        r1_0.id,
        r1_0.comment,
        r1_0.created_at,
        r1_0.customer_user_id,
        r1_0.job_id,
        r1_0.rating,
        r1_0.technician_id,
        r1_0.updated_at 
    from
        review r1_0 
    where
        r1_0.technician_id=? 
    order by
        r1_0.created_at desc
Hibernate: 
    select
        j1_0.id,
        j1_0.address,
        j1_0.assigned_at,
        j1_0.booking_type,
        j1_0.category,
        j1_0.completed_at,
        j1_0.created_at,
        j1_0.customer_name,
        j1_0.customer_phone,
        j1_0.customer_user_id,
        j1_0.description,
        j1_0.lat,
        j1_0.lng,
        j1_0.notes,
        j1_0.scheduled_at,
        j1_0.starting_price,
        j1_0.status,
        j1_0.technician_id 
    from
        job j1_0 
    where
        j1_0.id=?
Hibernate: 
    select
        j1_0.id,
        j1_0.address,
        j1_0.assigned_at,
        j1_0.booking_type,
        j1_0.category,
        j1_0.completed_at,
        j1_0.created_at,
        j1_0.customer_name,
        j1_0.customer_phone,
        j1_0.customer_user_id,
        j1_0.description,
        j1_0.lat,
        j1_0.lng,
        j1_0.notes,
        j1_0.scheduled_at,
        j1_0.starting_price,
        j1_0.status,
        j1_0.technician_id 
    from
        job j1_0 
    where
        j1_0.id=?
Hibernate: 
    select
        j1_0.id,
        j1_0.address,
        j1_0.assigned_at,
        j1_0.booking_type,
        j1_0.category,
        j1_0.completed_at,
        j1_0.created_at,
        j1_0.customer_name,
        j1_0.customer_phone,
        j1_0.customer_user_id,
        j1_0.description,
        j1_0.lat,
        j1_0.lng,
        j1_0.notes,
        j1_0.scheduled_at,
        j1_0.starting_price,
        j1_0.status,
        j1_0.technician_id 
    from
        job j1_0 
    where
        j1_0.id=?
Hibernate: 
    select
        j1_0.id,
        j1_0.address,
        j1_0.assigned_at,
        j1_0.booking_type,
        j1_0.category,
        j1_0.completed_at,
        j1_0.created_at,
        j1_0.customer_name,
        j1_0.customer_phone,
        j1_0.customer_user_id,
        j1_0.description,
        j1_0.lat,
        j1_0.lng,
        j1_0.notes,
        j1_0.scheduled_at,
        j1_0.starting_price,
        j1_0.status,
        j1_0.technician_id 
    from
        job j1_0 
    where
        j1_0.id=?
Hibernate: 
    select
        u1_0.Userid,
        u1_0.created_at,
        u1_0.DateofBirth,
        u1_0.Email,
        u1_0.Full_name,
        u1_0.Last_name,
        u1_0.Password_hash,
        u1_0.Phone_number,
        u1_0.Profile_image,
        u1_0.ROLE,
        u1_0.STATUS,
        u1_0.updated_at 
    from
        users u1_0 
    where
        u1_0.Email=?
Hibernate: 
    select
        j1_0.id,
        j1_0.address,
        j1_0.assigned_at,
        j1_0.booking_type,
        j1_0.category,
        j1_0.completed_at,
        j1_0.created_at,
        j1_0.customer_name,
        j1_0.customer_phone,
        j1_0.customer_user_id,
        j1_0.description,
        j1_0.lat,
        j1_0.lng,
        j1_0.notes,
        j1_0.scheduled_at,
        j1_0.starting_price,
        j1_0.status,
        j1_0.technician_id 
    from
        job j1_0
Hibernate: 
    select
        u1_0.Userid,
        u1_0.created_at,
        u1_0.DateofBirth,
        u1_0.Email,
        u1_0.Full_name,
        u1_0.Last_name,
        u1_0.Password_hash,
        u1_0.Phone_number,
        u1_0.Profile_image,
        u1_0.ROLE,
        u1_0.STATUS,
        u1_0.updated_at 
    from
        users u1_0 
    where
        u1_0.Email=?
Hibernate: 
    select
        n1_0.notification_id,
        n1_0.created_at,
        n1_0.is_read,
        n1_0.job_id,
        n1_0.message,
        n1_0.message_km,
        n1_0.title,
        n1_0.title_km,
        n1_0.type,
        n1_0.user_id 
    from
        notification n1_0 
    where
        n1_0.user_id=? 
    order by
        n1_0.created_at desc
Hibernate: 
    select
        u1_0.Userid,
        u1_0.created_at,
        u1_0.DateofBirth,
        u1_0.Email,
        u1_0.Full_name,
        u1_0.Last_name,
        u1_0.Password_hash,
        u1_0.Phone_number,
        u1_0.Profile_image,
        u1_0.ROLE,
        u1_0.STATUS,
        u1_0.updated_at 
    from
        users u1_0 
    where
        u1_0.Email=?
Hibernate: 
    select
        j1_0.id,
        j1_0.address,
        j1_0.assigned_at,
        j1_0.booking_type,
        j1_0.category,
        j1_0.completed_at,
        j1_0.created_at,
        j1_0.customer_name,
        j1_0.customer_phone,
        j1_0.customer_user_id,
        j1_0.description,
        j1_0.lat,
        j1_0.lng,
        j1_0.notes,
        j1_0.scheduled_at,
        j1_0.starting_price,
        j1_0.status,
        j1_0.technician_id 
    from
        job j1_0
Hibernate: 
    select
        u1_0.Userid,
        u1_0.created_at,
        u1_0.DateofBirth,
        u1_0.Email,
        u1_0.Full_name,
        u1_0.Last_name,
        u1_0.Password_hash,
        u1_0.Phone_number,
        u1_0.Profile_image,
        u1_0.ROLE,
        u1_0.STATUS,
        u1_0.updated_at 
    from
        users u1_0 
    where
        u1_0.Email=?
Hibernate: 
    select
        n1_0.notification_id,
        n1_0.created_at,
        n1_0.is_read,
        n1_0.job_id,
        n1_0.message,
        n1_0.message_km,
        n1_0.title,
        n1_0.title_km,
        n1_0.type,
        n1_0.user_id 
    from
        notification n1_0 
    where
        n1_0.user_id=? 
    order by
        n1_0.created_at desc
Hibernate: 
    select
        u1_0.Userid,
        u1_0.created_at,
        u1_0.DateofBirth,
        u1_0.Email,
        u1_0.Full_name,
        u1_0.Last_name,
        u1_0.Password_hash,
        u1_0.Phone_number,
        u1_0.Profile_image,
        u1_0.ROLE,
        u1_0.STATUS,
        u1_0.updated_at 
    from
        users u1_0 
    where
        u1_0.Email=?
Hibernate: 
    select
        j1_0.id,
        j1_0.address,
        j1_0.assigned_at,
        j1_0.booking_type,
        j1_0.category,
        j1_0.completed_at,
        j1_0.created_at,
        j1_0.customer_name,
        j1_0.customer_phone,
        j1_0.customer_user_id,
        j1_0.description,
        j1_0.lat,
        j1_0.lng,
        j1_0.notes,
        j1_0.scheduled_at,
        j1_0.starting_price,
        j1_0.status,
        j1_0.technician_id 
    from
        job j1_0
Hibernate: 
    select
        u1_0.Userid,
        u1_0.created_at,
        u1_0.DateofBirth,
        u1_0.Email,
        u1_0.Full_name,
        u1_0.Last_name,
        u1_0.Password_hash,
        u1_0.Phone_number,
        u1_0.Profile_image,
        u1_0.ROLE,
        u1_0.STATUS,
        u1_0.updated_at 
    from
        users u1_0 
    where
        u1_0.Email=?
Hibernate: 
    select
        n1_0.notification_id,
        n1_0.created_at,
        n1_0.is_read,
        n1_0.job_id,
        n1_0.message,
        n1_0.message_km,
        n1_0.title,
        n1_0.title_km,
        n1_0.type,
        n1_0.user_id 
    from
        notification n1_0 
    where
        n1_0.user_id=? 
    order by
        n1_0.created_at desc
Hibernate: 
    select
        u1_0.Userid,
        u1_0.created_at,
        u1_0.DateofBirth,
        u1_0.Email,
        u1_0.Full_name,
        u1_0.Last_name,
        u1_0.Password_hash,
        u1_0.Phone_number,
        u1_0.Profile_image,
        u1_0.ROLE,
        u1_0.STATUS,
        u1_0.updated_at 
    from
        users u1_0 
    where
        u1_0.Email=?
Hibernate: 
    select
        j1_0.id,
        j1_0.address,
        j1_0.assigned_at,
        j1_0.booking_type,
        j1_0.category,
        j1_0.completed_at,
        j1_0.created_at,
        j1_0.customer_name,
        j1_0.customer_phone,
        j1_0.customer_user_id,
        j1_0.description,
        j1_0.lat,
        j1_0.lng,
        j1_0.notes,
        j1_0.scheduled_at,
        j1_0.starting_price,
        j1_0.status,
        j1_0.technician_id 
    from
        job j1_0
Hibernate: 
    select
        u1_0.Userid,
        u1_0.created_at,
        u1_0.DateofBirth,
        u1_0.Email,
        u1_0.Full_name,
        u1_0.Last_name,
        u1_0.Password_hash,
        u1_0.Phone_number,
        u1_0.Profile_image,
        u1_0.ROLE,
        u1_0.STATUS,
        u1_0.updated_at 
    from
        users u1_0 
    where
        u1_0.Email=?
Hibernate: 
    select
        n1_0.notification_id,
        n1_0.created_at,
        n1_0.is_read,
        n1_0.job_id,
        n1_0.message,
        n1_0.message_km,
        n1_0.title,
        n1_0.title_km,
        n1_0.type,
        n1_0.user_id 
    from
        notification n1_0 
    where
        n1_0.user_id=? 
    order by
        n1_0.created_at desc
Hibernate: 
    select
        u1_0.Userid,
        u1_0.created_at,
        u1_0.DateofBirth,
        u1_0.Email,
        u1_0.Full_name,
        u1_0.Last_name,
        u1_0.Password_hash,
        u1_0.Phone_number,
        u1_0.Profile_image,
        u1_0.ROLE,
        u1_0.STATUS,
        u1_0.updated_at 
    from
        users u1_0 
    where
        u1_0.Email=?
Hibernate: 
    select
        j1_0.id,
        j1_0.address,
        j1_0.assigned_at,
        j1_0.booking_type,
        j1_0.category,
        j1_0.completed_at,
        j1_0.created_at,
        j1_0.customer_name,
        j1_0.customer_phone,
        j1_0.customer_user_id,
        j1_0.description,
        j1_0.lat,
        j1_0.lng,
        j1_0.notes,
        j1_0.scheduled_at,
        j1_0.starting_price,
        j1_0.status,
        j1_0.technician_id 
    from
        job j1_0
Hibernate: 
    select
        u1_0.Userid,
        u1_0.created_at,
        u1_0.DateofBirth,
        u1_0.Email,
        u1_0.Full_name,
        u1_0.Last_name,
        u1_0.Password_hash,
        u1_0.Phone_number,
        u1_0.Profile_image,
        u1_0.ROLE,
        u1_0.STATUS,
        u1_0.updated_at 
    from
        users u1_0 
    where
        u1_0.Email=?
Hibernate: 
    select
        j1_0.id,
        j1_0.address,
        j1_0.assigned_at,
        j1_0.booking_type,
        j1_0.category,
        j1_0.completed_at,
        j1_0.created_at,
        j1_0.customer_name,
        j1_0.customer_phone,
        j1_0.customer_user_id,
        j1_0.description,
        j1_0.lat,
        j1_0.lng,
        j1_0.notes,
        j1_0.scheduled_at,
        j1_0.starting_price,
        j1_0.status,
        j1_0.technician_id 
    from
        job j1_0
Hibernate: 
    select
        u1_0.Userid,
        u1_0.created_at,
        u1_0.DateofBirth,
        u1_0.Email,
        u1_0.Full_name,
        u1_0.Last_name,
        u1_0.Password_hash,
        u1_0.Phone_number,
        u1_0.Profile_image,
        u1_0.ROLE,
        u1_0.STATUS,
        u1_0.updated_at 
    from
        users u1_0 
    where
        u1_0.Email=?
Hibernate: 
    select
        n1_0.notification_id,
        n1_0.created_at,
        n1_0.is_read,
        n1_0.job_id,
        n1_0.message,
        n1_0.message_km,
        n1_0.title,
        n1_0.title_km,
        n1_0.type,
        n1_0.user_id 
    from
        notification n1_0 
    where
        n1_0.user_id=? 
    order by
        n1_0.created_at desc
Hibernate: 
    select
        u1_0.Userid,
        u1_0.created_at,
        u1_0.DateofBirth,
        u1_0.Email,
        u1_0.Full_name,
        u1_0.Last_name,
        u1_0.Password_hash,
        u1_0.Phone_number,
        u1_0.Profile_image,
        u1_0.ROLE,
        u1_0.STATUS,
        u1_0.updated_at 
    from
        users u1_0 
    where
        u1_0.Email=?
Hibernate: 
    select
        j1_0.id,
        j1_0.address,
        j1_0.assigned_at,
        j1_0.booking_type,
        j1_0.category,
        j1_0.completed_at,
        j1_0.created_at,
        j1_0.customer_name,
        j1_0.customer_phone,
        j1_0.customer_user_id,
        j1_0.description,
        j1_0.lat,
        j1_0.lng,
        j1_0.notes,
        j1_0.scheduled_at,
        j1_0.starting_price,
        j1_0.status,
        j1_0.technician_id 
    from
        job j1_0
Hibernate: 
    select
        u1_0.Userid,
        u1_0.created_at,
        u1_0.DateofBirth,
        u1_0.Email,
        u1_0.Full_name,
        u1_0.Last_name,
        u1_0.Password_hash,
        u1_0.Phone_number,
        u1_0.Profile_image,
        u1_0.ROLE,
        u1_0.STATUS,
        u1_0.updated_at 
    from
        users u1_0 
    where
        u1_0.Email=?
Hibernate: 
    select
        n1_0.notification_id,
        n1_0.created_at,
        n1_0.is_read,
        n1_0.job_id,
        n1_0.message,
        n1_0.message_km,
        n1_0.title,
        n1_0.title_km,
        n1_0.type,
        n1_0.user_id 
    from
        notification n1_0 
    where
        n1_0.user_id=? 
    order by
        n1_0.created_at desc
Hibernate: 
    select
        u1_0.Userid,
        u1_0.created_at,
        u1_0.DateofBirth,
        u1_0.Email,
        u1_0.Full_name,
        u1_0.Last_name,
        u1_0.Password_hash,
        u1_0.Phone_number,
        u1_0.Profile_image,
        u1_0.ROLE,
        u1_0.STATUS,
        u1_0.updated_at 
    from
        users u1_0 
    where
        u1_0.Email=?
Hibernate: 
    select
        j1_0.id,
        j1_0.address,
        j1_0.assigned_at,
        j1_0.booking_type,
        j1_0.category,
        j1_0.completed_at,
        j1_0.created_at,
        j1_0.customer_name,
        j1_0.customer_phone,
        j1_0.customer_user_id,
        j1_0.description,
        j1_0.lat,
        j1_0.lng,
        j1_0.notes,
        j1_0.scheduled_at,
        j1_0.starting_price,
        j1_0.status,
        j1_0.technician_id 
    from
        job j1_0
Hibernate: 
    select
        u1_0.Userid,
        u1_0.created_at,
        u1_0.DateofBirth,
        u1_0.Email,
        u1_0.Full_name,
        u1_0.Last_name,
        u1_0.Password_hash,
        u1_0.Phone_number,
        u1_0.Profile_image,
        u1_0.ROLE,
        u1_0.STATUS,
        u1_0.updated_at 
    from
        users u1_0 
    where
        u1_0.Email=?
Hibernate: 
    select
        n1_0.notification_id,
        n1_0.created_at,
        n1_0.is_read,
        n1_0.job_id,
        n1_0.message,
        n1_0.message_km,
        n1_0.title,
        n1_0.title_km,
        n1_0.type,
        n1_0.user_id 
    from
        notification n1_0 
    where
        n1_0.user_id=? 
    order by
        n1_0.created_at desc
Hibernate: 
    select
        u1_0.Userid,
        u1_0.created_at,
        u1_0.DateofBirth,
        u1_0.Email,
        u1_0.Full_name,
        u1_0.Last_name,
        u1_0.Password_hash,
        u1_0.Phone_number,
        u1_0.Profile_image,
        u1_0.ROLE,
        u1_0.STATUS,
        u1_0.updated_at 
    from
        users u1_0 
    where
        u1_0.Email=?
Hibernate: 
    select
        j1_0.id,
        j1_0.address,
        j1_0.assigned_at,
        j1_0.booking_type,
        j1_0.category,
        j1_0.completed_at,
        j1_0.created_at,
        j1_0.customer_name,
        j1_0.customer_phone,
        j1_0.customer_user_id,
        j1_0.description,
        j1_0.lat,
        j1_0.lng,
        j1_0.notes,
        j1_0.scheduled_at,
        j1_0.starting_price,
        j1_0.status,
        j1_0.technician_id 
    from
        job j1_0
Hibernate: 
    select
        sp1_0.id,
        sp1_0.category_id,
        sp1_0.created_at,
        sp1_0.description,
        sp1_0.starting_price,
        sp1_0.updated_at 
    from
        service_price sp1_0
Hibernate: 
    select
        c1_0.category_id,
        c1_0.categoryName,
        c1_0.description,
        c1_0.icon 
    from
        category c1_0 
    where
        c1_0.category_id=?
Hibernate: 
    select
        c1_0.category_id,
        c1_0.categoryName,
        c1_0.description,
        c1_0.icon 
    from
        category c1_0 
    where
        c1_0.category_id=?
Hibernate: 
    select
        c1_0.category_id,
        c1_0.categoryName,
        c1_0.description,
        c1_0.icon 
    from
        category c1_0 
    where
        c1_0.category_id=?
Hibernate: 
    select
        c1_0.category_id,
        c1_0.categoryName,
        c1_0.description,
        c1_0.icon 
    from
        category c1_0 
    where
        c1_0.category_id=?
Hibernate: 
    select
        c1_0.category_id,
        c1_0.categoryName,
        c1_0.description,
        c1_0.icon 
    from
        category c1_0 
    where
        c1_0.category_id=?
Hibernate: 
    select
        u1_0.Userid,
        u1_0.created_at,
        u1_0.DateofBirth,
        u1_0.Email,
        u1_0.Full_name,
        u1_0.Last_name,
        u1_0.Password_hash,
        u1_0.Phone_number,
        u1_0.Profile_image,
        u1_0.ROLE,
        u1_0.STATUS,
        u1_0.updated_at 
    from
        users u1_0 
    where
        u1_0.Email=?
Hibernate: 
    select
        u1_0.Userid,
        u1_0.created_at,
        u1_0.DateofBirth,
        u1_0.Email,
        u1_0.Full_name,
        u1_0.Last_name,
        u1_0.Password_hash,
        u1_0.Phone_number,
        u1_0.Profile_image,
        u1_0.ROLE,
        u1_0.STATUS,
        u1_0.updated_at 
    from
        users u1_0 
    where
        u1_0.Email=?
Hibernate: 
    select
        n1_0.notification_id,
        n1_0.created_at,
        n1_0.is_read,
        n1_0.job_id,
        n1_0.message,
        n1_0.message_km,
        n1_0.title,
        n1_0.title_km,
        n1_0.type,
        n1_0.user_id 
    from
        notification n1_0 
    where
        n1_0.user_id=? 
    order by
        n1_0.created_at desc
Hibernate: 
    select
        j1_0.id,
        j1_0.address,
        j1_0.assigned_at,
        j1_0.booking_type,
        j1_0.category,
        j1_0.completed_at,
        j1_0.created_at,
        j1_0.customer_name,
        j1_0.customer_phone,
        j1_0.customer_user_id,
        j1_0.description,
        j1_0.lat,
        j1_0.lng,
        j1_0.notes,
        j1_0.scheduled_at,
        j1_0.starting_price,
        j1_0.status,
        j1_0.technician_id 
    from
        job j1_0
Hibernate: 
    select
        u1_0.Userid,
        u1_0.created_at,
        u1_0.DateofBirth,
        u1_0.Email,
        u1_0.Full_name,
        u1_0.Last_name,
        u1_0.Password_hash,
        u1_0.Phone_number,
        u1_0.Profile_image,
        u1_0.ROLE,
        u1_0.STATUS,
        u1_0.updated_at 
    from
        users u1_0 
    where
        u1_0.Email=?
Hibernate: 
    select
        j1_0.id,
        j1_0.address,
        j1_0.assigned_at,
        j1_0.booking_type,
        j1_0.category,
        j1_0.completed_at,
        j1_0.created_at,
        j1_0.customer_name,
        j1_0.customer_phone,
        j1_0.customer_user_id,
        j1_0.description,
        j1_0.lat,
        j1_0.lng,
        j1_0.notes,
        j1_0.scheduled_at,
        j1_0.starting_price,
        j1_0.status,
        j1_0.technician_id 
    from
        job j1_0
Hibernate: 
    select
        u1_0.Userid,
        u1_0.created_at,
        u1_0.DateofBirth,
        u1_0.Email,
        u1_0.Full_name,
        u1_0.Last_name,
        u1_0.Password_hash,
        u1_0.Phone_number,
        u1_0.Profile_image,
        u1_0.ROLE,
        u1_0.STATUS,
        u1_0.updated_at 
    from
        users u1_0 
    where
        u1_0.Email=?
Hibernate: 
    select
        n1_0.notification_id,
        n1_0.created_at,
        n1_0.is_read,
        n1_0.job_id,
        n1_0.message,
        n1_0.message_km,
        n1_0.title,
        n1_0.title_km,
        n1_0.type,
        n1_0.user_id 
    from
        notification n1_0 
    where
        n1_0.user_id=? 
    order by
        n1_0.created_at desc
Hibernate: 
    select
        u1_0.Userid,
        u1_0.created_at,
        u1_0.DateofBirth,
        u1_0.Email,
        u1_0.Full_name,
        u1_0.Last_name,
        u1_0.Password_hash,
        u1_0.Phone_number,
        u1_0.Profile_image,
        u1_0.ROLE,
        u1_0.STATUS,
        u1_0.updated_at 
    from
        users u1_0 
    where
        u1_0.Email=?
Hibernate: 
    select
        j1_0.id,
        j1_0.address,
        j1_0.assigned_at,
        j1_0.booking_type,
        j1_0.category,
        j1_0.completed_at,
        j1_0.created_at,
        j1_0.customer_name,
        j1_0.customer_phone,
        j1_0.customer_user_id,
        j1_0.description,
        j1_0.lat,
        j1_0.lng,
        j1_0.notes,
        j1_0.scheduled_at,
        j1_0.starting_price,
        j1_0.status,
        j1_0.technician_id 
    from
        job j1_0
Hibernate: 
    select
        u1_0.Userid,
        u1_0.created_at,
        u1_0.DateofBirth,
        u1_0.Email,
        u1_0.Full_name,
        u1_0.Last_name,
        u1_0.Password_hash,
        u1_0.Phone_number,
        u1_0.Profile_image,
        u1_0.ROLE,
        u1_0.STATUS,
        u1_0.updated_at 
    from
        users u1_0 
    where
        u1_0.Email=?
Hibernate: 
    select
        n1_0.notification_id,
        n1_0.created_at,
        n1_0.is_read,
        n1_0.job_id,
        n1_0.message,
        n1_0.message_km,
        n1_0.title,
        n1_0.title_km,
        n1_0.type,
        n1_0.user_id 
    from
        notification n1_0 
    where
        n1_0.user_id=? 
    order by
        n1_0.created_at desc
Hibernate: 
    select
        u1_0.Userid,
        u1_0.created_at,
        u1_0.DateofBirth,
        u1_0.Email,
        u1_0.Full_name,
        u1_0.Last_name,
        u1_0.Password_hash,
        u1_0.Phone_number,
        u1_0.Profile_image,
        u1_0.ROLE,
        u1_0.STATUS,
        u1_0.updated_at 
    from
        users u1_0 
    where
        u1_0.Email=?
Hibernate: 
    select
        j1_0.id,
        j1_0.address,
        j1_0.assigned_at,
        j1_0.booking_type,
        j1_0.category,
        j1_0.completed_at,
        j1_0.created_at,
        j1_0.customer_name,
        j1_0.customer_phone,
        j1_0.customer_user_id,
        j1_0.description,
        j1_0.lat,
        j1_0.lng,
        j1_0.notes,
        j1_0.scheduled_at,
        j1_0.starting_price,
        j1_0.status,
        j1_0.technician_id 
    from
        job j1_0
Hibernate: 
    select
        u1_0.Userid,
        u1_0.created_at,
        u1_0.DateofBirth,
        u1_0.Email,
        u1_0.Full_name,
        u1_0.Last_name,
        u1_0.Password_hash,
        u1_0.Phone_number,
        u1_0.Profile_image,
        u1_0.ROLE,
        u1_0.STATUS,
        u1_0.updated_at 
    from
        users u1_0 
    where
        u1_0.Email=?
Hibernate: 
    select
        j1_0.id,
        j1_0.address,
        j1_0.assigned_at,
        j1_0.booking_type,
        j1_0.category,
        j1_0.completed_at,
        j1_0.created_at,
        j1_0.customer_name,
        j1_0.customer_phone,
        j1_0.customer_user_id,
        j1_0.description,
        j1_0.lat,
        j1_0.lng,
        j1_0.notes,
        j1_0.scheduled_at,
        j1_0.starting_price,
        j1_0.status,
        j1_0.technician_id 
    from
        job j1_0
Hibernate: 
    select
        sp1_0.id,
        sp1_0.category_id,
        sp1_0.created_at,
        sp1_0.description,
        sp1_0.starting_price,
        sp1_0.updated_at 
    from
        service_price sp1_0
Hibernate: 
    select
        c1_0.category_id,
        c1_0.categoryName,
        c1_0.description,
        c1_0.icon 
    from
        category c1_0 
    where
        c1_0.category_id=?
Hibernate: 
    select
        u1_0.Userid,
        u1_0.created_at,
        u1_0.DateofBirth,
        u1_0.Email,
        u1_0.Full_name,
        u1_0.Last_name,
        u1_0.Password_hash,
        u1_0.Phone_number,
        u1_0.Profile_image,
        u1_0.ROLE,
        u1_0.STATUS,
        u1_0.updated_at 
    from
        users u1_0 
    where
        u1_0.Email=?
Hibernate: 
    select
        c1_0.category_id,
        c1_0.categoryName,
        c1_0.description,
        c1_0.icon 
    from
        category c1_0 
    where
        c1_0.category_id=?
Hibernate: 
    select
        u1_0.Userid,
        u1_0.created_at,
        u1_0.DateofBirth,
        u1_0.Email,
        u1_0.Full_name,
        u1_0.Last_name,
        u1_0.Password_hash,
        u1_0.Phone_number,
        u1_0.Profile_image,
        u1_0.ROLE,
        u1_0.STATUS,
        u1_0.updated_at 
    from
        users u1_0 
    where
        u1_0.Email=?
Hibernate: 
    select
        c1_0.category_id,
        c1_0.categoryName,
        c1_0.description,
        c1_0.icon 
    from
        category c1_0 
    where
        c1_0.category_id=?
Hibernate: 
    select
        j1_0.id,
        j1_0.address,
        j1_0.assigned_at,
        j1_0.booking_type,
        j1_0.category,
        j1_0.completed_at,
        j1_0.created_at,
        j1_0.customer_name,
        j1_0.customer_phone,
        j1_0.customer_user_id,
        j1_0.description,
        j1_0.lat,
        j1_0.lng,
        j1_0.notes,
        j1_0.scheduled_at,
        j1_0.starting_price,
        j1_0.status,
        j1_0.technician_id 
    from
        job j1_0
Hibernate: 
    select
        c1_0.category_id,
        c1_0.categoryName,
        c1_0.description,
        c1_0.icon 
    from
        category c1_0 
    where
        c1_0.category_id=?
Hibernate: 
    select
        t1_0.technician_id,
        t1_0.approval_status,
        t1_0.approved_at,
        t1_0.availability_status,
        t1_0.average_rating,
        t1_0.banner,
        t1_0.banner_content_type,
        t1_0.banner_title,
        t1_0.business_name,
        t1_0.category_id,
        t1_0.created_at,
        t1_0.description,
        t1_0.experience_year,
        t1_0.face_photo,
        t1_0.id_card,
        t1_0.identity_email_verified,
        t1_0.opening_hours,
        t1_0.photo,
        t1_0.photo_content_type,
        t1_0.rating_count,
        t1_0.rejection_reason,
        t1_0.service_area,
        t1_0.updated_at,
        t1_0.user_id,
        t1_0.verified 
    from
        technician t1_0
Hibernate: 
    select
        c1_0.category_id,
        c1_0.categoryName,
        c1_0.description,
        c1_0.icon 
    from
        category c1_0 
    where
        c1_0.category_id=?
Hibernate: 
    select
        u1_0.Userid,
        u1_0.created_at,
        u1_0.DateofBirth,
        u1_0.Email,
        u1_0.Full_name,
        u1_0.Last_name,
        u1_0.Password_hash,
        u1_0.Phone_number,
        u1_0.Profile_image,
        u1_0.ROLE,
        u1_0.STATUS,
        u1_0.updated_at 
    from
        users u1_0 
    where
        u1_0.Email=?
Hibernate: 
    select
        u1_0.Userid,
        u1_0.created_at,
        u1_0.DateofBirth,
        u1_0.Email,
        u1_0.Full_name,
        u1_0.Last_name,
        u1_0.Password_hash,
        u1_0.Phone_number,
        u1_0.Profile_image,
        u1_0.ROLE,
        u1_0.STATUS,
        u1_0.updated_at 
    from
        users u1_0 
    where
        u1_0.Userid=?
Hibernate: 
    select
        c1_0.category_id,
        c1_0.categoryName,
        c1_0.description,
        c1_0.icon 
    from
        category c1_0 
    where
        c1_0.category_id=?
Hibernate: 
    select
        tll1_0.id,
        tll1_0.accuracy,
        tll1_0.created_at,
        tll1_0.last_update,
        tll1_0.latitude,
        tll1_0.longitude,
        tll1_0.technician_id 
    from
        technician_live_locations tll1_0 
    where
        tll1_0.technician_id=?
Hibernate: 
    select
        f1_0.FavoriteID,
        f1_0.Created_At,
        f1_0.TechnicianID,
        t1_0.technician_id,
        t1_0.approval_status,
        t1_0.approved_at,
        t1_0.availability_status,
        t1_0.average_rating,
        t1_0.banner,
        t1_0.banner_content_type,
        t1_0.banner_title,
        t1_0.business_name,
        t1_0.category_id,
        t1_0.created_at,
        t1_0.description,
        t1_0.experience_year,
        t1_0.face_photo,
        t1_0.id_card,
        t1_0.identity_email_verified,
        t1_0.opening_hours,
        t1_0.photo,
        t1_0.photo_content_type,
        t1_0.rating_count,
        t1_0.rejection_reason,
        t1_0.service_area,
        t1_0.updated_at,
        t1_0.user_id,
        t1_0.verified,
        f1_0.UserID 
    from
        favorites f1_0 
    join
        technician t1_0 
            on t1_0.technician_id=f1_0.TechnicianID 
    where
        f1_0.UserID=?
Hibernate: 
    select
        u1_0.Userid,
        u1_0.created_at,
        u1_0.DateofBirth,
        u1_0.Email,
        u1_0.Full_name,
        u1_0.Last_name,
        u1_0.Password_hash,
        u1_0.Phone_number,
        u1_0.Profile_image,
        u1_0.ROLE,
        u1_0.STATUS,
        u1_0.updated_at 
    from
        users u1_0 
    where
        u1_0.Userid=?
Hibernate: 
    select
        c1_0.category_id,
        c1_0.categoryName,
        c1_0.description,
        c1_0.icon 
    from
        category c1_0 
    where
        c1_0.category_id=?
Hibernate: 
    select
        tll1_0.id,
        tll1_0.accuracy,
        tll1_0.created_at,
        tll1_0.last_update,
        tll1_0.latitude,
        tll1_0.longitude,
        tll1_0.technician_id 
    from
        technician_live_locations tll1_0 
    where
        tll1_0.technician_id=?
Hibernate: 
    select
        u1_0.Userid,
        u1_0.created_at,
        u1_0.DateofBirth,
        u1_0.Email,
        u1_0.Full_name,
        u1_0.Last_name,
        u1_0.Password_hash,
        u1_0.Phone_number,
        u1_0.Profile_image,
        u1_0.ROLE,
        u1_0.STATUS,
        u1_0.updated_at 
    from
        users u1_0 
    where
        u1_0.Userid=?
Hibernate: 
    select
        c1_0.category_id,
        c1_0.categoryName,
        c1_0.description,
        c1_0.icon 
    from
        category c1_0 
    where
        c1_0.category_id=?
Hibernate: 
    select
        tll1_0.id,
        tll1_0.accuracy,
        tll1_0.created_at,
        tll1_0.last_update,
        tll1_0.latitude,
        tll1_0.longitude,
        tll1_0.technician_id 
    from
        technician_live_locations tll1_0 
    where
        tll1_0.technician_id=?
Hibernate: 
    select
        u1_0.Userid,
        u1_0.created_at,
        u1_0.DateofBirth,
        u1_0.Email,
        u1_0.Full_name,
        u1_0.Last_name,
        u1_0.Password_hash,
        u1_0.Phone_number,
        u1_0.Profile_image,
        u1_0.ROLE,
        u1_0.STATUS,
        u1_0.updated_at 
    from
        users u1_0 
    where
        u1_0.Userid=?
Hibernate: 
    select
        c1_0.category_id,
        c1_0.categoryName,
        c1_0.description,
        c1_0.icon 
    from
        category c1_0 
    where
        c1_0.category_id=?
Hibernate: 
    select
        u1_0.Userid,
        u1_0.created_at,
        u1_0.DateofBirth,
        u1_0.Email,
        u1_0.Full_name,
        u1_0.Last_name,
        u1_0.Password_hash,
        u1_0.Phone_number,
        u1_0.Profile_image,
        u1_0.ROLE,
        u1_0.STATUS,
        u1_0.updated_at 
    from
        users u1_0 
    where
        u1_0.Email=?
Hibernate: 
    select
        tll1_0.id,
        tll1_0.accuracy,
        tll1_0.created_at,
        tll1_0.last_update,
        tll1_0.latitude,
        tll1_0.longitude,
        tll1_0.technician_id 
    from
        technician_live_locations tll1_0 
    where
        tll1_0.technician_id=?
Hibernate: 
    select
        n1_0.notification_id,
        n1_0.created_at,
        n1_0.is_read,
        n1_0.job_id,
        n1_0.message,
        n1_0.message_km,
        n1_0.title,
        n1_0.title_km,
        n1_0.type,
        n1_0.user_id 
    from
        notification n1_0 
    where
        n1_0.user_id=? 
    order by
        n1_0.created_at desc
Hibernate: 
    select
        u1_0.Userid,
        u1_0.created_at,
        u1_0.DateofBirth,
        u1_0.Email,
        u1_0.Full_name,
        u1_0.Last_name,
        u1_0.Password_hash,
        u1_0.Phone_number,
        u1_0.Profile_image,
        u1_0.ROLE,
        u1_0.STATUS,
        u1_0.updated_at 
    from
        users u1_0 
    where
        u1_0.Userid=?
Hibernate: 
    select
        c1_0.category_id,
        c1_0.categoryName,
        c1_0.description,
        c1_0.icon 
    from
        category c1_0 
    where
        c1_0.category_id=?
Hibernate: 
    select
        tll1_0.id,
        tll1_0.accuracy,
        tll1_0.created_at,
        tll1_0.last_update,
        tll1_0.latitude,
        tll1_0.longitude,
        tll1_0.technician_id 
    from
        technician_live_locations tll1_0 
    where
        tll1_0.technician_id=?
Hibernate: 
    select
        u1_0.Userid,
        u1_0.created_at,
        u1_0.DateofBirth,
        u1_0.Email,
        u1_0.Full_name,
        u1_0.Last_name,
        u1_0.Password_hash,
        u1_0.Phone_number,
        u1_0.Profile_image,
        u1_0.ROLE,
        u1_0.STATUS,
        u1_0.updated_at 
    from
        users u1_0 
    where
        u1_0.Userid=?
Hibernate: 
    select
        sp1_0.id,
        sp1_0.category_id,
        sp1_0.created_at,
        sp1_0.description,
        sp1_0.starting_price,
        sp1_0.updated_at 
    from
        service_price sp1_0
Hibernate: 
    select
        u1_0.Userid,
        u1_0.created_at,
        u1_0.DateofBirth,
        u1_0.Email,
        u1_0.Full_name,
        u1_0.Last_name,
        u1_0.Password_hash,
        u1_0.Phone_number,
        u1_0.Profile_image,
        u1_0.ROLE,
        u1_0.STATUS,
        u1_0.updated_at 
    from
        users u1_0 
    where
        u1_0.Email=?
Hibernate: 
    select
        c1_0.category_id,
        c1_0.categoryName,
        c1_0.description,
        c1_0.icon 
    from
        category c1_0 
    where
        c1_0.category_id=?
Hibernate: 
    select
        c1_0.category_id,
        c1_0.categoryName,
        c1_0.description,
        c1_0.icon 
    from
        category c1_0 
    where
        c1_0.category_id=?
Hibernate: 
    select
        tll1_0.id,
        tll1_0.accuracy,
        tll1_0.created_at,
        tll1_0.last_update,
        tll1_0.latitude,
        tll1_0.longitude,
        tll1_0.technician_id 
    from
        technician_live_locations tll1_0 
    where
        tll1_0.technician_id=?
Hibernate: 
    select
        c1_0.category_id,
        c1_0.categoryName,
        c1_0.description,
        c1_0.icon 
    from
        category c1_0 
    where
        c1_0.category_id=?
Hibernate: 
    select
        c1_0.category_id,
        c1_0.categoryName,
        c1_0.description,
        c1_0.icon 
    from
        category c1_0 
    where
        c1_0.category_id=?
Hibernate: 
    select
        u1_0.Userid,
        u1_0.created_at,
        u1_0.DateofBirth,
        u1_0.Email,
        u1_0.Full_name,
        u1_0.Last_name,
        u1_0.Password_hash,
        u1_0.Phone_number,
        u1_0.Profile_image,
        u1_0.ROLE,
        u1_0.STATUS,
        u1_0.updated_at 
    from
        users u1_0 
    where
        u1_0.Email=?
Hibernate: 
    select
        c1_0.category_id,
        c1_0.categoryName,
        c1_0.description,
        c1_0.icon 
    from
        category c1_0 
    where
        c1_0.category_id=?
Hibernate: 
    select
        c1_0.category_id,
        c1_0.categoryName,
        c1_0.description,
        c1_0.icon 
    from
        category c1_0 
    where
        c1_0.category_id=?
Hibernate: 
    select
        j1_0.id,
        j1_0.address,
        j1_0.assigned_at,
        j1_0.booking_type,
        j1_0.category,
        j1_0.completed_at,
        j1_0.created_at,
        j1_0.customer_name,
        j1_0.customer_phone,
        j1_0.customer_user_id,
        j1_0.description,
        j1_0.lat,
        j1_0.lng,
        j1_0.notes,
        j1_0.scheduled_at,
        j1_0.starting_price,
        j1_0.status,
        j1_0.technician_id 
    from
        job j1_0
Hibernate: 
    select
        u1_0.Userid,
        u1_0.created_at,
        u1_0.DateofBirth,
        u1_0.Email,
        u1_0.Full_name,
        u1_0.Last_name,
        u1_0.Password_hash,
        u1_0.Phone_number,
        u1_0.Profile_image,
        u1_0.ROLE,
        u1_0.STATUS,
        u1_0.updated_at 
    from
        users u1_0 
    where
        u1_0.Email=?
Hibernate: 
    select
        j1_0.id,
        j1_0.address,
        j1_0.assigned_at,
        j1_0.booking_type,
        j1_0.category,
        j1_0.completed_at,
        j1_0.created_at,
        j1_0.customer_name,
        j1_0.customer_phone,
        j1_0.customer_user_id,
        j1_0.description,
        j1_0.lat,
        j1_0.lng,
        j1_0.notes,
        j1_0.scheduled_at,
        j1_0.starting_price,
        j1_0.status,
        j1_0.technician_id 
    from
        job j1_0
Hibernate: 
    select
        sp1_0.id,
        sp1_0.category_id,
        sp1_0.created_at,
        sp1_0.description,
        sp1_0.starting_price,
        sp1_0.updated_at 
    from
        service_price sp1_0
Hibernate: 
    select
        c1_0.category_id,
        c1_0.categoryName,
        c1_0.description,
        c1_0.icon 
    from
        category c1_0 
    where
        c1_0.category_id=?
Hibernate: 
    select
        c1_0.category_id,
        c1_0.categoryName,
        c1_0.description,
        c1_0.icon 
    from
        category c1_0 
    where
        c1_0.category_id=?
Hibernate: 
    select
        c1_0.category_id,
        c1_0.categoryName,
        c1_0.description,
        c1_0.icon 
    from
        category c1_0 
    where
        c1_0.category_id=?
Hibernate: 
    select
        c1_0.category_id,
        c1_0.categoryName,
        c1_0.description,
        c1_0.icon 
    from
        category c1_0 
    where
        c1_0.category_id=?
Hibernate: 
    select
        c1_0.category_id,
        c1_0.categoryName,
        c1_0.description,
        c1_0.icon 
    from
        category c1_0 
    where
        c1_0.category_id=?
Hibernate: 
    select
        u1_0.Userid,
        u1_0.created_at,
        u1_0.DateofBirth,
        u1_0.Email,
        u1_0.Full_name,
        u1_0.Last_name,
        u1_0.Password_hash,
        u1_0.Phone_number,
        u1_0.Profile_image,
        u1_0.ROLE,
        u1_0.STATUS,
        u1_0.updated_at 
    from
        users u1_0 
    where
        u1_0.Email=?
Hibernate: 
    select
        f1_0.FavoriteID,
        f1_0.Created_At,
        f1_0.TechnicianID,
        t1_0.technician_id,
        t1_0.approval_status,
        t1_0.approved_at,
        t1_0.availability_status,
        t1_0.average_rating,
        t1_0.banner,
        t1_0.banner_content_type,
        t1_0.banner_title,
        t1_0.business_name,
        t1_0.category_id,
        t1_0.created_at,
        t1_0.description,
        t1_0.experience_year,
        t1_0.face_photo,
        t1_0.id_card,
        t1_0.identity_email_verified,
        t1_0.opening_hours,
        t1_0.photo,
        t1_0.photo_content_type,
        t1_0.rating_count,
        t1_0.rejection_reason,
        t1_0.service_area,
        t1_0.updated_at,
        t1_0.user_id,
        t1_0.verified,
        f1_0.UserID 
    from
        favorites f1_0 
    join
        technician t1_0 
            on t1_0.technician_id=f1_0.TechnicianID 
    where
        f1_0.UserID=?
Hibernate: 
    select
        t1_0.technician_id,
        t1_0.approval_status,
        t1_0.approved_at,
        t1_0.availability_status,
        t1_0.average_rating,
        t1_0.banner,
        t1_0.banner_content_type,
        t1_0.banner_title,
        t1_0.business_name,
        t1_0.category_id,
        t1_0.created_at,
        t1_0.description,
        t1_0.experience_year,
        t1_0.face_photo,
        t1_0.id_card,
        t1_0.identity_email_verified,
        t1_0.opening_hours,
        t1_0.photo,
        t1_0.photo_content_type,
        t1_0.rating_count,
        t1_0.rejection_reason,
        t1_0.service_area,
        t1_0.updated_at,
        t1_0.user_id,
        t1_0.verified 
    from
        technician t1_0
Hibernate: 
    select
        u1_0.Userid,
        u1_0.created_at,
        u1_0.DateofBirth,
        u1_0.Email,
        u1_0.Full_name,
        u1_0.Last_name,
        u1_0.Password_hash,
        u1_0.Phone_number,
        u1_0.Profile_image,
        u1_0.ROLE,
        u1_0.STATUS,
        u1_0.updated_at 
    from
        users u1_0 
    where
        u1_0.Userid=?
Hibernate: 
    select
        c1_0.category_id,
        c1_0.categoryName,
        c1_0.description,
        c1_0.icon 
    from
        category c1_0 
    where
        c1_0.category_id=?
Hibernate: 
    select
        tll1_0.id,
        tll1_0.accuracy,
        tll1_0.created_at,
        tll1_0.last_update,
        tll1_0.latitude,
        tll1_0.longitude,
        tll1_0.technician_id 
    from
        technician_live_locations tll1_0 
    where
        tll1_0.technician_id=?
Hibernate: 
    select
        u1_0.Userid,
        u1_0.created_at,
        u1_0.DateofBirth,
        u1_0.Email,
        u1_0.Full_name,
        u1_0.Last_name,
        u1_0.Password_hash,
        u1_0.Phone_number,
        u1_0.Profile_image,
        u1_0.ROLE,
        u1_0.STATUS,
        u1_0.updated_at 
    from
        users u1_0 
    where
        u1_0.Userid=?
Hibernate: 
    select
        c1_0.category_id,
        c1_0.categoryName,
        c1_0.description,
        c1_0.icon 
    from
        category c1_0 
    where
        c1_0.category_id=?
Hibernate: 
    select
        tll1_0.id,
        tll1_0.accuracy,
        tll1_0.created_at,
        tll1_0.last_update,
        tll1_0.latitude,
        tll1_0.longitude,
        tll1_0.technician_id 
    from
        technician_live_locations tll1_0 
    where
        tll1_0.technician_id=?
Hibernate: 
    select
        u1_0.Userid,
        u1_0.created_at,
        u1_0.DateofBirth,
        u1_0.Email,
        u1_0.Full_name,
        u1_0.Last_name,
        u1_0.Password_hash,
        u1_0.Phone_number,
        u1_0.Profile_image,
        u1_0.ROLE,
        u1_0.STATUS,
        u1_0.updated_at 
    from
        users u1_0 
    where
        u1_0.Userid=?
Hibernate: 
    select
        c1_0.category_id,
        c1_0.categoryName,
        c1_0.description,
        c1_0.icon 
    from
        category c1_0 
    where
        c1_0.category_id=?
Hibernate: 
    select
        tll1_0.id,
        tll1_0.accuracy,
        tll1_0.created_at,
        tll1_0.last_update,
        tll1_0.latitude,
        tll1_0.longitude,
        tll1_0.technician_id 
    from
        technician_live_locations tll1_0 
    where
        tll1_0.technician_id=?
Hibernate: 
    select
        u1_0.Userid,
        u1_0.created_at,
        u1_0.DateofBirth,
        u1_0.Email,
        u1_0.Full_name,
        u1_0.Last_name,
        u1_0.Password_hash,
        u1_0.Phone_number,
        u1_0.Profile_image,
        u1_0.ROLE,
        u1_0.STATUS,
        u1_0.updated_at 
    from
        users u1_0 
    where
        u1_0.Userid=?
Hibernate: 
    select
        c1_0.category_id,
        c1_0.categoryName,
        c1_0.description,
        c1_0.icon 
    from
        category c1_0 
    where
        c1_0.category_id=?
Hibernate: 
    select
        tll1_0.id,
        tll1_0.accuracy,
        tll1_0.created_at,
        tll1_0.last_update,
        tll1_0.latitude,
        tll1_0.longitude,
        tll1_0.technician_id 
    from
        technician_live_locations tll1_0 
    where
        tll1_0.technician_id=?
Hibernate: 
    select
        u1_0.Userid,
        u1_0.created_at,
        u1_0.DateofBirth,
        u1_0.Email,
        u1_0.Full_name,
        u1_0.Last_name,
        u1_0.Password_hash,
        u1_0.Phone_number,
        u1_0.Profile_image,
        u1_0.ROLE,
        u1_0.STATUS,
        u1_0.updated_at 
    from
        users u1_0 
    where
        u1_0.Userid=?
Hibernate: 
    select
        c1_0.category_id,
        c1_0.categoryName,
        c1_0.description,
        c1_0.icon 
    from
        category c1_0 
    where
        c1_0.category_id=?
Hibernate: 
    select
        tll1_0.id,
        tll1_0.accuracy,
        tll1_0.created_at,
        tll1_0.last_update,
        tll1_0.latitude,
        tll1_0.longitude,
        tll1_0.technician_id 
    from
        technician_live_locations tll1_0 
    where
        tll1_0.technician_id=?
Hibernate: 
    select
        u1_0.Userid,
        u1_0.created_at,
        u1_0.DateofBirth,
        u1_0.Email,
        u1_0.Full_name,
        u1_0.Last_name,
        u1_0.Password_hash,
        u1_0.Phone_number,
        u1_0.Profile_image,
        u1_0.ROLE,
        u1_0.STATUS,
        u1_0.updated_at 
    from
        users u1_0 
    where
        u1_0.Userid=?
Hibernate: 
    select
        c1_0.category_id,
        c1_0.categoryName,
        c1_0.description,
        c1_0.icon 
    from
        category c1_0 
    where
        c1_0.category_id=?
Hibernate: 
    select
        tll1_0.id,
        tll1_0.accuracy,
        tll1_0.created_at,
        tll1_0.last_update,
        tll1_0.latitude,
        tll1_0.longitude,
        tll1_0.technician_id 
    from
        technician_live_locations tll1_0 
    where
        tll1_0.technician_id=?
Hibernate: 
    select
        r1_0.id,
        r1_0.comment,
        r1_0.created_at,
        r1_0.customer_user_id,
        r1_0.job_id,
        r1_0.rating,
        r1_0.technician_id,
        r1_0.updated_at 
    from
        review r1_0 
    where
        r1_0.technician_id=? 
    order by
        r1_0.created_at desc
Hibernate: 
    select
        j1_0.id,
        j1_0.address,
        j1_0.assigned_at,
        j1_0.booking_type,
        j1_0.category,
        j1_0.completed_at,
        j1_0.created_at,
        j1_0.customer_name,
        j1_0.customer_phone,
        j1_0.customer_user_id,
        j1_0.description,
        j1_0.lat,
        j1_0.lng,
        j1_0.notes,
        j1_0.scheduled_at,
        j1_0.starting_price,
        j1_0.status,
        j1_0.technician_id 
    from
        job j1_0 
    where
        j1_0.id=?
Hibernate: 
    select
        r1_0.id,
        r1_0.comment,
        r1_0.created_at,
        r1_0.customer_user_id,
        r1_0.job_id,
        r1_0.rating,
        r1_0.technician_id,
        r1_0.updated_at 
    from
        review r1_0 
    where
        r1_0.technician_id=? 
    order by
        r1_0.created_at desc
Hibernate: 
    select
        j1_0.id,
        j1_0.address,
        j1_0.assigned_at,
        j1_0.booking_type,
        j1_0.category,
        j1_0.completed_at,
        j1_0.created_at,
        j1_0.customer_name,
        j1_0.customer_phone,
        j1_0.customer_user_id,
        j1_0.description,
        j1_0.lat,
        j1_0.lng,
        j1_0.notes,
        j1_0.scheduled_at,
        j1_0.starting_price,
        j1_0.status,
        j1_0.technician_id 
    from
        job j1_0 
    where
        j1_0.id=?
Hibernate: 
    select
        j1_0.id,
        j1_0.address,
        j1_0.assigned_at,
        j1_0.booking_type,
        j1_0.category,
        j1_0.completed_at,
        j1_0.created_at,
        j1_0.customer_name,
        j1_0.customer_phone,
        j1_0.customer_user_id,
        j1_0.description,
        j1_0.lat,
        j1_0.lng,
        j1_0.notes,
        j1_0.scheduled_at,
        j1_0.starting_price,
        j1_0.status,
        j1_0.technician_id 
    from
        job j1_0 
    where
        j1_0.id=?
Hibernate: 
    select
        r1_0.id,
        r1_0.comment,
        r1_0.created_at,
        r1_0.customer_user_id,
        r1_0.job_id,
        r1_0.rating,
        r1_0.technician_id,
        r1_0.updated_at 
    from
        review r1_0 
    where
        r1_0.technician_id=? 
    order by
        r1_0.created_at desc
Hibernate: 
    select
        j1_0.id,
        j1_0.address,
        j1_0.assigned_at,
        j1_0.booking_type,
        j1_0.category,
        j1_0.completed_at,
        j1_0.created_at,
        j1_0.customer_name,
        j1_0.customer_phone,
        j1_0.customer_user_id,
        j1_0.description,
        j1_0.lat,
        j1_0.lng,
        j1_0.notes,
        j1_0.scheduled_at,
        j1_0.starting_price,
        j1_0.status,
        j1_0.technician_id 
    from
        job j1_0 
    where
        j1_0.id=?
Hibernate: 
    select
        j1_0.id,
        j1_0.address,
        j1_0.assigned_at,
        j1_0.booking_type,
        j1_0.category,
        j1_0.completed_at,
        j1_0.created_at,
        j1_0.customer_name,
        j1_0.customer_phone,
        j1_0.customer_user_id,
        j1_0.description,
        j1_0.lat,
        j1_0.lng,
        j1_0.notes,
        j1_0.scheduled_at,
        j1_0.starting_price,
        j1_0.status,
        j1_0.technician_id 
    from
        job j1_0 
    where
        j1_0.id=?
Hibernate: 
    select
        j1_0.id,
        j1_0.address,
        j1_0.assigned_at,
        j1_0.booking_type,
        j1_0.category,
        j1_0.completed_at,
        j1_0.created_at,
        j1_0.customer_name,
        j1_0.customer_phone,
        j1_0.customer_user_id,
        j1_0.description,
        j1_0.lat,
        j1_0.lng,
        j1_0.notes,
        j1_0.scheduled_at,
        j1_0.starting_price,
        j1_0.status,
        j1_0.technician_id 
    from
        job j1_0 
    where
        j1_0.id=?
Hibernate: 
    select
        j1_0.id,
        j1_0.address,
        j1_0.assigned_at,
        j1_0.booking_type,
        j1_0.category,
        j1_0.completed_at,
        j1_0.created_at,
        j1_0.customer_name,
        j1_0.customer_phone,
        j1_0.customer_user_id,
        j1_0.description,
        j1_0.lat,
        j1_0.lng,
        j1_0.notes,
        j1_0.scheduled_at,
        j1_0.starting_price,
        j1_0.status,
        j1_0.technician_id 
    from
        job j1_0 
    where
        j1_0.id=?
2026-09-25T16:59:27.450+07:00  INFO 23000 --- [api] [nio-8081-exec-5] com.api.Service.sms.LogSmsSender         : [SMS -> +855967441125] Your CAM FIX verification code is 763651. It expires in 5 minutes.
Hibernate: 
    select
        u1_0.Userid,
        u1_0.created_at,
        u1_0.DateofBirth,
        u1_0.Email,
        u1_0.Full_name,
        u1_0.Last_name,
        u1_0.Password_hash,
        u1_0.Phone_number,
        u1_0.Profile_image,
        u1_0.ROLE,
        u1_0.STATUS,
        u1_0.updated_at 
    from
        users u1_0 
    where
        u1_0.Phone_number=?
Hibernate: 
    select
        u1_0.Userid,
        u1_0.created_at,
        u1_0.DateofBirth,
        u1_0.Email,
        u1_0.Full_name,
        u1_0.Last_name,
        u1_0.Password_hash,
        u1_0.Phone_number,
        u1_0.Profile_image,
        u1_0.ROLE,
        u1_0.STATUS,
        u1_0.updated_at 
    from
        users u1_0 
    where
        u1_0.Email=?
Hibernate: 
    insert 
    into
        users
        (created_at, DateofBirth, Email, Full_name, Last_name, Password_hash, Phone_number, Profile_image, ROLE, STATUS, updated_at) 
    values
        (?, ?, ?, ?, ?, ?, ?, ?, ?, ?, ?)
Hibernate: 
    select
        u1_0.Userid,
        u1_0.created_at,
        u1_0.DateofBirth,
        u1_0.Email,
        u1_0.Full_name,
        u1_0.Last_name,
        u1_0.Password_hash,
        u1_0.Phone_number,
        u1_0.Profile_image,
        u1_0.ROLE,
        u1_0.STATUS,
        u1_0.updated_at 
    from
        users u1_0 
    where
        u1_0.Email=?
Hibernate: 
    select
        u1_0.Userid,
        u1_0.created_at,
        u1_0.DateofBirth,
        u1_0.Email,
        u1_0.Full_name,
        u1_0.Last_name,
        u1_0.Password_hash,
        u1_0.Phone_number,
        u1_0.Profile_image,
        u1_0.ROLE,
        u1_0.STATUS,
        u1_0.updated_at 
    from
        users u1_0 
    where
        u1_0.Email=?
Hibernate: 
    select
        j1_0.id,
        j1_0.address,
        j1_0.assigned_at,
        j1_0.booking_type,
        j1_0.category,
        j1_0.completed_at,
        j1_0.created_at,
        j1_0.customer_name,
        j1_0.customer_phone,
        j1_0.customer_user_id,
        j1_0.description,
        j1_0.lat,
        j1_0.lng,
        j1_0.notes,
        j1_0.scheduled_at,
        j1_0.starting_price,
        j1_0.status,
        j1_0.technician_id 
    from
        job j1_0
Hibernate: 
    select
        sp1_0.id,
        sp1_0.category_id,
        sp1_0.created_at,
        sp1_0.description,
        sp1_0.starting_price,
        sp1_0.updated_at 
    from
        service_price sp1_0
Hibernate: 
    select
        u1_0.Userid,
        u1_0.created_at,
        u1_0.DateofBirth,
        u1_0.Email,
        u1_0.Full_name,
        u1_0.Last_name,
        u1_0.Password_hash,
        u1_0.Phone_number,
        u1_0.Profile_image,
        u1_0.ROLE,
        u1_0.STATUS,
        u1_0.updated_at 
    from
        users u1_0 
    where
        u1_0.Email=?
Hibernate: 
    select
        u1_0.Userid,
        u1_0.created_at,
        u1_0.DateofBirth,
        u1_0.Email,
        u1_0.Full_name,
        u1_0.Last_name,
        u1_0.Password_hash,
        u1_0.Phone_number,
        u1_0.Profile_image,
        u1_0.ROLE,
        u1_0.STATUS,
        u1_0.updated_at 
    from
        users u1_0 
    where
        u1_0.Email=?
Hibernate: 
    select
        c1_0.category_id,
        c1_0.categoryName,
        c1_0.description,
        c1_0.icon 
    from
        category c1_0 
    where
        c1_0.category_id=?
Hibernate: 
    select
        n1_0.notification_id,
        n1_0.created_at,
        n1_0.is_read,
        n1_0.job_id,
        n1_0.message,
        n1_0.message_km,
        n1_0.title,
        n1_0.title_km,
        n1_0.type,
        n1_0.user_id 
    from
        notification n1_0 
    where
        n1_0.user_id=? 
    order by
        n1_0.created_at desc
Hibernate: 
    select
        f1_0.FavoriteID,
        f1_0.Created_At,
        f1_0.TechnicianID,
        t1_0.technician_id,
        t1_0.approval_status,
        t1_0.approved_at,
        t1_0.availability_status,
        t1_0.average_rating,
        t1_0.banner,
        t1_0.banner_content_type,
        t1_0.banner_title,
        t1_0.business_name,
        t1_0.category_id,
        t1_0.created_at,
        t1_0.description,
        t1_0.experience_year,
        t1_0.face_photo,
        t1_0.id_card,
        t1_0.identity_email_verified,
        t1_0.opening_hours,
        t1_0.photo,
        t1_0.photo_content_type,
        t1_0.rating_count,
        t1_0.rejection_reason,
        t1_0.service_area,
        t1_0.updated_at,
        t1_0.user_id,
        t1_0.verified,
        f1_0.UserID 
    from
        favorites f1_0 
    join
        technician t1_0 
            on t1_0.technician_id=f1_0.TechnicianID 
    where
        f1_0.UserID=?
Hibernate: 
    select
        c1_0.category_id,
        c1_0.categoryName,
        c1_0.description,
        c1_0.icon 
    from
        category c1_0 
    where
        c1_0.category_id=?
Hibernate: 
    select
        t1_0.technician_id,
        t1_0.approval_status,
        t1_0.approved_at,
        t1_0.availability_status,
        t1_0.average_rating,
        t1_0.banner,
        t1_0.banner_content_type,
        t1_0.banner_title,
        t1_0.business_name,
        t1_0.category_id,
        t1_0.created_at,
        t1_0.description,
        t1_0.experience_year,
        t1_0.face_photo,
        t1_0.id_card,
        t1_0.identity_email_verified,
        t1_0.opening_hours,
        t1_0.photo,
        t1_0.photo_content_type,
        t1_0.rating_count,
        t1_0.rejection_reason,
        t1_0.service_area,
        t1_0.updated_at,
        t1_0.user_id,
        t1_0.verified 
    from
        technician t1_0
Hibernate: 
    select
        c1_0.category_id,
        c1_0.categoryName,
        c1_0.description,
        c1_0.icon 
    from
        category c1_0 
    where
        c1_0.category_id=?
Hibernate: 
    select
        u1_0.Userid,
        u1_0.created_at,
        u1_0.DateofBirth,
        u1_0.Email,
        u1_0.Full_name,
        u1_0.Last_name,
        u1_0.Password_hash,
        u1_0.Phone_number,
        u1_0.Profile_image,
        u1_0.ROLE,
        u1_0.STATUS,
        u1_0.updated_at 
    from
        users u1_0 
    where
        u1_0.Email=?
Hibernate: 
    select
        c1_0.category_id,
        c1_0.categoryName,
        c1_0.description,
        c1_0.icon 
    from
        category c1_0 
    where
        c1_0.category_id=?
Hibernate: 
    select
        u1_0.Userid,
        u1_0.created_at,
        u1_0.DateofBirth,
        u1_0.Email,
        u1_0.Full_name,
        u1_0.Last_name,
        u1_0.Password_hash,
        u1_0.Phone_number,
        u1_0.Profile_image,
        u1_0.ROLE,
        u1_0.STATUS,
        u1_0.updated_at 
    from
        users u1_0 
    where
        u1_0.Email=?
Hibernate: 
    select
        j1_0.id,
        j1_0.address,
        j1_0.assigned_at,
        j1_0.booking_type,
        j1_0.category,
        j1_0.completed_at,
        j1_0.created_at,
        j1_0.customer_name,
        j1_0.customer_phone,
        j1_0.customer_user_id,
        j1_0.description,
        j1_0.lat,
        j1_0.lng,
        j1_0.notes,
        j1_0.scheduled_at,
        j1_0.starting_price,
        j1_0.status,
        j1_0.technician_id 
    from
        job j1_0
Hibernate: 
    select
        c1_0.category_id,
        c1_0.categoryName,
        c1_0.description,
        c1_0.icon 
    from
        category c1_0 
    where
        c1_0.category_id=?
Hibernate: 
    select
        j1_0.id,
        j1_0.address,
        j1_0.assigned_at,
        j1_0.booking_type,
        j1_0.category,
        j1_0.completed_at,
        j1_0.created_at,
        j1_0.customer_name,
        j1_0.customer_phone,
        j1_0.customer_user_id,
        j1_0.description,
        j1_0.lat,
        j1_0.lng,
        j1_0.notes,
        j1_0.scheduled_at,
        j1_0.starting_price,
        j1_0.status,
        j1_0.technician_id 
    from
        job j1_0
Hibernate: 
    select
        u1_0.Userid,
        u1_0.created_at,
        u1_0.DateofBirth,
        u1_0.Email,
        u1_0.Full_name,
        u1_0.Last_name,
        u1_0.Password_hash,
        u1_0.Phone_number,
        u1_0.Profile_image,
        u1_0.ROLE,
        u1_0.STATUS,
        u1_0.updated_at 
    from
        users u1_0 
    where
        u1_0.Userid=?
Hibernate: 
    select
        u1_0.Userid,
        u1_0.created_at,
        u1_0.DateofBirth,
        u1_0.Email,
        u1_0.Full_name,
        u1_0.Last_name,
        u1_0.Password_hash,
        u1_0.Phone_number,
        u1_0.Profile_image,
        u1_0.ROLE,
        u1_0.STATUS,
        u1_0.updated_at 
    from
        users u1_0 
    where
        u1_0.Email=?
Hibernate: 
    select
        c1_0.category_id,
        c1_0.categoryName,
        c1_0.description,
        c1_0.icon 
    from
        category c1_0 
    where
        c1_0.category_id=?
Hibernate: 
    select
        tll1_0.id,
        tll1_0.accuracy,
        tll1_0.created_at,
        tll1_0.last_update,
        tll1_0.latitude,
        tll1_0.longitude,
        tll1_0.technician_id 
    from
        technician_live_locations tll1_0 
    where
        tll1_0.technician_id=?
Hibernate: 
    select
        sp1_0.id,
        sp1_0.category_id,
        sp1_0.created_at,
        sp1_0.description,
        sp1_0.starting_price,
        sp1_0.updated_at 
    from
        service_price sp1_0
Hibernate: 
    select
        u1_0.Userid,
        u1_0.created_at,
        u1_0.DateofBirth,
        u1_0.Email,
        u1_0.Full_name,
        u1_0.Last_name,
        u1_0.Password_hash,
        u1_0.Phone_number,
        u1_0.Profile_image,
        u1_0.ROLE,
        u1_0.STATUS,
        u1_0.updated_at 
    from
        users u1_0 
    where
        u1_0.Userid=?
Hibernate: 
    select
        c1_0.category_id,
        c1_0.categoryName,
        c1_0.description,
        c1_0.icon 
    from
        category c1_0 
    where
        c1_0.category_id=?
Hibernate: 
    select
        c1_0.category_id,
        c1_0.categoryName,
        c1_0.description,
        c1_0.icon 
    from
        category c1_0 
    where
        c1_0.category_id=?
Hibernate: 
    select
        c1_0.category_id,
        c1_0.categoryName,
        c1_0.description,
        c1_0.icon 
    from
        category c1_0 
    where
        c1_0.category_id=?
Hibernate: 
    select
        u1_0.Userid,
        u1_0.created_at,
        u1_0.DateofBirth,
        u1_0.Email,
        u1_0.Full_name,
        u1_0.Last_name,
        u1_0.Password_hash,
        u1_0.Phone_number,
        u1_0.Profile_image,
        u1_0.ROLE,
        u1_0.STATUS,
        u1_0.updated_at 
    from
        users u1_0 
    where
        u1_0.Email=?
Hibernate: 
    select
        c1_0.category_id,
        c1_0.categoryName,
        c1_0.description,
        c1_0.icon 
    from
        category c1_0 
    where
        c1_0.category_id=?
Hibernate: 
    select
        tll1_0.id,
        tll1_0.accuracy,
        tll1_0.created_at,
        tll1_0.last_update,
        tll1_0.latitude,
        tll1_0.longitude,
        tll1_0.technician_id 
    from
        technician_live_locations tll1_0 
    where
        tll1_0.technician_id=?
Hibernate: 
    select
        j1_0.id,
        j1_0.address,
        j1_0.assigned_at,
        j1_0.booking_type,
        j1_0.category,
        j1_0.completed_at,
        j1_0.created_at,
        j1_0.customer_name,
        j1_0.customer_phone,
        j1_0.customer_user_id,
        j1_0.description,
        j1_0.lat,
        j1_0.lng,
        j1_0.notes,
        j1_0.scheduled_at,
        j1_0.starting_price,
        j1_0.status,
        j1_0.technician_id 
    from
        job j1_0
Hibernate: 
    select
        u1_0.Userid,
        u1_0.created_at,
        u1_0.DateofBirth,
        u1_0.Email,
        u1_0.Full_name,
        u1_0.Last_name,
        u1_0.Password_hash,
        u1_0.Phone_number,
        u1_0.Profile_image,
        u1_0.ROLE,
        u1_0.STATUS,
        u1_0.updated_at 
    from
        users u1_0 
    where
        u1_0.Userid=?
Hibernate: 
    select
        c1_0.category_id,
        c1_0.categoryName,
        c1_0.description,
        c1_0.icon 
    from
        category c1_0 
    where
        c1_0.category_id=?
Hibernate: 
    select
        c1_0.category_id,
        c1_0.categoryName,
        c1_0.description,
        c1_0.icon 
    from
        category c1_0 
    where
        c1_0.category_id=?
Hibernate: 
    select
        c1_0.category_id,
        c1_0.categoryName,
        c1_0.description,
        c1_0.icon 
    from
        category c1_0 
    where
        c1_0.category_id=?
Hibernate: 
    select
        tll1_0.id,
        tll1_0.accuracy,
        tll1_0.created_at,
        tll1_0.last_update,
        tll1_0.latitude,
        tll1_0.longitude,
        tll1_0.technician_id 
    from
        technician_live_locations tll1_0 
    where
        tll1_0.technician_id=?
Hibernate: 
    select
        u1_0.Userid,
        u1_0.created_at,
        u1_0.DateofBirth,
        u1_0.Email,
        u1_0.Full_name,
        u1_0.Last_name,
        u1_0.Password_hash,
        u1_0.Phone_number,
        u1_0.Profile_image,
        u1_0.ROLE,
        u1_0.STATUS,
        u1_0.updated_at 
    from
        users u1_0 
    where
        u1_0.Email=?
Hibernate: 
    select
        u1_0.Userid,
        u1_0.created_at,
        u1_0.DateofBirth,
        u1_0.Email,
        u1_0.Full_name,
        u1_0.Last_name,
        u1_0.Password_hash,
        u1_0.Phone_number,
        u1_0.Profile_image,
        u1_0.ROLE,
        u1_0.STATUS,
        u1_0.updated_at 
    from
        users u1_0 
    where
        u1_0.Userid=?
Hibernate: 
    select
        c1_0.category_id,
        c1_0.categoryName,
        c1_0.description,
        c1_0.icon 
    from
        category c1_0 
    where
        c1_0.category_id=?
Hibernate: 
    select
        tll1_0.id,
        tll1_0.accuracy,
        tll1_0.created_at,
        tll1_0.last_update,
        tll1_0.latitude,
        tll1_0.longitude,
        tll1_0.technician_id 
    from
        technician_live_locations tll1_0 
    where
        tll1_0.technician_id=?
Hibernate: 
    select
        u1_0.Userid,
        u1_0.created_at,
        u1_0.DateofBirth,
        u1_0.Email,
        u1_0.Full_name,
        u1_0.Last_name,
        u1_0.Password_hash,
        u1_0.Phone_number,
        u1_0.Profile_image,
        u1_0.ROLE,
        u1_0.STATUS,
        u1_0.updated_at 
    from
        users u1_0 
    where
        u1_0.Userid=?
Hibernate: 
    select
        c1_0.category_id,
        c1_0.categoryName,
        c1_0.description,
        c1_0.icon 
    from
        category c1_0 
    where
        c1_0.category_id=?
Hibernate: 
    select
        tll1_0.id,
        tll1_0.accuracy,
        tll1_0.created_at,
        tll1_0.last_update,
        tll1_0.latitude,
        tll1_0.longitude,
        tll1_0.technician_id 
    from
        technician_live_locations tll1_0 
    where
        tll1_0.technician_id=?
Hibernate: 
    select
        u1_0.Userid,
        u1_0.created_at,
        u1_0.DateofBirth,
        u1_0.Email,
        u1_0.Full_name,
        u1_0.Last_name,
        u1_0.Password_hash,
        u1_0.Phone_number,
        u1_0.Profile_image,
        u1_0.ROLE,
        u1_0.STATUS,
        u1_0.updated_at 
    from
        users u1_0 
    where
        u1_0.Userid=?
Hibernate: 
    select
        c1_0.category_id,
        c1_0.categoryName,
        c1_0.description,
        c1_0.icon 
    from
        category c1_0 
    where
        c1_0.category_id=?
Hibernate: 
    select
        tll1_0.id,
        tll1_0.accuracy,
        tll1_0.created_at,
        tll1_0.last_update,
        tll1_0.latitude,
        tll1_0.longitude,
        tll1_0.technician_id 
    from
        technician_live_locations tll1_0 
    where
        tll1_0.technician_id=?
Hibernate: 
    select
        sp1_0.id,
        sp1_0.category_id,
        sp1_0.created_at,
        sp1_0.description,
        sp1_0.starting_price,
        sp1_0.updated_at 
    from
        service_price sp1_0
Hibernate: 
    select
        c1_0.category_id,
        c1_0.categoryName,
        c1_0.description,
        c1_0.icon 
    from
        category c1_0 
    where
        c1_0.category_id=?
Hibernate: 
    select
        c1_0.category_id,
        c1_0.categoryName,
        c1_0.description,
        c1_0.icon 
    from
        category c1_0 
    where
        c1_0.category_id=?
Hibernate: 
    select
        c1_0.category_id,
        c1_0.categoryName,
        c1_0.description,
        c1_0.icon 
    from
        category c1_0 
    where
        c1_0.category_id=?
Hibernate: 
    select
        c1_0.category_id,
        c1_0.categoryName,
        c1_0.description,
        c1_0.icon 
    from
        category c1_0 
    where
        c1_0.category_id=?
Hibernate: 
    select
        c1_0.category_id,
        c1_0.categoryName,
        c1_0.description,
        c1_0.icon 
    from
        category c1_0 
    where
        c1_0.category_id=?
Hibernate: 
    select
        sp1_0.id,
        sp1_0.category_id,
        sp1_0.created_at,
        sp1_0.description,
        sp1_0.starting_price,
        sp1_0.updated_at 
    from
        service_price sp1_0
Hibernate: 
    select
        c1_0.category_id,
        c1_0.categoryName,
        c1_0.description,
        c1_0.icon 
    from
        category c1_0 
    where
        c1_0.category_id=?
Hibernate: 
    select
        c1_0.category_id,
        c1_0.categoryName,
        c1_0.description,
        c1_0.icon 
    from
        category c1_0 
    where
        c1_0.category_id=?
Hibernate: 
    select
        c1_0.category_id,
        c1_0.categoryName,
        c1_0.description,
        c1_0.icon 
    from
        category c1_0 
    where
        c1_0.category_id=?
Hibernate: 
    select
        c1_0.category_id,
        c1_0.categoryName,
        c1_0.description,
        c1_0.icon 
    from
        category c1_0 
    where
        c1_0.category_id=?
Hibernate: 
    select
        c1_0.category_id,
        c1_0.categoryName,
        c1_0.description,
        c1_0.icon 
    from
        category c1_0 
    where
        c1_0.category_id=?
Hibernate: 
    select
        u1_0.Userid,
        u1_0.created_at,
        u1_0.DateofBirth,
        u1_0.Email,
        u1_0.Full_name,
        u1_0.Last_name,
        u1_0.Password_hash,
        u1_0.Phone_number,
        u1_0.Profile_image,
        u1_0.ROLE,
        u1_0.STATUS,
        u1_0.updated_at 
    from
        users u1_0 
    where
        u1_0.Email=?
Hibernate: 
    select
        f1_0.FavoriteID,
        f1_0.Created_At,
        f1_0.TechnicianID,
        t1_0.technician_id,
        t1_0.approval_status,
        t1_0.approved_at,
        t1_0.availability_status,
        t1_0.average_rating,
        t1_0.banner,
        t1_0.banner_content_type,
        t1_0.banner_title,
        t1_0.business_name,
        t1_0.category_id,
        t1_0.created_at,
        t1_0.description,
        t1_0.experience_year,
        t1_0.face_photo,
        t1_0.id_card,
        t1_0.identity_email_verified,
        t1_0.opening_hours,
        t1_0.photo,
        t1_0.photo_content_type,
        t1_0.rating_count,
        t1_0.rejection_reason,
        t1_0.service_area,
        t1_0.updated_at,
        t1_0.user_id,
        t1_0.verified,
        f1_0.UserID 
    from
        favorites f1_0 
    join
        technician t1_0 
            on t1_0.technician_id=f1_0.TechnicianID 
    where
        f1_0.UserID=?
Hibernate: 
    select
        t1_0.technician_id,
        t1_0.approval_status,
        t1_0.approved_at,
        t1_0.availability_status,
        t1_0.average_rating,
        t1_0.banner,
        t1_0.banner_content_type,
        t1_0.banner_title,
        t1_0.business_name,
        t1_0.category_id,
        t1_0.created_at,
        t1_0.description,
        t1_0.experience_year,
        t1_0.face_photo,
        t1_0.id_card,
        t1_0.identity_email_verified,
        t1_0.opening_hours,
        t1_0.photo,
        t1_0.photo_content_type,
        t1_0.rating_count,
        t1_0.rejection_reason,
        t1_0.service_area,
        t1_0.updated_at,
        t1_0.user_id,
        t1_0.verified 
    from
        technician t1_0 
    where
        t1_0.technician_id=?
Hibernate: 
    select
        t1_0.technician_id,
        t1_0.approval_status,
        t1_0.approved_at,
        t1_0.availability_status,
        t1_0.average_rating,
        t1_0.banner,
        t1_0.banner_content_type,
        t1_0.banner_title,
        t1_0.business_name,
        t1_0.category_id,
        t1_0.created_at,
        t1_0.description,
        t1_0.experience_year,
        t1_0.face_photo,
        t1_0.id_card,
        t1_0.identity_email_verified,
        t1_0.opening_hours,
        t1_0.photo,
        t1_0.photo_content_type,
        t1_0.rating_count,
        t1_0.rejection_reason,
        t1_0.service_area,
        t1_0.updated_at,
        t1_0.user_id,
        t1_0.verified 
    from
        technician t1_0
Hibernate: 
    select
        u1_0.Userid,
        u1_0.created_at,
        u1_0.DateofBirth,
        u1_0.Email,
        u1_0.Full_name,
        u1_0.Last_name,
        u1_0.Password_hash,
        u1_0.Phone_number,
        u1_0.Profile_image,
        u1_0.ROLE,
        u1_0.STATUS,
        u1_0.updated_at 
    from
        users u1_0 
    where
        u1_0.Userid=?
Hibernate: 
    select
        c1_0.category_id,
        c1_0.categoryName,
        c1_0.description,
        c1_0.icon 
    from
        category c1_0 
    where
        c1_0.category_id=?
Hibernate: 
    select
        tll1_0.id,
        tll1_0.accuracy,
        tll1_0.created_at,
        tll1_0.last_update,
        tll1_0.latitude,
        tll1_0.longitude,
        tll1_0.technician_id 
    from
        technician_live_locations tll1_0 
    where
        tll1_0.technician_id=?
Hibernate: 
    select
        u1_0.Userid,
        u1_0.created_at,
        u1_0.DateofBirth,
        u1_0.Email,
        u1_0.Full_name,
        u1_0.Last_name,
        u1_0.Password_hash,
        u1_0.Phone_number,
        u1_0.Profile_image,
        u1_0.ROLE,
        u1_0.STATUS,
        u1_0.updated_at 
    from
        users u1_0 
    where
        u1_0.Userid=?
Hibernate: 
    select
        c1_0.category_id,
        c1_0.categoryName,
        c1_0.description,
        c1_0.icon 
    from
        category c1_0 
    where
        c1_0.category_id=?
Hibernate: 
    select
        tll1_0.id,
        tll1_0.accuracy,
        tll1_0.created_at,
        tll1_0.last_update,
        tll1_0.latitude,
        tll1_0.longitude,
        tll1_0.technician_id 
    from
        technician_live_locations tll1_0 
    where
        tll1_0.technician_id=?
Hibernate: 
    select
        u1_0.Userid,
        u1_0.created_at,
        u1_0.DateofBirth,
        u1_0.Email,
        u1_0.Full_name,
        u1_0.Last_name,
        u1_0.Password_hash,
        u1_0.Phone_number,
        u1_0.Profile_image,
        u1_0.ROLE,
        u1_0.STATUS,
        u1_0.updated_at 
    from
        users u1_0 
    where
        u1_0.Userid=?
Hibernate: 
    select
        c1_0.category_id,
        c1_0.categoryName,
        c1_0.description,
        c1_0.icon 
    from
        category c1_0 
    where
        c1_0.category_id=?
Hibernate: 
    select
        tll1_0.id,
        tll1_0.accuracy,
        tll1_0.created_at,
        tll1_0.last_update,
        tll1_0.latitude,
        tll1_0.longitude,
        tll1_0.technician_id 
    from
        technician_live_locations tll1_0 
    where
        tll1_0.technician_id=?
Hibernate: 
    select
        u1_0.Userid,
        u1_0.created_at,
        u1_0.DateofBirth,
        u1_0.Email,
        u1_0.Full_name,
        u1_0.Last_name,
        u1_0.Password_hash,
        u1_0.Phone_number,
        u1_0.Profile_image,
        u1_0.ROLE,
        u1_0.STATUS,
        u1_0.updated_at 
    from
        users u1_0 
    where
        u1_0.Userid=?
Hibernate: 
    select
        c1_0.category_id,
        c1_0.categoryName,
        c1_0.description,
        c1_0.icon 
    from
        category c1_0 
    where
        c1_0.category_id=?
Hibernate: 
    select
        tll1_0.id,
        tll1_0.accuracy,
        tll1_0.created_at,
        tll1_0.last_update,
        tll1_0.latitude,
        tll1_0.longitude,
        tll1_0.technician_id 
    from
        technician_live_locations tll1_0 
    where
        tll1_0.technician_id=?
Hibernate: 
    select
        u1_0.Userid,
        u1_0.created_at,
        u1_0.DateofBirth,
        u1_0.Email,
        u1_0.Full_name,
        u1_0.Last_name,
        u1_0.Password_hash,
        u1_0.Phone_number,
        u1_0.Profile_image,
        u1_0.ROLE,
        u1_0.STATUS,
        u1_0.updated_at 
    from
        users u1_0 
    where
        u1_0.Userid=?
Hibernate: 
    select
        c1_0.category_id,
        c1_0.categoryName,
        c1_0.description,
        c1_0.icon 
    from
        category c1_0 
    where
        c1_0.category_id=?
Hibernate: 
    select
        tll1_0.id,
        tll1_0.accuracy,
        tll1_0.created_at,
        tll1_0.last_update,
        tll1_0.latitude,
        tll1_0.longitude,
        tll1_0.technician_id 
    from
        technician_live_locations tll1_0 
    where
        tll1_0.technician_id=?
Hibernate: 
    select
        u1_0.Userid,
        u1_0.created_at,
        u1_0.DateofBirth,
        u1_0.Email,
        u1_0.Full_name,
        u1_0.Last_name,
        u1_0.Password_hash,
        u1_0.Phone_number,
        u1_0.Profile_image,
        u1_0.ROLE,
        u1_0.STATUS,
        u1_0.updated_at 
    from
        users u1_0 
    where
        u1_0.Userid=?
Hibernate: 
    select
        c1_0.category_id,
        c1_0.categoryName,
        c1_0.description,
        c1_0.icon 
    from
        category c1_0 
    where
        c1_0.category_id=?
Hibernate: 
    select
        tll1_0.id,
        tll1_0.accuracy,
        tll1_0.created_at,
        tll1_0.last_update,
        tll1_0.latitude,
        tll1_0.longitude,
        tll1_0.technician_id 
    from
        technician_live_locations tll1_0 
    where
        tll1_0.technician_id=?
Hibernate: 
    select
        r1_0.id,
        r1_0.comment,
        r1_0.created_at,
        r1_0.customer_user_id,
        r1_0.job_id,
        r1_0.rating,
        r1_0.technician_id,
        r1_0.updated_at 
    from
        review r1_0 
    where
        r1_0.technician_id=? 
    order by
        r1_0.created_at desc
Hibernate: 
    select
        j1_0.id,
        j1_0.address,
        j1_0.assigned_at,
        j1_0.booking_type,
        j1_0.category,
        j1_0.completed_at,
        j1_0.created_at,
        j1_0.customer_name,
        j1_0.customer_phone,
        j1_0.customer_user_id,
        j1_0.description,
        j1_0.lat,
        j1_0.lng,
        j1_0.notes,
        j1_0.scheduled_at,
        j1_0.starting_price,
        j1_0.status,
        j1_0.technician_id 
    from
        job j1_0 
    where
        j1_0.id=?
Hibernate: 
    select
        t1_0.technician_id,
        t1_0.approval_status,
        t1_0.approved_at,
        t1_0.availability_status,
        t1_0.average_rating,
        t1_0.banner,
        t1_0.banner_content_type,
        t1_0.banner_title,
        t1_0.business_name,
        t1_0.category_id,
        t1_0.created_at,
        t1_0.description,
        t1_0.experience_year,
        t1_0.face_photo,
        t1_0.id_card,
        t1_0.identity_email_verified,
        t1_0.opening_hours,
        t1_0.photo,
        t1_0.photo_content_type,
        t1_0.rating_count,
        t1_0.rejection_reason,
        t1_0.service_area,
        t1_0.updated_at,
        t1_0.user_id,
        t1_0.verified 
    from
        technician t1_0 
    where
        t1_0.technician_id=?
Hibernate: 
    select
        t1_0.technician_id,
        t1_0.approval_status,
        t1_0.approved_at,
        t1_0.availability_status,
        t1_0.average_rating,
        t1_0.banner,
        t1_0.banner_content_type,
        t1_0.banner_title,
        t1_0.business_name,
        t1_0.category_id,
        t1_0.created_at,
        t1_0.description,
        t1_0.experience_year,
        t1_0.face_photo,
        t1_0.id_card,
        t1_0.identity_email_verified,
        t1_0.opening_hours,
        t1_0.photo,
        t1_0.photo_content_type,
        t1_0.rating_count,
        t1_0.rejection_reason,
        t1_0.service_area,
        t1_0.updated_at,
        t1_0.user_id,
        t1_0.verified 
    from
        technician t1_0 
    where
        t1_0.technician_id=?
Hibernate: 
    select
        r1_0.id,
        r1_0.comment,
        r1_0.created_at,
        r1_0.customer_user_id,
        r1_0.job_id,
        r1_0.rating,
        r1_0.technician_id,
        r1_0.updated_at 
    from
        review r1_0 
    where
        r1_0.technician_id=? 
    order by
        r1_0.created_at desc
Hibernate: 
    select
        j1_0.id,
        j1_0.address,
        j1_0.assigned_at,
        j1_0.booking_type,
        j1_0.category,
        j1_0.completed_at,
        j1_0.created_at,
        j1_0.customer_name,
        j1_0.customer_phone,
        j1_0.customer_user_id,
        j1_0.description,
        j1_0.lat,
        j1_0.lng,
        j1_0.notes,
        j1_0.scheduled_at,
        j1_0.starting_price,
        j1_0.status,
        j1_0.technician_id 
    from
        job j1_0 
    where
        j1_0.id=?
Hibernate: 
    select
        j1_0.id,
        j1_0.address,
        j1_0.assigned_at,
        j1_0.booking_type,
        j1_0.category,
        j1_0.completed_at,
        j1_0.created_at,
        j1_0.customer_name,
        j1_0.customer_phone,
        j1_0.customer_user_id,
        j1_0.description,
        j1_0.lat,
        j1_0.lng,
        j1_0.notes,
        j1_0.scheduled_at,
        j1_0.starting_price,
        j1_0.status,
        j1_0.technician_id 
    from
        job j1_0 
    where
        j1_0.id=?
Hibernate: 
    select
        r1_0.id,
        r1_0.comment,
        r1_0.created_at,
        r1_0.customer_user_id,
        r1_0.job_id,
        r1_0.rating,
        r1_0.technician_id,
        r1_0.updated_at 
    from
        review r1_0 
    where
        r1_0.technician_id=? 
    order by
        r1_0.created_at desc
Hibernate: 
    select
        j1_0.id,
        j1_0.address,
        j1_0.assigned_at,
        j1_0.booking_type,
        j1_0.category,
        j1_0.completed_at,
        j1_0.created_at,
        j1_0.customer_name,
        j1_0.customer_phone,
        j1_0.customer_user_id,
        j1_0.description,
        j1_0.lat,
        j1_0.lng,
        j1_0.notes,
        j1_0.scheduled_at,
        j1_0.starting_price,
        j1_0.status,
        j1_0.technician_id 
    from
        job j1_0 
    where
        j1_0.id=?
Hibernate: 
    select
        j1_0.id,
        j1_0.address,
        j1_0.assigned_at,
        j1_0.booking_type,
        j1_0.category,
        j1_0.completed_at,
        j1_0.created_at,
        j1_0.customer_name,
        j1_0.customer_phone,
        j1_0.customer_user_id,
        j1_0.description,
        j1_0.lat,
        j1_0.lng,
        j1_0.notes,
        j1_0.scheduled_at,
        j1_0.starting_price,
        j1_0.status,
        j1_0.technician_id 
    from
        job j1_0 
    where
        j1_0.id=?
Hibernate: 
    select
        j1_0.id,
        j1_0.address,
        j1_0.assigned_at,
        j1_0.booking_type,
        j1_0.category,
        j1_0.completed_at,
        j1_0.created_at,
        j1_0.customer_name,
        j1_0.customer_phone,
        j1_0.customer_user_id,
        j1_0.description,
        j1_0.lat,
        j1_0.lng,
        j1_0.notes,
        j1_0.scheduled_at,
        j1_0.starting_price,
        j1_0.status,
        j1_0.technician_id 
    from
        job j1_0 
    where
        j1_0.id=?
Hibernate: 
    select
        j1_0.id,
        j1_0.address,
        j1_0.assigned_at,
        j1_0.booking_type,
        j1_0.category,
        j1_0.completed_at,
        j1_0.created_at,
        j1_0.customer_name,
        j1_0.customer_phone,
        j1_0.customer_user_id,
        j1_0.description,
        j1_0.lat,
        j1_0.lng,
        j1_0.notes,
        j1_0.scheduled_at,
        j1_0.starting_price,
        j1_0.status,
        j1_0.technician_id 
    from
        job j1_0 
    where
        j1_0.id=?
Hibernate: 
    select
        u1_0.Userid,
        u1_0.created_at,
        u1_0.DateofBirth,
        u1_0.Email,
        u1_0.Full_name,
        u1_0.Last_name,
        u1_0.Password_hash,
        u1_0.Phone_number,
        u1_0.Profile_image,
        u1_0.ROLE,
        u1_0.STATUS,
        u1_0.updated_at 
    from
        users u1_0 
    where
        u1_0.Email=?
Hibernate: 
    select
        j1_0.id,
        j1_0.address,
        j1_0.assigned_at,
        j1_0.booking_type,
        j1_0.category,
        j1_0.completed_at,
        j1_0.created_at,
        j1_0.customer_name,
        j1_0.customer_phone,
        j1_0.customer_user_id,
        j1_0.description,
        j1_0.lat,
        j1_0.lng,
        j1_0.notes,
        j1_0.scheduled_at,
        j1_0.starting_price,
        j1_0.status,
        j1_0.technician_id 
    from
        job j1_0
Hibernate: 
    select
        u1_0.Userid,
        u1_0.created_at,
        u1_0.DateofBirth,
        u1_0.Email,
        u1_0.Full_name,
        u1_0.Last_name,
        u1_0.Password_hash,
        u1_0.Phone_number,
        u1_0.Profile_image,
        u1_0.ROLE,
        u1_0.STATUS,
        u1_0.updated_at 
    from
        users u1_0 
    where
        u1_0.Email=?
Hibernate: 
    select
        n1_0.notification_id,
        n1_0.created_at,
        n1_0.is_read,
        n1_0.job_id,
        n1_0.message,
        n1_0.message_km,
        n1_0.title,
        n1_0.title_km,
        n1_0.type,
        n1_0.user_id 
    from
        notification n1_0 
    where
        n1_0.user_id=? 
    order by
        n1_0.created_at desc
Hibernate: 
    select
        u1_0.Userid,
        u1_0.created_at,
        u1_0.DateofBirth,
        u1_0.Email,
        u1_0.Full_name,
        u1_0.Last_name,
        u1_0.Password_hash,
        u1_0.Phone_number,
        u1_0.Profile_image,
        u1_0.ROLE,
        u1_0.STATUS,
        u1_0.updated_at 
    from
        users u1_0 
    where
        u1_0.Email=?
Hibernate: 
    select
        j1_0.id,
        j1_0.address,
        j1_0.assigned_at,
        j1_0.booking_type,
        j1_0.category,
        j1_0.completed_at,
        j1_0.created_at,
        j1_0.customer_name,
        j1_0.customer_phone,
        j1_0.customer_user_id,
        j1_0.description,
        j1_0.lat,
        j1_0.lng,
        j1_0.notes,
        j1_0.scheduled_at,
        j1_0.starting_price,
        j1_0.status,
        j1_0.technician_id 
    from
        job j1_0
Hibernate: 
    select
        u1_0.Userid,
        u1_0.created_at,
        u1_0.DateofBirth,
        u1_0.Email,
        u1_0.Full_name,
        u1_0.Last_name,
        u1_0.Password_hash,
        u1_0.Phone_number,
        u1_0.Profile_image,
        u1_0.ROLE,
        u1_0.STATUS,
        u1_0.updated_at 
    from
        users u1_0 
    where
        u1_0.Email=?
Hibernate: 
    select
        n1_0.notification_id,
        n1_0.created_at,
        n1_0.is_read,
        n1_0.job_id,
        n1_0.message,
        n1_0.message_km,
        n1_0.title,
        n1_0.title_km,
        n1_0.type,
        n1_0.user_id 
    from
        notification n1_0 
    where
        n1_0.user_id=? 
    order by
        n1_0.created_at desc
Hibernate: 
    select
        u1_0.Userid,
        u1_0.created_at,
        u1_0.DateofBirth,
        u1_0.Email,
        u1_0.Full_name,
        u1_0.Last_name,
        u1_0.Password_hash,
        u1_0.Phone_number,
        u1_0.Profile_image,
        u1_0.ROLE,
        u1_0.STATUS,
        u1_0.updated_at 
    from
        users u1_0 
    where
        u1_0.Email=?
Hibernate: 
    select
        j1_0.id,
        j1_0.address,
        j1_0.assigned_at,
        j1_0.booking_type,
        j1_0.category,
        j1_0.completed_at,
        j1_0.created_at,
        j1_0.customer_name,
        j1_0.customer_phone,
        j1_0.customer_user_id,
        j1_0.description,
        j1_0.lat,
        j1_0.lng,
        j1_0.notes,
        j1_0.scheduled_at,
        j1_0.starting_price,
        j1_0.status,
        j1_0.technician_id 
    from
        job j1_0
Hibernate: 
    select
        u1_0.Userid,
        u1_0.created_at,
        u1_0.DateofBirth,
        u1_0.Email,
        u1_0.Full_name,
        u1_0.Last_name,
        u1_0.Password_hash,
        u1_0.Phone_number,
        u1_0.Profile_image,
        u1_0.ROLE,
        u1_0.STATUS,
        u1_0.updated_at 
    from
        users u1_0 
    where
        u1_0.Email=?
Hibernate: 
    select
        n1_0.notification_id,
        n1_0.created_at,
        n1_0.is_read,
        n1_0.job_id,
        n1_0.message,
        n1_0.message_km,
        n1_0.title,
        n1_0.title_km,
        n1_0.type,
        n1_0.user_id 
    from
        notification n1_0 
    where
        n1_0.user_id=? 
    order by
        n1_0.created_at desc
Hibernate: 
    select
        u1_0.Userid,
        u1_0.created_at,
        u1_0.DateofBirth,
        u1_0.Email,
        u1_0.Full_name,
        u1_0.Last_name,
        u1_0.Password_hash,
        u1_0.Phone_number,
        u1_0.Profile_image,
        u1_0.ROLE,
        u1_0.STATUS,
        u1_0.updated_at 
    from
        users u1_0 
    where
        u1_0.Email=?
Hibernate: 
    select
        j1_0.id,
        j1_0.address,
        j1_0.assigned_at,
        j1_0.booking_type,
        j1_0.category,
        j1_0.completed_at,
        j1_0.created_at,
        j1_0.customer_name,
        j1_0.customer_phone,
        j1_0.customer_user_id,
        j1_0.description,
        j1_0.lat,
        j1_0.lng,
        j1_0.notes,
        j1_0.scheduled_at,
        j1_0.starting_price,
        j1_0.status,
        j1_0.technician_id 
    from
        job j1_0
Hibernate: 
    select
        u1_0.Userid,
        u1_0.created_at,
        u1_0.DateofBirth,
        u1_0.Email,
        u1_0.Full_name,
        u1_0.Last_name,
        u1_0.Password_hash,
        u1_0.Phone_number,
        u1_0.Profile_image,
        u1_0.ROLE,
        u1_0.STATUS,
        u1_0.updated_at 
    from
        users u1_0 
    where
        u1_0.Email=?
Hibernate: 
    select
        n1_0.notification_id,
        n1_0.created_at,
        n1_0.is_read,
        n1_0.job_id,
        n1_0.message,
        n1_0.message_km,
        n1_0.title,
        n1_0.title_km,
        n1_0.type,
        n1_0.user_id 
    from
        notification n1_0 
    where
        n1_0.user_id=? 
    order by
        n1_0.created_at desc
Hibernate: 
    select
        u1_0.Userid,
        u1_0.created_at,
        u1_0.DateofBirth,
        u1_0.Email,
        u1_0.Full_name,
        u1_0.Last_name,
        u1_0.Password_hash,
        u1_0.Phone_number,
        u1_0.Profile_image,
        u1_0.ROLE,
        u1_0.STATUS,
        u1_0.updated_at 
    from
        users u1_0 
    where
        u1_0.Email=?
Hibernate: 
    select
        j1_0.id,
        j1_0.address,
        j1_0.assigned_at,
        j1_0.booking_type,
        j1_0.category,
        j1_0.completed_at,
        j1_0.created_at,
        j1_0.customer_name,
        j1_0.customer_phone,
        j1_0.customer_user_id,
        j1_0.description,
        j1_0.lat,
        j1_0.lng,
        j1_0.notes,
        j1_0.scheduled_at,
        j1_0.starting_price,
        j1_0.status,
        j1_0.technician_id 
    from
        job j1_0
Hibernate: 
    select
        u1_0.Userid,
        u1_0.created_at,
        u1_0.DateofBirth,
        u1_0.Email,
        u1_0.Full_name,
        u1_0.Last_name,
        u1_0.Password_hash,
        u1_0.Phone_number,
        u1_0.Profile_image,
        u1_0.ROLE,
        u1_0.STATUS,
        u1_0.updated_at 
    from
        users u1_0 
    where
        u1_0.Email=?
Hibernate: 
    select
        j1_0.id,
        j1_0.address,
        j1_0.assigned_at,
        j1_0.booking_type,
        j1_0.category,
        j1_0.completed_at,
        j1_0.created_at,
        j1_0.customer_name,
        j1_0.customer_phone,
        j1_0.customer_user_id,
        j1_0.description,
        j1_0.lat,
        j1_0.lng,
        j1_0.notes,
        j1_0.scheduled_at,
        j1_0.starting_price,
        j1_0.status,
        j1_0.technician_id 
    from
        job j1_0
Hibernate: 
    select
        u1_0.Userid,
        u1_0.created_at,
        u1_0.DateofBirth,
        u1_0.Email,
        u1_0.Full_name,
        u1_0.Last_name,
        u1_0.Password_hash,
        u1_0.Phone_number,
        u1_0.Profile_image,
        u1_0.ROLE,
        u1_0.STATUS,
        u1_0.updated_at 
    from
        users u1_0 
    where
        u1_0.Email=?
Hibernate: 
    select
        n1_0.notification_id,
        n1_0.created_at,
        n1_0.is_read,
        n1_0.job_id,
        n1_0.message,
        n1_0.message_km,
        n1_0.title,
        n1_0.title_km,
        n1_0.type,
        n1_0.user_id 
    from
        notification n1_0 
    where
        n1_0.user_id=? 
    order by
        n1_0.created_at desc
Hibernate: 
    select
        u1_0.Userid,
        u1_0.created_at,
        u1_0.DateofBirth,
        u1_0.Email,
        u1_0.Full_name,
        u1_0.Last_name,
        u1_0.Password_hash,
        u1_0.Phone_number,
        u1_0.Profile_image,
        u1_0.ROLE,
        u1_0.STATUS,
        u1_0.updated_at 
    from
        users u1_0 
    where
        u1_0.Email=?
Hibernate: 
    select
        j1_0.id,
        j1_0.address,
        j1_0.assigned_at,
        j1_0.booking_type,
        j1_0.category,
        j1_0.completed_at,
        j1_0.created_at,
        j1_0.customer_name,
        j1_0.customer_phone,
        j1_0.customer_user_id,
        j1_0.description,
        j1_0.lat,
        j1_0.lng,
        j1_0.notes,
        j1_0.scheduled_at,
        j1_0.starting_price,
        j1_0.status,
        j1_0.technician_id 
    from
        job j1_0
Hibernate: 
    select
        u1_0.Userid,
        u1_0.created_at,
        u1_0.DateofBirth,
        u1_0.Email,
        u1_0.Full_name,
        u1_0.Last_name,
        u1_0.Password_hash,
        u1_0.Phone_number,
        u1_0.Profile_image,
        u1_0.ROLE,
        u1_0.STATUS,
        u1_0.updated_at 
    from
        users u1_0 
    where
        u1_0.Email=?
Hibernate: 
    select
        n1_0.notification_id,
        n1_0.created_at,
        n1_0.is_read,
        n1_0.job_id,
        n1_0.message,
        n1_0.message_km,
        n1_0.title,
        n1_0.title_km,
        n1_0.type,
        n1_0.user_id 
    from
        notification n1_0 
    where
        n1_0.user_id=? 
    order by
        n1_0.created_at desc
Hibernate: 
    select
        u1_0.Userid,
        u1_0.created_at,
        u1_0.DateofBirth,
        u1_0.Email,
        u1_0.Full_name,
        u1_0.Last_name,
        u1_0.Password_hash,
        u1_0.Phone_number,
        u1_0.Profile_image,
        u1_0.ROLE,
        u1_0.STATUS,
        u1_0.updated_at 
    from
        users u1_0 
    where
        u1_0.Email=?
Hibernate: 
    select
        j1_0.id,
        j1_0.address,
        j1_0.assigned_at,
        j1_0.booking_type,
        j1_0.category,
        j1_0.completed_at,
        j1_0.created_at,
        j1_0.customer_name,
        j1_0.customer_phone,
        j1_0.customer_user_id,
        j1_0.description,
        j1_0.lat,
        j1_0.lng,
        j1_0.notes,
        j1_0.scheduled_at,
        j1_0.starting_price,
        j1_0.status,
        j1_0.technician_id 
    from
        job j1_0
Hibernate: 
    select
        u1_0.Userid,
        u1_0.created_at,
        u1_0.DateofBirth,
        u1_0.Email,
        u1_0.Full_name,
        u1_0.Last_name,
        u1_0.Password_hash,
        u1_0.Phone_number,
        u1_0.Profile_image,
        u1_0.ROLE,
        u1_0.STATUS,
        u1_0.updated_at 
    from
        users u1_0 
    where
        u1_0.Email=?
Hibernate: 
    select
        n1_0.notification_id,
        n1_0.created_at,
        n1_0.is_read,
        n1_0.job_id,
        n1_0.message,
        n1_0.message_km,
        n1_0.title,
        n1_0.title_km,
        n1_0.type,
        n1_0.user_id 
    from
        notification n1_0 
    where
        n1_0.user_id=? 
    order by
        n1_0.created_at desc
Hibernate: 
    select
        u1_0.Userid,
        u1_0.created_at,
        u1_0.DateofBirth,
        u1_0.Email,
        u1_0.Full_name,
        u1_0.Last_name,
        u1_0.Password_hash,
        u1_0.Phone_number,
        u1_0.Profile_image,
        u1_0.ROLE,
        u1_0.STATUS,
        u1_0.updated_at 
    from
        users u1_0 
    where
        u1_0.Email=?
Hibernate: 
    select
        j1_0.id,
        j1_0.address,
        j1_0.assigned_at,
        j1_0.booking_type,
        j1_0.category,
        j1_0.completed_at,
        j1_0.created_at,
        j1_0.customer_name,
        j1_0.customer_phone,
        j1_0.customer_user_id,
        j1_0.description,
        j1_0.lat,
        j1_0.lng,
        j1_0.notes,
        j1_0.scheduled_at,
        j1_0.starting_price,
        j1_0.status,
        j1_0.technician_id 
    from
        job j1_0
Hibernate: 
    select
        u1_0.Userid,
        u1_0.created_at,
        u1_0.DateofBirth,
        u1_0.Email,
        u1_0.Full_name,
        u1_0.Last_name,
        u1_0.Password_hash,
        u1_0.Phone_number,
        u1_0.Profile_image,
        u1_0.ROLE,
        u1_0.STATUS,
        u1_0.updated_at 
    from
        users u1_0 
    where
        u1_0.Email=?
Hibernate: 
    select
        n1_0.notification_id,
        n1_0.created_at,
        n1_0.is_read,
        n1_0.job_id,
        n1_0.message,
        n1_0.message_km,
        n1_0.title,
        n1_0.title_km,
        n1_0.type,
        n1_0.user_id 
    from
        notification n1_0 
    where
        n1_0.user_id=? 
    order by
        n1_0.created_at desc
Hibernate: 
    select
        u1_0.Userid,
        u1_0.created_at,
        u1_0.DateofBirth,
        u1_0.Email,
        u1_0.Full_name,
        u1_0.Last_name,
        u1_0.Password_hash,
        u1_0.Phone_number,
        u1_0.Profile_image,
        u1_0.ROLE,
        u1_0.STATUS,
        u1_0.updated_at 
    from
        users u1_0 
    where
        u1_0.Email=?
Hibernate: 
    select
        j1_0.id,
        j1_0.address,
        j1_0.assigned_at,
        j1_0.booking_type,
        j1_0.category,
        j1_0.completed_at,
        j1_0.created_at,
        j1_0.customer_name,
        j1_0.customer_phone,
        j1_0.customer_user_id,
        j1_0.description,
        j1_0.lat,
        j1_0.lng,
        j1_0.notes,
        j1_0.scheduled_at,
        j1_0.starting_price,
        j1_0.status,
        j1_0.technician_id 
    from
        job j1_0
Hibernate: 
    select
        u1_0.Userid,
        u1_0.created_at,
        u1_0.DateofBirth,
        u1_0.Email,
        u1_0.Full_name,
        u1_0.Last_name,
        u1_0.Password_hash,
        u1_0.Phone_number,
        u1_0.Profile_image,
        u1_0.ROLE,
        u1_0.STATUS,
        u1_0.updated_at 
    from
        users u1_0 
    where
        u1_0.Email=?
Hibernate: 
    select
        j1_0.id,
        j1_0.address,
        j1_0.assigned_at,
        j1_0.booking_type,
        j1_0.category,
        j1_0.completed_at,
        j1_0.created_at,
        j1_0.customer_name,
        j1_0.customer_phone,
        j1_0.customer_user_id,
        j1_0.description,
        j1_0.lat,
        j1_0.lng,
        j1_0.notes,
        j1_0.scheduled_at,
        j1_0.starting_price,
        j1_0.status,
        j1_0.technician_id 
    from
        job j1_0
Hibernate: 
    select
        u1_0.Userid,
        u1_0.created_at,
        u1_0.DateofBirth,
        u1_0.Email,
        u1_0.Full_name,
        u1_0.Last_name,
        u1_0.Password_hash,
        u1_0.Phone_number,
        u1_0.Profile_image,
        u1_0.ROLE,
        u1_0.STATUS,
        u1_0.updated_at 
    from
        users u1_0 
    where
        u1_0.Email=?
Hibernate: 
    select
        n1_0.notification_id,
        n1_0.created_at,
        n1_0.is_read,
        n1_0.job_id,
        n1_0.message,
        n1_0.message_km,
        n1_0.title,
        n1_0.title_km,
        n1_0.type,
        n1_0.user_id 
    from
        notification n1_0 
    where
        n1_0.user_id=? 
    order by
        n1_0.created_at desc
Hibernate: 
    select
        u1_0.Userid,
        u1_0.created_at,
        u1_0.DateofBirth,
        u1_0.Email,
        u1_0.Full_name,
        u1_0.Last_name,
        u1_0.Password_hash,
        u1_0.Phone_number,
        u1_0.Profile_image,
        u1_0.ROLE,
        u1_0.STATUS,
        u1_0.updated_at 
    from
        users u1_0 
    where
        u1_0.Email=?
Hibernate: 
    select
        j1_0.id,
        j1_0.address,
        j1_0.assigned_at,
        j1_0.booking_type,
        j1_0.category,
        j1_0.completed_at,
        j1_0.created_at,
        j1_0.customer_name,
        j1_0.customer_phone,
        j1_0.customer_user_id,
        j1_0.description,
        j1_0.lat,
        j1_0.lng,
        j1_0.notes,
        j1_0.scheduled_at,
        j1_0.starting_price,
        j1_0.status,
        j1_0.technician_id 
    from
        job j1_0
Hibernate: 
    select
        u1_0.Userid,
        u1_0.created_at,
        u1_0.DateofBirth,
        u1_0.Email,
        u1_0.Full_name,
        u1_0.Last_name,
        u1_0.Password_hash,
        u1_0.Phone_number,
        u1_0.Profile_image,
        u1_0.ROLE,
        u1_0.STATUS,
        u1_0.updated_at 
    from
        users u1_0 
    where
        u1_0.Email=?
Hibernate: 
    select
        n1_0.notification_id,
        n1_0.created_at,
        n1_0.is_read,
        n1_0.job_id,
        n1_0.message,
        n1_0.message_km,
        n1_0.title,
        n1_0.title_km,
        n1_0.type,
        n1_0.user_id 
    from
        notification n1_0 
    where
        n1_0.user_id=? 
    order by
        n1_0.created_at desc
Hibernate: 
    select
        u1_0.Userid,
        u1_0.created_at,
        u1_0.DateofBirth,
        u1_0.Email,
        u1_0.Full_name,
        u1_0.Last_name,
        u1_0.Password_hash,
        u1_0.Phone_number,
        u1_0.Profile_image,
        u1_0.ROLE,
        u1_0.STATUS,
        u1_0.updated_at 
    from
        users u1_0 
    where
        u1_0.Email=?
Hibernate: 
    select
        j1_0.id,
        j1_0.address,
        j1_0.assigned_at,
        j1_0.booking_type,
        j1_0.category,
        j1_0.completed_at,
        j1_0.created_at,
        j1_0.customer_name,
        j1_0.customer_phone,
        j1_0.customer_user_id,
        j1_0.description,
        j1_0.lat,
        j1_0.lng,
        j1_0.notes,
        j1_0.scheduled_at,
        j1_0.starting_price,
        j1_0.status,
        j1_0.technician_id 
    from
        job j1_0
Hibernate: 
    select
        u1_0.Userid,
        u1_0.created_at,
        u1_0.DateofBirth,
        u1_0.Email,
        u1_0.Full_name,
        u1_0.Last_name,
        u1_0.Password_hash,
        u1_0.Phone_number,
        u1_0.Profile_image,
        u1_0.ROLE,
        u1_0.STATUS,
        u1_0.updated_at 
    from
        users u1_0 
    where
        u1_0.Email=?
Hibernate: 
    select
        n1_0.notification_id,
        n1_0.created_at,
        n1_0.is_read,
        n1_0.job_id,
        n1_0.message,
        n1_0.message_km,
        n1_0.title,
        n1_0.title_km,
        n1_0.type,
        n1_0.user_id 
    from
        notification n1_0 
    where
        n1_0.user_id=? 
    order by
        n1_0.created_at desc
Hibernate: 
    select
        u1_0.Userid,
        u1_0.created_at,
        u1_0.DateofBirth,
        u1_0.Email,
        u1_0.Full_name,
        u1_0.Last_name,
        u1_0.Password_hash,
        u1_0.Phone_number,
        u1_0.Profile_image,
        u1_0.ROLE,
        u1_0.STATUS,
        u1_0.updated_at 
    from
        users u1_0 
    where
        u1_0.Email=?
Hibernate: 
    select
        j1_0.id,
        j1_0.address,
        j1_0.assigned_at,
        j1_0.booking_type,
        j1_0.category,
        j1_0.completed_at,
        j1_0.created_at,
        j1_0.customer_name,
        j1_0.customer_phone,
        j1_0.customer_user_id,
        j1_0.description,
        j1_0.lat,
        j1_0.lng,
        j1_0.notes,
        j1_0.scheduled_at,
        j1_0.starting_price,
        j1_0.status,
        j1_0.technician_id 
    from
        job j1_0
Hibernate: 
    select
        u1_0.Userid,
        u1_0.created_at,
        u1_0.DateofBirth,
        u1_0.Email,
        u1_0.Full_name,
        u1_0.Last_name,
        u1_0.Password_hash,
        u1_0.Phone_number,
        u1_0.Profile_image,
        u1_0.ROLE,
        u1_0.STATUS,
        u1_0.updated_at 
    from
        users u1_0 
    where
        u1_0.Email=?
Hibernate: 
    select
        n1_0.notification_id,
        n1_0.created_at,
        n1_0.is_read,
        n1_0.job_id,
        n1_0.message,
        n1_0.message_km,
        n1_0.title,
        n1_0.title_km,
        n1_0.type,
        n1_0.user_id 
    from
        notification n1_0 
    where
        n1_0.user_id=? 
    order by
        n1_0.created_at desc
Hibernate: 
    select
        u1_0.Userid,
        u1_0.created_at,
        u1_0.DateofBirth,
        u1_0.Email,
        u1_0.Full_name,
        u1_0.Last_name,
        u1_0.Password_hash,
        u1_0.Phone_number,
        u1_0.Profile_image,
        u1_0.ROLE,
        u1_0.STATUS,
        u1_0.updated_at 
    from
        users u1_0 
    where
        u1_0.Email=?
Hibernate: 
    select
        j1_0.id,
        j1_0.address,
        j1_0.assigned_at,
        j1_0.booking_type,
        j1_0.category,
        j1_0.completed_at,
        j1_0.created_at,
        j1_0.customer_name,
        j1_0.customer_phone,
        j1_0.customer_user_id,
        j1_0.description,
        j1_0.lat,
        j1_0.lng,
        j1_0.notes,
        j1_0.scheduled_at,
        j1_0.starting_price,
        j1_0.status,
        j1_0.technician_id 
    from
        job j1_0
Hibernate: 
    select
        u1_0.Userid,
        u1_0.created_at,
        u1_0.DateofBirth,
        u1_0.Email,
        u1_0.Full_name,
        u1_0.Last_name,
        u1_0.Password_hash,
        u1_0.Phone_number,
        u1_0.Profile_image,
        u1_0.ROLE,
        u1_0.STATUS,
        u1_0.updated_at 
    from
        users u1_0 
    where
        u1_0.Email=?
Hibernate: 
    select
        j1_0.id,
        j1_0.address,
        j1_0.assigned_at,
        j1_0.booking_type,
        j1_0.category,
        j1_0.completed_at,
        j1_0.created_at,
        j1_0.customer_name,
        j1_0.customer_phone,
        j1_0.customer_user_id,
        j1_0.description,
        j1_0.lat,
        j1_0.lng,
        j1_0.notes,
        j1_0.scheduled_at,
        j1_0.starting_price,
        j1_0.status,
        j1_0.technician_id 
    from
        job j1_0
Hibernate: 
    select
        u1_0.Userid,
        u1_0.created_at,
        u1_0.DateofBirth,
        u1_0.Email,
        u1_0.Full_name,
        u1_0.Last_name,
        u1_0.Password_hash,
        u1_0.Phone_number,
        u1_0.Profile_image,
        u1_0.ROLE,
        u1_0.STATUS,
        u1_0.updated_at 
    from
        users u1_0 
    where
        u1_0.Email=?
Hibernate: 
    select
        n1_0.notification_id,
        n1_0.created_at,
        n1_0.is_read,
        n1_0.job_id,
        n1_0.message,
        n1_0.message_km,
        n1_0.title,
        n1_0.title_km,
        n1_0.type,
        n1_0.user_id 
    from
        notification n1_0 
    where
        n1_0.user_id=? 
    order by
        n1_0.created_at desc
Hibernate: 
    select
        u1_0.Userid,
        u1_0.created_at,
        u1_0.DateofBirth,
        u1_0.Email,
        u1_0.Full_name,
        u1_0.Last_name,
        u1_0.Password_hash,
        u1_0.Phone_number,
        u1_0.Profile_image,
        u1_0.ROLE,
        u1_0.STATUS,
        u1_0.updated_at 
    from
        users u1_0 
    where
        u1_0.Email=?
Hibernate: 
    select
        j1_0.id,
        j1_0.address,
        j1_0.assigned_at,
        j1_0.booking_type,
        j1_0.category,
        j1_0.completed_at,
        j1_0.created_at,
        j1_0.customer_name,
        j1_0.customer_phone,
        j1_0.customer_user_id,
        j1_0.description,
        j1_0.lat,
        j1_0.lng,
        j1_0.notes,
        j1_0.scheduled_at,
        j1_0.starting_price,
        j1_0.status,
        j1_0.technician_id 
    from
        job j1_0
Hibernate: 
    select
        u1_0.Userid,
        u1_0.created_at,
        u1_0.DateofBirth,
        u1_0.Email,
        u1_0.Full_name,
        u1_0.Last_name,
        u1_0.Password_hash,
        u1_0.Phone_number,
        u1_0.Profile_image,
        u1_0.ROLE,
        u1_0.STATUS,
        u1_0.updated_at 
    from
        users u1_0 
    where
        u1_0.Email=?
Hibernate: 
    select
        n1_0.notification_id,
        n1_0.created_at,
        n1_0.is_read,
        n1_0.job_id,
        n1_0.message,
        n1_0.message_km,
        n1_0.title,
        n1_0.title_km,
        n1_0.type,
        n1_0.user_id 
    from
        notification n1_0 
    where
        n1_0.user_id=? 
    order by
        n1_0.created_at desc
Hibernate: 
    select
        u1_0.Userid,
        u1_0.created_at,
        u1_0.DateofBirth,
        u1_0.Email,
        u1_0.Full_name,
        u1_0.Last_name,
        u1_0.Password_hash,
        u1_0.Phone_number,
        u1_0.Profile_image,
        u1_0.ROLE,
        u1_0.STATUS,
        u1_0.updated_at 
    from
        users u1_0 
    where
        u1_0.Email=?
Hibernate: 
    select
        j1_0.id,
        j1_0.address,
        j1_0.assigned_at,
        j1_0.booking_type,
        j1_0.category,
        j1_0.completed_at,
        j1_0.created_at,
        j1_0.customer_name,
        j1_0.customer_phone,
        j1_0.customer_user_id,
        j1_0.description,
        j1_0.lat,
        j1_0.lng,
        j1_0.notes,
        j1_0.scheduled_at,
        j1_0.starting_price,
        j1_0.status,
        j1_0.technician_id 
    from
        job j1_0
Hibernate: 
    select
        u1_0.Userid,
        u1_0.created_at,
        u1_0.DateofBirth,
        u1_0.Email,
        u1_0.Full_name,
        u1_0.Last_name,
        u1_0.Password_hash,
        u1_0.Phone_number,
        u1_0.Profile_image,
        u1_0.ROLE,
        u1_0.STATUS,
        u1_0.updated_at 
    from
        users u1_0 
    where
        u1_0.Email=?
Hibernate: 
    select
        n1_0.notification_id,
        n1_0.created_at,
        n1_0.is_read,
        n1_0.job_id,
        n1_0.message,
        n1_0.message_km,
        n1_0.title,
        n1_0.title_km,
        n1_0.type,
        n1_0.user_id 
    from
        notification n1_0 
    where
        n1_0.user_id=? 
    order by
        n1_0.created_at desc
Hibernate: 
    select
        u1_0.Userid,
        u1_0.created_at,
        u1_0.DateofBirth,
        u1_0.Email,
        u1_0.Full_name,
        u1_0.Last_name,
        u1_0.Password_hash,
        u1_0.Phone_number,
        u1_0.Profile_image,
        u1_0.ROLE,
        u1_0.STATUS,
        u1_0.updated_at 
    from
        users u1_0 
    where
        u1_0.Email=?
Hibernate: 
    select
        j1_0.id,
        j1_0.address,
        j1_0.assigned_at,
        j1_0.booking_type,
        j1_0.category,
        j1_0.completed_at,
        j1_0.created_at,
        j1_0.customer_name,
        j1_0.customer_phone,
        j1_0.customer_user_id,
        j1_0.description,
        j1_0.lat,
        j1_0.lng,
        j1_0.notes,
        j1_0.scheduled_at,
        j1_0.starting_price,
        j1_0.status,
        j1_0.technician_id 
    from
        job j1_0
Hibernate: 
    select
        u1_0.Userid,
        u1_0.created_at,
        u1_0.DateofBirth,
        u1_0.Email,
        u1_0.Full_name,
        u1_0.Last_name,
        u1_0.Password_hash,
        u1_0.Phone_number,
        u1_0.Profile_image,
        u1_0.ROLE,
        u1_0.STATUS,
        u1_0.updated_at 
    from
        users u1_0 
    where
        u1_0.Email=?
Hibernate: 
    select
        u1_0.Userid,
        u1_0.created_at,
        u1_0.DateofBirth,
        u1_0.Email,
        u1_0.Full_name,
        u1_0.Last_name,
        u1_0.Password_hash,
        u1_0.Phone_number,
        u1_0.Profile_image,
        u1_0.ROLE,
        u1_0.STATUS,
        u1_0.updated_at 
    from
        users u1_0 
    where
        u1_0.Email=?
Hibernate: 
    select
        n1_0.notification_id,
        n1_0.created_at,
        n1_0.is_read,
        n1_0.job_id,
        n1_0.message,
        n1_0.message_km,
        n1_0.title,
        n1_0.title_km,
        n1_0.type,
        n1_0.user_id 
    from
        notification n1_0 
    where
        n1_0.user_id=? 
    order by
        n1_0.created_at desc
Hibernate: 
    select
        j1_0.id,
        j1_0.address,
        j1_0.assigned_at,
        j1_0.booking_type,
        j1_0.category,
        j1_0.completed_at,
        j1_0.created_at,
        j1_0.customer_name,
        j1_0.customer_phone,
        j1_0.customer_user_id,
        j1_0.description,
        j1_0.lat,
        j1_0.lng,
        j1_0.notes,
        j1_0.scheduled_at,
        j1_0.starting_price,
        j1_0.status,
        j1_0.technician_id 
    from
        job j1_0
Hibernate: 
    select
        u1_0.Userid,
        u1_0.created_at,
        u1_0.DateofBirth,
        u1_0.Email,
        u1_0.Full_name,
        u1_0.Last_name,
        u1_0.Password_hash,
        u1_0.Phone_number,
        u1_0.Profile_image,
        u1_0.ROLE,
        u1_0.STATUS,
        u1_0.updated_at 
    from
        users u1_0 
    where
        u1_0.Email=?
Hibernate: 
    select
        j1_0.id,
        j1_0.address,
        j1_0.assigned_at,
        j1_0.booking_type,
        j1_0.category,
        j1_0.completed_at,
        j1_0.created_at,
        j1_0.customer_name,
        j1_0.customer_phone,
        j1_0.customer_user_id,
        j1_0.description,
        j1_0.lat,
        j1_0.lng,
        j1_0.notes,
        j1_0.scheduled_at,
        j1_0.starting_price,
        j1_0.status,
        j1_0.technician_id 
    from
        job j1_0
Hibernate: 
    select
        u1_0.Userid,
        u1_0.created_at,
        u1_0.DateofBirth,
        u1_0.Email,
        u1_0.Full_name,
        u1_0.Last_name,
        u1_0.Password_hash,
        u1_0.Phone_number,
        u1_0.Profile_image,
        u1_0.ROLE,
        u1_0.STATUS,
        u1_0.updated_at 
    from
        users u1_0 
    where
        u1_0.Email=?
Hibernate: 
    select
        n1_0.notification_id,
        n1_0.created_at,
        n1_0.is_read,
        n1_0.job_id,
        n1_0.message,
        n1_0.message_km,
        n1_0.title,
        n1_0.title_km,
        n1_0.type,
        n1_0.user_id 
    from
        notification n1_0 
    where
        n1_0.user_id=? 
    order by
        n1_0.created_at desc
Hibernate: 
    select
        u1_0.Userid,
        u1_0.created_at,
        u1_0.DateofBirth,
        u1_0.Email,
        u1_0.Full_name,
        u1_0.Last_name,
        u1_0.Password_hash,
        u1_0.Phone_number,
        u1_0.Profile_image,
        u1_0.ROLE,
        u1_0.STATUS,
        u1_0.updated_at 
    from
        users u1_0 
    where
        u1_0.Email=?
Hibernate: 
    select
        j1_0.id,
        j1_0.address,
        j1_0.assigned_at,
        j1_0.booking_type,
        j1_0.category,
        j1_0.completed_at,
        j1_0.created_at,
        j1_0.customer_name,
        j1_0.customer_phone,
        j1_0.customer_user_id,
        j1_0.description,
        j1_0.lat,
        j1_0.lng,
        j1_0.notes,
        j1_0.scheduled_at,
        j1_0.starting_price,
        j1_0.status,
        j1_0.technician_id 
    from
        job j1_0
Hibernate: 
    select
        u1_0.Userid,
        u1_0.created_at,
        u1_0.DateofBirth,
        u1_0.Email,
        u1_0.Full_name,
        u1_0.Last_name,
        u1_0.Password_hash,
        u1_0.Phone_number,
        u1_0.Profile_image,
        u1_0.ROLE,
        u1_0.STATUS,
        u1_0.updated_at 
    from
        users u1_0 
    where
        u1_0.Email=?
Hibernate: 
    select
        n1_0.notification_id,
        n1_0.created_at,
        n1_0.is_read,
        n1_0.job_id,
        n1_0.message,
        n1_0.message_km,
        n1_0.title,
        n1_0.title_km,
        n1_0.type,
        n1_0.user_id 
    from
        notification n1_0 
    where
        n1_0.user_id=? 
    order by
        n1_0.created_at desc
Hibernate: 
    select
        u1_0.Userid,
        u1_0.created_at,
        u1_0.DateofBirth,
        u1_0.Email,
        u1_0.Full_name,
        u1_0.Last_name,
        u1_0.Password_hash,
        u1_0.Phone_number,
        u1_0.Profile_image,
        u1_0.ROLE,
        u1_0.STATUS,
        u1_0.updated_at 
    from
        users u1_0 
    where
        u1_0.Email=?
Hibernate: 
    select
        j1_0.id,
        j1_0.address,
        j1_0.assigned_at,
        j1_0.booking_type,
        j1_0.category,
        j1_0.completed_at,
        j1_0.created_at,
        j1_0.customer_name,
        j1_0.customer_phone,
        j1_0.customer_user_id,
        j1_0.description,
        j1_0.lat,
        j1_0.lng,
        j1_0.notes,
        j1_0.scheduled_at,
        j1_0.starting_price,
        j1_0.status,
        j1_0.technician_id 
    from
        job j1_0
Hibernate: 
    select
        u1_0.Userid,
        u1_0.created_at,
        u1_0.DateofBirth,
        u1_0.Email,
        u1_0.Full_name,
        u1_0.Last_name,
        u1_0.Password_hash,
        u1_0.Phone_number,
        u1_0.Profile_image,
        u1_0.ROLE,
        u1_0.STATUS,
        u1_0.updated_at 
    from
        users u1_0 
    where
        u1_0.Email=?
Hibernate: 
    select
        n1_0.notification_id,
        n1_0.created_at,
        n1_0.is_read,
        n1_0.job_id,
        n1_0.message,
        n1_0.message_km,
        n1_0.title,
        n1_0.title_km,
        n1_0.type,
        n1_0.user_id 
    from
        notification n1_0 
    where
        n1_0.user_id=? 
    order by
        n1_0.created_at desc
Hibernate: 
    select
        u1_0.Userid,
        u1_0.created_at,
        u1_0.DateofBirth,
        u1_0.Email,
        u1_0.Full_name,
        u1_0.Last_name,
        u1_0.Password_hash,
        u1_0.Phone_number,
        u1_0.Profile_image,
        u1_0.ROLE,
        u1_0.STATUS,
        u1_0.updated_at 
    from
        users u1_0 
    where
        u1_0.Email=?
Hibernate: 
    select
        j1_0.id,
        j1_0.address,
        j1_0.assigned_at,
        j1_0.booking_type,
        j1_0.category,
        j1_0.completed_at,
        j1_0.created_at,
        j1_0.customer_name,
        j1_0.customer_phone,
        j1_0.customer_user_id,
        j1_0.description,
        j1_0.lat,
        j1_0.lng,
        j1_0.notes,
        j1_0.scheduled_at,
        j1_0.starting_price,
        j1_0.status,
        j1_0.technician_id 
    from
        job j1_0
Hibernate: 
    select
        u1_0.Userid,
        u1_0.created_at,
        u1_0.DateofBirth,
        u1_0.Email,
        u1_0.Full_name,
        u1_0.Last_name,
        u1_0.Password_hash,
        u1_0.Phone_number,
        u1_0.Profile_image,
        u1_0.ROLE,
        u1_0.STATUS,
        u1_0.updated_at 
    from
        users u1_0 
    where
        u1_0.Email=?
Hibernate: 
    select
        u1_0.Userid,
        u1_0.created_at,
        u1_0.DateofBirth,
        u1_0.Email,
        u1_0.Full_name,
        u1_0.Last_name,
        u1_0.Password_hash,
        u1_0.Phone_number,
        u1_0.Profile_image,
        u1_0.ROLE,
        u1_0.STATUS,
        u1_0.updated_at 
    from
        users u1_0 
    where
        u1_0.Email=?
Hibernate: 
    select
        n1_0.notification_id,
        n1_0.created_at,
        n1_0.is_read,
        n1_0.job_id,
        n1_0.message,
        n1_0.message_km,
        n1_0.title,
        n1_0.title_km,
        n1_0.type,
        n1_0.user_id 
    from
        notification n1_0 
    where
        n1_0.user_id=? 
    order by
        n1_0.created_at desc
Hibernate: 
    select
        j1_0.id,
        j1_0.address,
        j1_0.assigned_at,
        j1_0.booking_type,
        j1_0.category,
        j1_0.completed_at,
        j1_0.created_at,
        j1_0.customer_name,
        j1_0.customer_phone,
        j1_0.customer_user_id,
        j1_0.description,
        j1_0.lat,
        j1_0.lng,
        j1_0.notes,
        j1_0.scheduled_at,
        j1_0.starting_price,
        j1_0.status,
        j1_0.technician_id 
    from
        job j1_0
Hibernate: 
    select
        u1_0.Userid,
        u1_0.created_at,
        u1_0.DateofBirth,
        u1_0.Email,
        u1_0.Full_name,
        u1_0.Last_name,
        u1_0.Password_hash,
        u1_0.Phone_number,
        u1_0.Profile_image,
        u1_0.ROLE,
        u1_0.STATUS,
        u1_0.updated_at 
    from
        users u1_0 
    where
        u1_0.Email=?
Hibernate: 
    select
        j1_0.id,
        j1_0.address,
        j1_0.assigned_at,
        j1_0.booking_type,
        j1_0.category,
        j1_0.completed_at,
        j1_0.created_at,
        j1_0.customer_name,
        j1_0.customer_phone,
        j1_0.customer_user_id,
        j1_0.description,
        j1_0.lat,
        j1_0.lng,
        j1_0.notes,
        j1_0.scheduled_at,
        j1_0.starting_price,
        j1_0.status,
        j1_0.technician_id 
    from
        job j1_0
Hibernate: 
    select
        u1_0.Userid,
        u1_0.created_at,
        u1_0.DateofBirth,
        u1_0.Email,
        u1_0.Full_name,
        u1_0.Last_name,
        u1_0.Password_hash,
        u1_0.Phone_number,
        u1_0.Profile_image,
        u1_0.ROLE,
        u1_0.STATUS,
        u1_0.updated_at 
    from
        users u1_0 
    where
        u1_0.Email=?
Hibernate: 
    select
        n1_0.notification_id,
        n1_0.created_at,
        n1_0.is_read,
        n1_0.job_id,
        n1_0.message,
        n1_0.message_km,
        n1_0.title,
        n1_0.title_km,
        n1_0.type,
        n1_0.user_id 
    from
        notification n1_0 
    where
        n1_0.user_id=? 
    order by
        n1_0.created_at desc
Hibernate: 
    select
        u1_0.Userid,
        u1_0.created_at,
        u1_0.DateofBirth,
        u1_0.Email,
        u1_0.Full_name,
        u1_0.Last_name,
        u1_0.Password_hash,
        u1_0.Phone_number,
        u1_0.Profile_image,
        u1_0.ROLE,
        u1_0.STATUS,
        u1_0.updated_at 
    from
        users u1_0 
    where
        u1_0.Email=?
Hibernate: 
    select
        j1_0.id,
        j1_0.address,
        j1_0.assigned_at,
        j1_0.booking_type,
        j1_0.category,
        j1_0.completed_at,
        j1_0.created_at,
        j1_0.customer_name,
        j1_0.customer_phone,
        j1_0.customer_user_id,
        j1_0.description,
        j1_0.lat,
        j1_0.lng,
        j1_0.notes,
        j1_0.scheduled_at,
        j1_0.starting_price,
        j1_0.status,
        j1_0.technician_id 
    from
        job j1_0
Hibernate: 
    select
        u1_0.Userid,
        u1_0.created_at,
        u1_0.DateofBirth,
        u1_0.Email,
        u1_0.Full_name,
        u1_0.Last_name,
        u1_0.Password_hash,
        u1_0.Phone_number,
        u1_0.Profile_image,
        u1_0.ROLE,
        u1_0.STATUS,
        u1_0.updated_at 
    from
        users u1_0 
    where
        u1_0.Email=?
Hibernate: 
    select
        n1_0.notification_id,
        n1_0.created_at,
        n1_0.is_read,
        n1_0.job_id,
        n1_0.message,
        n1_0.message_km,
        n1_0.title,
        n1_0.title_km,
        n1_0.type,
        n1_0.user_id 
    from
        notification n1_0 
    where
        n1_0.user_id=? 
    order by
        n1_0.created_at desc
Hibernate: 
    select
        u1_0.Userid,
        u1_0.created_at,
        u1_0.DateofBirth,
        u1_0.Email,
        u1_0.Full_name,
        u1_0.Last_name,
        u1_0.Password_hash,
        u1_0.Phone_number,
        u1_0.Profile_image,
        u1_0.ROLE,
        u1_0.STATUS,
        u1_0.updated_at 
    from
        users u1_0 
    where
        u1_0.Email=?
Hibernate: 
    select
        j1_0.id,
        j1_0.address,
        j1_0.assigned_at,
        j1_0.booking_type,
        j1_0.category,
        j1_0.completed_at,
        j1_0.created_at,
        j1_0.customer_name,
        j1_0.customer_phone,
        j1_0.customer_user_id,
        j1_0.description,
        j1_0.lat,
        j1_0.lng,
        j1_0.notes,
        j1_0.scheduled_at,
        j1_0.starting_price,
        j1_0.status,
        j1_0.technician_id 
    from
        job j1_0
Hibernate: 
    select
        u1_0.Userid,
        u1_0.created_at,
        u1_0.DateofBirth,
        u1_0.Email,
        u1_0.Full_name,
        u1_0.Last_name,
        u1_0.Password_hash,
        u1_0.Phone_number,
        u1_0.Profile_image,
        u1_0.ROLE,
        u1_0.STATUS,
        u1_0.updated_at 
    from
        users u1_0 
    where
        u1_0.Email=?
Hibernate: 
    select
        n1_0.notification_id,
        n1_0.created_at,
        n1_0.is_read,
        n1_0.job_id,
        n1_0.message,
        n1_0.message_km,
        n1_0.title,
        n1_0.title_km,
        n1_0.type,
        n1_0.user_id 
    from
        notification n1_0 
    where
        n1_0.user_id=? 
    order by
        n1_0.created_at desc
Hibernate: 
    select
        u1_0.Userid,
        u1_0.created_at,
        u1_0.DateofBirth,
        u1_0.Email,
        u1_0.Full_name,
        u1_0.Last_name,
        u1_0.Password_hash,
        u1_0.Phone_number,
        u1_0.Profile_image,
        u1_0.ROLE,
        u1_0.STATUS,
        u1_0.updated_at 
    from
        users u1_0 
    where
        u1_0.Email=?
Hibernate: 
    select
        j1_0.id,
        j1_0.address,
        j1_0.assigned_at,
        j1_0.booking_type,
        j1_0.category,
        j1_0.completed_at,
        j1_0.created_at,
        j1_0.customer_name,
        j1_0.customer_phone,
        j1_0.customer_user_id,
        j1_0.description,
        j1_0.lat,
        j1_0.lng,
        j1_0.notes,
        j1_0.scheduled_at,
        j1_0.starting_price,
        j1_0.status,
        j1_0.technician_id 
    from
        job j1_0
Hibernate: 
    select
        u1_0.Userid,
        u1_0.created_at,
        u1_0.DateofBirth,
        u1_0.Email,
        u1_0.Full_name,
        u1_0.Last_name,
        u1_0.Password_hash,
        u1_0.Phone_number,
        u1_0.Profile_image,
        u1_0.ROLE,
        u1_0.STATUS,
        u1_0.updated_at 
    from
        users u1_0 
    where
        u1_0.Email=?
Hibernate: 
    select
        u1_0.Userid,
        u1_0.created_at,
        u1_0.DateofBirth,
        u1_0.Email,
        u1_0.Full_name,
        u1_0.Last_name,
        u1_0.Password_hash,
        u1_0.Phone_number,
        u1_0.Profile_image,
        u1_0.ROLE,
        u1_0.STATUS,
        u1_0.updated_at 
    from
        users u1_0 
    where
        u1_0.Email=?
Hibernate: 
    select
        n1_0.notification_id,
        n1_0.created_at,
        n1_0.is_read,
        n1_0.job_id,
        n1_0.message,
        n1_0.message_km,
        n1_0.title,
        n1_0.title_km,
        n1_0.type,
        n1_0.user_id 
    from
        notification n1_0 
    where
        n1_0.user_id=? 
    order by
        n1_0.created_at desc
Hibernate: 
    select
        j1_0.id,
        j1_0.address,
        j1_0.assigned_at,
        j1_0.booking_type,
        j1_0.category,
        j1_0.completed_at,
        j1_0.created_at,
        j1_0.customer_name,
        j1_0.customer_phone,
        j1_0.customer_user_id,
        j1_0.description,
        j1_0.lat,
        j1_0.lng,
        j1_0.notes,
        j1_0.scheduled_at,
        j1_0.starting_price,
        j1_0.status,
        j1_0.technician_id 
    from
        job j1_0
Hibernate: 
    select
        u1_0.Userid,
        u1_0.created_at,
        u1_0.DateofBirth,
        u1_0.Email,
        u1_0.Full_name,
        u1_0.Last_name,
        u1_0.Password_hash,
        u1_0.Phone_number,
        u1_0.Profile_image,
        u1_0.ROLE,
        u1_0.STATUS,
        u1_0.updated_at 
    from
        users u1_0 
    where
        u1_0.Email=?
Hibernate: 
    select
        j1_0.id,
        j1_0.address,
        j1_0.assigned_at,
        j1_0.booking_type,
        j1_0.category,
        j1_0.completed_at,
        j1_0.created_at,
        j1_0.customer_name,
        j1_0.customer_phone,
        j1_0.customer_user_id,
        j1_0.description,
        j1_0.lat,
        j1_0.lng,
        j1_0.notes,
        j1_0.scheduled_at,
        j1_0.starting_price,
        j1_0.status,
        j1_0.technician_id 
    from
        job j1_0
Hibernate: 
    select
        u1_0.Userid,
        u1_0.created_at,
        u1_0.DateofBirth,
        u1_0.Email,
        u1_0.Full_name,
        u1_0.Last_name,
        u1_0.Password_hash,
        u1_0.Phone_number,
        u1_0.Profile_image,
        u1_0.ROLE,
        u1_0.STATUS,
        u1_0.updated_at 
    from
        users u1_0 
    where
        u1_0.Email=?
Hibernate: 
    select
        n1_0.notification_id,
        n1_0.created_at,
        n1_0.is_read,
        n1_0.job_id,
        n1_0.message,
        n1_0.message_km,
        n1_0.title,
        n1_0.title_km,
        n1_0.type,
        n1_0.user_id 
    from
        notification n1_0 
    where
        n1_0.user_id=? 
    order by
        n1_0.created_at desc
Hibernate: 
    select
        u1_0.Userid,
        u1_0.created_at,
        u1_0.DateofBirth,
        u1_0.Email,
        u1_0.Full_name,
        u1_0.Last_name,
        u1_0.Password_hash,
        u1_0.Phone_number,
        u1_0.Profile_image,
        u1_0.ROLE,
        u1_0.STATUS,
        u1_0.updated_at 
    from
        users u1_0 
    where
        u1_0.Email=?
Hibernate: 
    select
        j1_0.id,
        j1_0.address,
        j1_0.assigned_at,
        j1_0.booking_type,
        j1_0.category,
        j1_0.completed_at,
        j1_0.created_at,
        j1_0.customer_name,
        j1_0.customer_phone,
        j1_0.customer_user_id,
        j1_0.description,
        j1_0.lat,
        j1_0.lng,
        j1_0.notes,
        j1_0.scheduled_at,
        j1_0.starting_price,
        j1_0.status,
        j1_0.technician_id 
    from
        job j1_0
Hibernate: 
    select
        u1_0.Userid,
        u1_0.created_at,
        u1_0.DateofBirth,
        u1_0.Email,
        u1_0.Full_name,
        u1_0.Last_name,
        u1_0.Password_hash,
        u1_0.Phone_number,
        u1_0.Profile_image,
        u1_0.ROLE,
        u1_0.STATUS,
        u1_0.updated_at 
    from
        users u1_0 
    where
        u1_0.Email=?
Hibernate: 
    select
        n1_0.notification_id,
        n1_0.created_at,
        n1_0.is_read,
        n1_0.job_id,
        n1_0.message,
        n1_0.message_km,
        n1_0.title,
        n1_0.title_km,
        n1_0.type,
        n1_0.user_id 
    from
        notification n1_0 
    where
        n1_0.user_id=? 
    order by
        n1_0.created_at desc
Hibernate: 
    select
        u1_0.Userid,
        u1_0.created_at,
        u1_0.DateofBirth,
        u1_0.Email,
        u1_0.Full_name,
        u1_0.Last_name,
        u1_0.Password_hash,
        u1_0.Phone_number,
        u1_0.Profile_image,
        u1_0.ROLE,
        u1_0.STATUS,
        u1_0.updated_at 
    from
        users u1_0 
    where
        u1_0.Email=?
Hibernate: 
    select
        j1_0.id,
        j1_0.address,
        j1_0.assigned_at,
        j1_0.booking_type,
        j1_0.category,
        j1_0.completed_at,
        j1_0.created_at,
        j1_0.customer_name,
        j1_0.customer_phone,
        j1_0.customer_user_id,
        j1_0.description,
        j1_0.lat,
        j1_0.lng,
        j1_0.notes,
        j1_0.scheduled_at,
        j1_0.starting_price,
        j1_0.status,
        j1_0.technician_id 
    from
        job j1_0
Hibernate: 
    select
        u1_0.Userid,
        u1_0.created_at,
        u1_0.DateofBirth,
        u1_0.Email,
        u1_0.Full_name,
        u1_0.Last_name,
        u1_0.Password_hash,
        u1_0.Phone_number,
        u1_0.Profile_image,
        u1_0.ROLE,
        u1_0.STATUS,
        u1_0.updated_at 
    from
        users u1_0 
    where
        u1_0.Email=?
Hibernate: 
    select
        n1_0.notification_id,
        n1_0.created_at,
        n1_0.is_read,
        n1_0.job_id,
        n1_0.message,
        n1_0.message_km,
        n1_0.title,
        n1_0.title_km,
        n1_0.type,
        n1_0.user_id 
    from
        notification n1_0 
    where
        n1_0.user_id=? 
    order by
        n1_0.created_at desc
Hibernate: 
    select
        u1_0.Userid,
        u1_0.created_at,
        u1_0.DateofBirth,
        u1_0.Email,
        u1_0.Full_name,
        u1_0.Last_name,
        u1_0.Password_hash,
        u1_0.Phone_number,
        u1_0.Profile_image,
        u1_0.ROLE,
        u1_0.STATUS,
        u1_0.updated_at 
    from
        users u1_0 
    where
        u1_0.Email=?
Hibernate: 
    select
        j1_0.id,
        j1_0.address,
        j1_0.assigned_at,
        j1_0.booking_type,
        j1_0.category,
        j1_0.completed_at,
        j1_0.created_at,
        j1_0.customer_name,
        j1_0.customer_phone,
        j1_0.customer_user_id,
        j1_0.description,
        j1_0.lat,
        j1_0.lng,
        j1_0.notes,
        j1_0.scheduled_at,
        j1_0.starting_price,
        j1_0.status,
        j1_0.technician_id 
    from
        job j1_0
Hibernate: 
    select
        u1_0.Userid,
        u1_0.created_at,
        u1_0.DateofBirth,
        u1_0.Email,
        u1_0.Full_name,
        u1_0.Last_name,
        u1_0.Password_hash,
        u1_0.Phone_number,
        u1_0.Profile_image,
        u1_0.ROLE,
        u1_0.STATUS,
        u1_0.updated_at 
    from
        users u1_0 
    where
        u1_0.Email=?
Hibernate: 
    select
        u1_0.Userid,
        u1_0.created_at,
        u1_0.DateofBirth,
        u1_0.Email,
        u1_0.Full_name,
        u1_0.Last_name,
        u1_0.Password_hash,
        u1_0.Phone_number,
        u1_0.Profile_image,
        u1_0.ROLE,
        u1_0.STATUS,
        u1_0.updated_at 
    from
        users u1_0 
    where
        u1_0.Email=?
Hibernate: 
    select
        n1_0.notification_id,
        n1_0.created_at,
        n1_0.is_read,
        n1_0.job_id,
        n1_0.message,
        n1_0.message_km,
        n1_0.title,
        n1_0.title_km,
        n1_0.type,
        n1_0.user_id 
    from
        notification n1_0 
    where
        n1_0.user_id=? 
    order by
        n1_0.created_at desc
Hibernate: 
    select
        j1_0.id,
        j1_0.address,
        j1_0.assigned_at,
        j1_0.booking_type,
        j1_0.category,
        j1_0.completed_at,
        j1_0.created_at,
        j1_0.customer_name,
        j1_0.customer_phone,
        j1_0.customer_user_id,
        j1_0.description,
        j1_0.lat,
        j1_0.lng,
        j1_0.notes,
        j1_0.scheduled_at,
        j1_0.starting_price,
        j1_0.status,
        j1_0.technician_id 
    from
        job j1_0
Hibernate: 
    select
        u1_0.Userid,
        u1_0.created_at,
        u1_0.DateofBirth,
        u1_0.Email,
        u1_0.Full_name,
        u1_0.Last_name,
        u1_0.Password_hash,
        u1_0.Phone_number,
        u1_0.Profile_image,
        u1_0.ROLE,
        u1_0.STATUS,
        u1_0.updated_at 
    from
        users u1_0 
    where
        u1_0.Email=?
Hibernate: 
    select
        j1_0.id,
        j1_0.address,
        j1_0.assigned_at,
        j1_0.booking_type,
        j1_0.category,
        j1_0.completed_at,
        j1_0.created_at,
        j1_0.customer_name,
        j1_0.customer_phone,
        j1_0.customer_user_id,
        j1_0.description,
        j1_0.lat,
        j1_0.lng,
        j1_0.notes,
        j1_0.scheduled_at,
        j1_0.starting_price,
        j1_0.status,
        j1_0.technician_id 
    from
        job j1_0
Hibernate: 
    select
        u1_0.Userid,
        u1_0.created_at,
        u1_0.DateofBirth,
        u1_0.Email,
        u1_0.Full_name,
        u1_0.Last_name,
        u1_0.Password_hash,
        u1_0.Phone_number,
        u1_0.Profile_image,
        u1_0.ROLE,
        u1_0.STATUS,
        u1_0.updated_at 
    from
        users u1_0 
    where
        u1_0.Email=?
Hibernate: 
    select
        n1_0.notification_id,
        n1_0.created_at,
        n1_0.is_read,
        n1_0.job_id,
        n1_0.message,
        n1_0.message_km,
        n1_0.title,
        n1_0.title_km,
        n1_0.type,
        n1_0.user_id 
    from
        notification n1_0 
    where
        n1_0.user_id=? 
    order by
        n1_0.created_at desc
Hibernate: 
    select
        u1_0.Userid,
        u1_0.created_at,
        u1_0.DateofBirth,
        u1_0.Email,
        u1_0.Full_name,
        u1_0.Last_name,
        u1_0.Password_hash,
        u1_0.Phone_number,
        u1_0.Profile_image,
        u1_0.ROLE,
        u1_0.STATUS,
        u1_0.updated_at 
    from
        users u1_0 
    where
        u1_0.Email=?
Hibernate: 
    select
        j1_0.id,
        j1_0.address,
        j1_0.assigned_at,
        j1_0.booking_type,
        j1_0.category,
        j1_0.completed_at,
        j1_0.created_at,
        j1_0.customer_name,
        j1_0.customer_phone,
        j1_0.customer_user_id,
        j1_0.description,
        j1_0.lat,
        j1_0.lng,
        j1_0.notes,
        j1_0.scheduled_at,
        j1_0.starting_price,
        j1_0.status,
        j1_0.technician_id 
    from
        job j1_0
Hibernate: 
    select
        u1_0.Userid,
        u1_0.created_at,
        u1_0.DateofBirth,
        u1_0.Email,
        u1_0.Full_name,
        u1_0.Last_name,
        u1_0.Password_hash,
        u1_0.Phone_number,
        u1_0.Profile_image,
        u1_0.ROLE,
        u1_0.STATUS,
        u1_0.updated_at 
    from
        users u1_0 
    where
        u1_0.Email=?
Hibernate: 
    select
        n1_0.notification_id,
        n1_0.created_at,
        n1_0.is_read,
        n1_0.job_id,
        n1_0.message,
        n1_0.message_km,
        n1_0.title,
        n1_0.title_km,
        n1_0.type,
        n1_0.user_id 
    from
        notification n1_0 
    where
        n1_0.user_id=? 
    order by
        n1_0.created_at desc
Hibernate: 
    select
        u1_0.Userid,
        u1_0.created_at,
        u1_0.DateofBirth,
        u1_0.Email,
        u1_0.Full_name,
        u1_0.Last_name,
        u1_0.Password_hash,
        u1_0.Phone_number,
        u1_0.Profile_image,
        u1_0.ROLE,
        u1_0.STATUS,
        u1_0.updated_at 
    from
        users u1_0 
    where
        u1_0.Email=?
Hibernate: 
    select
        j1_0.id,
        j1_0.address,
        j1_0.assigned_at,
        j1_0.booking_type,
        j1_0.category,
        j1_0.completed_at,
        j1_0.created_at,
        j1_0.customer_name,
        j1_0.customer_phone,
        j1_0.customer_user_id,
        j1_0.description,
        j1_0.lat,
        j1_0.lng,
        j1_0.notes,
        j1_0.scheduled_at,
        j1_0.starting_price,
        j1_0.status,
        j1_0.technician_id 
    from
        job j1_0
Hibernate: 
    select
        u1_0.Userid,
        u1_0.created_at,
        u1_0.DateofBirth,
        u1_0.Email,
        u1_0.Full_name,
        u1_0.Last_name,
        u1_0.Password_hash,
        u1_0.Phone_number,
        u1_0.Profile_image,
        u1_0.ROLE,
        u1_0.STATUS,
        u1_0.updated_at 
    from
        users u1_0 
    where
        u1_0.Email=?
Hibernate: 
    select
        n1_0.notification_id,
        n1_0.created_at,
        n1_0.is_read,
        n1_0.job_id,
        n1_0.message,
        n1_0.message_km,
        n1_0.title,
        n1_0.title_km,
        n1_0.type,
        n1_0.user_id 
    from
        notification n1_0 
    where
        n1_0.user_id=? 
    order by
        n1_0.created_at desc
Hibernate: 
    select
        u1_0.Userid,
        u1_0.created_at,
        u1_0.DateofBirth,
        u1_0.Email,
        u1_0.Full_name,
        u1_0.Last_name,
        u1_0.Password_hash,
        u1_0.Phone_number,
        u1_0.Profile_image,
        u1_0.ROLE,
        u1_0.STATUS,
        u1_0.updated_at 
    from
        users u1_0 
    where
        u1_0.Email=?
Hibernate: 
    select
        j1_0.id,
        j1_0.address,
        j1_0.assigned_at,
        j1_0.booking_type,
        j1_0.category,
        j1_0.completed_at,
        j1_0.created_at,
        j1_0.customer_name,
        j1_0.customer_phone,
        j1_0.customer_user_id,
        j1_0.description,
        j1_0.lat,
        j1_0.lng,
        j1_0.notes,
        j1_0.scheduled_at,
        j1_0.starting_price,
        j1_0.status,
        j1_0.technician_id 
    from
        job j1_0
